{
  "source": "userInterface",
  "revision": 1,
  "description": null,
  "createdBy": "{}",
  "createdOn": "",
  "modifiedBy": "{}",
  "modifiedOn": "",
  "isDeleted": false,
  "variables": {
    "location": {
      "value": "East US"
    },
    "ResourceGroup": {
      "value": "Website"
    }
  },
  "variableGroups": [],
  "environments": [
    {
      "id": 1,
      "name": "Stage 1",
      "rank": 1,
      "owner": {
        "displayName": "$OwnerDisplayName$",
        "url": "",
        "_links": "{}",
        "id": "$OwnerId$",
        "uniqueName": "$OwnerUniqueName$",
        "imageUrl": "",
        "descriptor": ""
      },
      "variables": {},
      "variableGroups": [],
      "preDeployApprovals": {
        "approvals": [
          {
            "rank": 1,
            "isAutomated": true,
            "isNotificationOn": false,
            "id": 1
          }
        ],
        "approvalOptions": {
          "requiredApproverCount": null,
          "releaseCreatorCanBeApprover": false,
          "autoTriggeredAndPreviousEnvironmentApprovedCanBeSkipped": false,
          "enforceIdentityRevalidation": false,
          "timeoutInMinutes": 0,
          "executionOrder": "beforeGates"
        }
      },
      "deployStep": {
        "id": 2
      },
      "postDeployApprovals": {
        "approvals": [
          {
            "rank": 1,
            "isAutomated": true,
            "isNotificationOn": false,
            "id": 3
          }
        ],
        "approvalOptions": {
          "requiredApproverCount": null,
          "releaseCreatorCanBeApprover": false,
          "autoTriggeredAndPreviousEnvironmentApprovedCanBeSkipped": false,
          "enforceIdentityRevalidation": false,
          "timeoutInMinutes": 0,
          "executionOrder": "afterSuccessfulGates"
        }
      },
      "deployPhases": [
        {
          "deploymentInput": {
            "parallelExecution": {
              "parallelExecutionType": "none"
            },
            "agentSpecification": null,
            "skipArtifactsDownload": false,
            "artifactsDownloadInput": {
              "downloadInputs": []
            },
            "queueId": "$Hosted VS2017$",
            "demands": [],
            "enableAccessToken": false,
            "timeoutInMinutes": 0,
            "jobCancelTimeoutInMinutes": 1,
            "condition": "succeeded()",
            "overrideInputs": {}
          },
          "rank": 1,
          "phaseType": "agentBasedDeployment",
          "name": "Agent job",
          "refName": null,
          "workflowTasks": [
            {
              "environment": {},
              "taskId": "94a74903-f93f-4075-884f-dc11f34058b4",
              "version": "2.*",
              "name": "Deploying Resources",
              "refName": "",
              "enabled": true,
              "alwaysRun": false,
              "continueOnError": false,
              "timeoutInMinutes": 0,
              "definitionType": "task",
              "overrideInputs": {},
              "condition": "succeeded()",
              "inputs": {
                "ConnectedServiceName": "",
                "action": "Create Or Update Resource Group",
                "resourceGroupName": "$(ResourceGroup)",
                "location": "$(location)",
                "templateLocation": "Linked artifact",
                "csmFileLink": "",
                "csmParametersFileLink": "",
                "csmFile": "$(System.DefaultWorkingDirectory)/_SmartHotel_Petchecker-Web/arm/deployment.json",
                "csmParametersFile": "",
                "overrideParameters": "",
                "deploymentMode": "Incremental",
                "enableDeploymentPrerequisites": "None",
                "deploymentGroupEndpoint": "",
                "project": "",
                "deploymentGroupName": "",
                "copyAzureVMTags": "true",
                "runAgentServiceAsUser": "false",
                "userName": "",
                "password": "",
                "outputVariable": "",
                "deploymentName": "",
                "deploymentOutputs": "",
                "addSpnToEnvironment": "false"
              }
            },
            {
              "environment": {},
              "taskId": "584bcff2-3353-4f11-872b-6ba01267a972",
              "version": "5.*",
              "name": "ARM Outputs",
              "refName": "",
              "enabled": true,
              "alwaysRun": false,
              "continueOnError": false,
              "timeoutInMinutes": 0,
              "definitionType": "task",
              "overrideInputs": {},
              "condition": "succeeded()",
              "inputs": {
                "ConnectedServiceNameSelector": "ConnectedServiceNameARM",
                "ConnectedServiceNameARM": "",
                "resourceGroupName": "$(ResourceGroup)",
                "prefix": "",
                "outputNames": "",
                "whenLastDeploymentIsFailed": "fail",
                "deploymentNameFilter": ""
              }
            },
            {
              "environment": {},
              "taskId": "497d490f-eea7-4f2b-ab94-48d9c1acdcb1",
              "version": "4.*",
              "name": "Deploy Azure Function",
              "refName": "",
              "enabled": true,
              "alwaysRun": false,
              "continueOnError": false,
              "timeoutInMinutes": 0,
              "definitionType": null,
              "overrideInputs": {},
              "condition": "succeeded()",
              "inputs": {
                "ConnectionType": "AzureRM",
                "ConnectedServiceName": "",
                "PublishProfilePath": "$(System.DefaultWorkingDirectory)/**/*.pubxml",
                "PublishProfilePassword": "",
                "WebAppKind": "functionApp",
                "WebAppName": "$(function)",
                "DeployToSlotOrASEFlag": "false",
                "ResourceGroupName": "",
                "SlotName": "production",
                "DockerNamespace": "",
                "DockerRepository": "",
                "DockerImageTag": "$(Build.BuildId)",
                "VirtualApplication": "",
                "Package": "$(System.DefaultWorkingDirectory)/_SmartHotel_Petchecker-Web/Function-app/SmartHotel360.WebsiteFunction.zip",
                "RuntimeStack": "",
                "RuntimeStackFunction": "",
                "StartupCommand": "",
                "ScriptType": "",
                "InlineScript": "",
                "ScriptPath": "",
                "WebConfigParameters": "",
                "AppSettings": "",
                "ConfigurationSettings": "",
                "UseWebDeploy": "false",
                "DeploymentType": "webDeploy",
                "TakeAppOfflineFlag": "true",
                "SetParametersFile": "",
                "RemoveAdditionalFilesFlag": "false",
                "ExcludeFilesFromAppDataFlag": "false",
                "AdditionalArguments": "",
                "RenameFilesFlag": "true",
                "XmlTransformation": "false",
                "XmlVariableSubstitution": "false",
                "JSONFiles": ""
              }
            },
            {
              "environment": {},
              "taskId": "497d490f-eea7-4f2b-ab94-48d9c1acdcb1",
              "version": "4.*",
              "name": "Deploy SmartHotel Website",
              "refName": "",
              "enabled": true,
              "alwaysRun": false,
              "continueOnError": false,
              "timeoutInMinutes": 0,
              "definitionType": "task",
              "overrideInputs": {},
              "condition": "succeeded()",
              "inputs": {
                "ConnectionType": "AzureRM",
                "ConnectedServiceName": "",
                "PublishProfilePath": "$(System.DefaultWorkingDirectory)/**/*.pubxml",
                "PublishProfilePassword": "",
                "WebAppKind": "webApp",
                "WebAppName": "$(web)",
                "DeployToSlotOrASEFlag": "false",
                "ResourceGroupName": "",
                "SlotName": "production",
                "DockerNamespace": "",
                "DockerRepository": "",
                "DockerImageTag": "",
                "VirtualApplication": "",
                "Package": "$(System.DefaultWorkingDirectory)/_SmartHotel_Petchecker-Web/web/SmartHotel360.Website.zip",
                "RuntimeStack": "",
                "RuntimeStackFunction": "",
                "StartupCommand": "",
                "ScriptType": "",
                "InlineScript": ":: You can provide your deployment commands here. One command per line.",
                "ScriptPath": "",
                "WebConfigParameters": "",
                "AppSettings": "",
                "ConfigurationSettings": "",
                "UseWebDeploy": "true",
                "DeploymentType": "webDeploy",
                "TakeAppOfflineFlag": "true",
                "SetParametersFile": "",
                "RemoveAdditionalFilesFlag": "true",
                "ExcludeFilesFromAppDataFlag": "false",
                "AdditionalArguments": "",
                "RenameFilesFlag": "false",
                "XmlTransformation": "false",
                "XmlVariableSubstitution": "false",
                "JSONFiles": ""
              }
            }
          ]
        }
      ],
      "environmentOptions": {
        "emailNotificationType": "OnlyOnFailure",
        "emailRecipients": "release.environment.owner;release.creator",
        "skipArtifactsDownload": false,
        "timeoutInMinutes": 0,
        "enableAccessToken": false,
        "publishDeploymentStatus": true,
        "badgeEnabled": false,
        "autoLinkWorkItems": false,
        "pullRequestDeploymentEnabled": false
      },
      "demands": [],
      "conditions": [
        {
          "name": "ReleaseStarted",
          "conditionType": "event",
          "value": ""
        }
      ],
      "executionPolicy": {
        "concurrencyCount": 1,
        "queueDepthCount": 0
      },
      "schedules": [],
      "currentRelease": {
        "id": 0,
        "url": "https://vsrm.dev.azure.com/TestOrgAPIs/118ed59b-5f5d-47e8-a91d-08507376296d/_apis/Release/releases/0",
        "_links": {}
      },
      "retentionPolicy": {
        "daysToKeep": 30,
        "releasesToKeep": 3,
        "retainBuild": true
      },
      "processParameters": {},
      "properties": {},
      "preDeploymentGates": {
        "id": 0,
        "gatesOptions": null,
        "gates": []
      },
      "postDeploymentGates": {
        "id": 0,
        "gatesOptions": null,
        "gates": []
      },
      "environmentTriggers": [],
      "badgeUrl": ""
    }
  ],
  "artifacts": [
    {
      "sourceId": "$ProjectId$:$SmartHotel_Petchecker-Web-id$",
      "type": "Build",
      "alias": "_SmartHotel_Petchecker-Web",
      "definitionReference": {
        "defaultVersionBranch": {
          "id": "",
          "name": ""
        },
        "defaultVersionSpecific": {
          "id": "",
          "name": ""
        },
        "defaultVersionTags": {
          "id": "",
          "name": ""
        },
        "defaultVersionType": {
          "id": "latestType",
          "name": "Latest"
        },
        "definition": {
          "id": "$SmartHotel_Petchecker-Web-id$",
          "name": "SmartHotel_Petchecker-Web"
        },
        "definitions": {
          "id": "",
          "name": ""
        },
        "IsMultiDefinitionType": {
          "id": "False",
          "name": "False"
        },
        "project": {
          "id": "$ProjectId$",
          "name": "$ProjectName$"
        },
        "repository": {
          "id": "",
          "name": ""
        },
        "artifactSourceDefinitionUrl": "{}"
      },
      "isPrimary": true,
      "isRetained": false
    }
  ],
  "triggers": [],
  "releaseNameFormat": "Release-$(rev:r)",
  "tags": [],
  "pipelineProcess": {
    "type": "designer"
  },
  "properties": {
    "DefinitionCreationSource": {
      "$type": "System.String",
      "$value": "Other"
    }
  },
  "id": "",
  "name": "SmartHotel360_Website-Deploy",
  "path": "\\",
  "projectReference": null,
  "url": "",
  "_links": "{}"
}