{
  "count": 6,
  "value": [
    {
      "id": 2484,
      "rev": 2,
      "fields": {
        "System.AreaPath": "SmartHotel36012\\Mobile",
        "System.TeamProject": "SmartHotel36012",
        "System.IterationPath": "SmartHotel36012\\Sprint 2",
        "System.WorkItemType": "Bug",
        "System.State": "Committed",
        "System.Reason": "Commitment made by the team",
        "System.CreatedDate": "2019-06-13T09:03:07.297Z",
        "System.CreatedBy": "Manjunatha N <manjunatha.n@ecanarys.com>",
        "System.ChangedDate": "2019-06-17T10:18:46.83Z",
        "System.ChangedBy": "Manjunatha N <manjunatha.n@ecanarys.com>",
        "System.Title": "Search hotel works only for certain cities",
        "Microsoft.VSTS.Scheduling.Effort": 5.0,
        "System.Description": "Search hotel works only for certain cities",
        "System.AssignedTo": null,
        "Microsoft.VSTS.Scheduling.RemainingWork": 3.0,
        "Microsoft.VSTS.Common.Priority": 2.0,
        "System.BoardLane": null,
        "System.Tags": "Search Hotel Bug",
        "Microsoft.VSTS.TCM.Steps": null,
        "Microsoft.VSTS.TCM.Parameters": null,
        "Microsoft.VSTS.TCM.LocalDataSource": null,
        "Microsoft.VSTS.TCM.AutomationStatus": null,
        "System.History": null
      },
      "relations": [
        {
          "rel": "System.LinkTypes.Hierarchy-Reverse",
          "url": "https://dev.azure.com/TestOrgAPIs/_apis/wit/workItems/2353",
          "attributes": {
            "isLocked": "false",
            "comment": "Making a new link for the dependency",
            "name": "Parent"
          }
        }
      ],
      "url": "https://dev.azure.com/TestOrgAPIs/_apis/wit/workItems/2484"
    },
    {
      "id": 2483,
      "rev": 1,
      "fields": {
        "System.AreaPath": "SmartHotel36012",
        "System.TeamProject": "SmartHotel36012",
        "System.IterationPath": "SmartHotel36012",
        "System.WorkItemType": "Bug",
        "System.State": "New",
        "System.Reason": "New defect reported",
        "System.CreatedDate": "2019-06-13T09:03:06.99Z",
        "System.CreatedBy": "Manjunatha N <manjunatha.n@ecanarys.com>",
        "System.ChangedDate": "2019-06-13T09:03:06.99Z",
        "System.ChangedBy": "Manjunatha N <manjunatha.n@ecanarys.com>",
        "System.Title": "Room lights are not dimming within the app",
        "Microsoft.VSTS.Scheduling.Effort": 0.0,
        "System.Description": "Room lights are not dimming within the app",
        "System.AssignedTo": "lsteel109@outlook.com",
        "Microsoft.VSTS.Scheduling.RemainingWork": 0.0,
        "Microsoft.VSTS.Common.Priority": 2.0,
        "System.BoardLane": null,
        "System.Tags": null,
        "Microsoft.VSTS.TCM.Steps": null,
        "Microsoft.VSTS.TCM.Parameters": null,
        "Microsoft.VSTS.TCM.LocalDataSource": null,
        "Microsoft.VSTS.TCM.AutomationStatus": null,
        "System.History": null
      },
      "relations": [
        {
          "rel": "System.LinkTypes.Hierarchy-Reverse",
          "url": "https://dev.azure.com/TestOrgAPIs/_apis/wit/workItems/2382",
          "attributes": {
            "isLocked": "false",
            "comment": "Making a new link for the dependency",
            "name": "Parent"
          }
        }
      ],
      "url": "https://dev.azure.com/TestOrgAPIs/_apis/wit/workItems/2483"
    },
    {
      "id": 2482,
      "rev": 1,
      "fields": {
        "System.AreaPath": "SmartHotel36012",
        "System.TeamProject": "SmartHotel36012",
        "System.IterationPath": "SmartHotel36012",
        "System.WorkItemType": "Bug",
        "System.State": "New",
        "System.Reason": "New defect reported",
        "System.CreatedDate": "2019-06-13T09:03:06.707Z",
        "System.CreatedBy": "Manjunatha N <manjunatha.n@ecanarys.com>",
        "System.ChangedDate": "2019-06-13T09:03:06.707Z",
        "System.ChangedBy": "Manjunatha N <manjunatha.n@ecanarys.com>",
        "System.Title": "Same face patterns are not recognized",
        "Microsoft.VSTS.Scheduling.Effort": 0.0,
        "System.Description": "Same face patterns are not recognized",
        "System.AssignedTo": "lsteel109@outlook.com",
        "Microsoft.VSTS.Scheduling.RemainingWork": 0.0,
        "Microsoft.VSTS.Common.Priority": 2.0,
        "System.BoardLane": null,
        "System.Tags": null,
        "Microsoft.VSTS.TCM.Steps": null,
        "Microsoft.VSTS.TCM.Parameters": null,
        "Microsoft.VSTS.TCM.LocalDataSource": null,
        "Microsoft.VSTS.TCM.AutomationStatus": null,
        "System.History": null
      },
      "relations": [
        {
          "rel": "System.LinkTypes.Hierarchy-Reverse",
          "url": "https://dev.azure.com/TestOrgAPIs/_apis/wit/workItems/2381",
          "attributes": {
            "isLocked": "false",
            "comment": "Making a new link for the dependency",
            "name": "Parent"
          }
        }
      ],
      "url": "https://dev.azure.com/TestOrgAPIs/_apis/wit/workItems/2482"
    },
    {
      "id": 2481,
      "rev": 1,
      "fields": {
        "System.AreaPath": "SmartHotel36012",
        "System.TeamProject": "SmartHotel36012",
        "System.IterationPath": "SmartHotel36012",
        "System.WorkItemType": "Bug",
        "System.State": "New",
        "System.Reason": "New defect reported",
        "System.CreatedDate": "2019-06-13T09:03:06.417Z",
        "System.CreatedBy": "Manjunatha N <manjunatha.n@ecanarys.com>",
        "System.ChangedDate": "2019-06-13T09:03:06.417Z",
        "System.ChangedBy": "Manjunatha N <manjunatha.n@ecanarys.com>",
        "System.Title": "Services has a bug",
        "Microsoft.VSTS.Scheduling.Effort": 0.0,
        "System.Description": "Services has a bug",
        "System.AssignedTo": "lsteel109@outlook.com",
        "Microsoft.VSTS.Scheduling.RemainingWork": 0.0,
        "Microsoft.VSTS.Common.Priority": 2.0,
        "System.BoardLane": null,
        "System.Tags": null,
        "Microsoft.VSTS.TCM.Steps": null,
        "Microsoft.VSTS.TCM.Parameters": null,
        "Microsoft.VSTS.TCM.LocalDataSource": null,
        "Microsoft.VSTS.TCM.AutomationStatus": null,
        "System.History": null
      },
      "relations": [
        {
          "rel": "System.LinkTypes.Hierarchy-Reverse",
          "url": "https://dev.azure.com/TestOrgAPIs/_apis/wit/workItems/2372",
          "attributes": {
            "isLocked": "false",
            "comment": "Making a new link for the dependency",
            "name": "Parent"
          }
        }
      ],
      "url": "https://dev.azure.com/TestOrgAPIs/_apis/wit/workItems/2481"
    },
    {
      "id": 2480,
      "rev": 1,
      "fields": {
        "System.AreaPath": "SmartHotel36012",
        "System.TeamProject": "SmartHotel36012",
        "System.IterationPath": "SmartHotel36012",
        "System.WorkItemType": "Bug",
        "System.State": "New",
        "System.Reason": "New defect reported",
        "System.CreatedDate": "2019-06-13T09:03:06.13Z",
        "System.CreatedBy": "Manjunatha N <manjunatha.n@ecanarys.com>",
        "System.ChangedDate": "2019-06-13T09:03:06.13Z",
        "System.ChangedBy": "Manjunatha N <manjunatha.n@ecanarys.com>",
        "System.Title": "Unable to connect through 3G network",
        "Microsoft.VSTS.Scheduling.Effort": 0.0,
        "System.Description": "Unable to connect through 3G network",
        "System.AssignedTo": null,
        "Microsoft.VSTS.Scheduling.RemainingWork": 0.0,
        "Microsoft.VSTS.Common.Priority": 2.0,
        "System.BoardLane": null,
        "System.Tags": null,
        "Microsoft.VSTS.TCM.Steps": null,
        "Microsoft.VSTS.TCM.Parameters": null,
        "Microsoft.VSTS.TCM.LocalDataSource": null,
        "Microsoft.VSTS.TCM.AutomationStatus": null,
        "System.History": null
      },
      "relations": [
        {
          "rel": "System.LinkTypes.Hierarchy-Reverse",
          "url": "https://dev.azure.com/TestOrgAPIs/_apis/wit/workItems/2368",
          "attributes": {
            "isLocked": "false",
            "comment": "Making a new link for the dependency",
            "name": "Parent"
          }
        }
      ],
      "url": "https://dev.azure.com/TestOrgAPIs/_apis/wit/workItems/2480"
    },
    {
      "id": 2479,
      "rev": 1,
      "fields": {
        "System.AreaPath": "SmartHotel36012",
        "System.TeamProject": "SmartHotel36012",
        "System.IterationPath": "SmartHotel36012\\Sprint 5",
        "System.WorkItemType": "Bug",
        "System.State": "New",
        "System.Reason": "New defect reported",
        "System.CreatedDate": "2019-06-13T09:03:05.827Z",
        "System.CreatedBy": "Manjunatha N <manjunatha.n@ecanarys.com>",
        "System.ChangedDate": "2019-06-13T09:03:05.827Z",
        "System.ChangedBy": "Manjunatha N <manjunatha.n@ecanarys.com>",
        "System.Title": "Lengthy usernames not accepted",
        "Microsoft.VSTS.Scheduling.Effort": 5.0,
        "System.Description": "Demo is long!",
        "System.AssignedTo": "nmunger109@outlook.com",
        "Microsoft.VSTS.Scheduling.RemainingWork": 0.0,
        "Microsoft.VSTS.Common.Priority": 2.0,
        "System.BoardLane": null,
        "System.Tags": "Bug; Guests",
        "Microsoft.VSTS.TCM.Steps": null,
        "Microsoft.VSTS.TCM.Parameters": null,
        "Microsoft.VSTS.TCM.LocalDataSource": null,
        "Microsoft.VSTS.TCM.AutomationStatus": null,
        "System.History": null
      },
      "relations": [
        {
          "rel": "System.LinkTypes.Hierarchy-Reverse",
          "url": "https://dev.azure.com/TestOrgAPIs/_apis/wit/workItems/2353",
          "attributes": {
            "isLocked": "false",
            "comment": "Making a new link for the dependency",
            "name": "Parent"
          }
        }
      ],
      "url": "https://dev.azure.com/TestOrgAPIs/_apis/wit/workItems/2479"
    }
  ],
  "HttpStatusCode": 0,
  "Message": null
}