{
  "count": 2,
  "value": [
    {
      "id": 2486,
      "rev": 2,
      "fields": {
        "System.AreaPath": "SmartHotel36012",
        "System.TeamProject": "SmartHotel36012",
        "System.IterationPath": "SmartHotel36012",
        "System.WorkItemType": "Epic",
        "System.State": "New",
        "System.Reason": "New epic",
        "System.CreatedDate": "2019-06-13T09:03:07.88Z",
        "System.CreatedBy": "Manjunatha N <manjunatha.n@ecanarys.com>",
        "System.ChangedDate": "2019-06-17T10:18:18.253Z",
        "System.ChangedBy": "Manjunatha N <manjunatha.n@ecanarys.com>",
        "System.Title": "Web Experience",
        "Microsoft.VSTS.Scheduling.Effort": 0.0,
        "System.Description": "Web Experience",
        "System.AssignedTo": "ckelly109@outlook.com",
        "Microsoft.VSTS.Scheduling.RemainingWork": 0.0,
        "Microsoft.VSTS.Common.Priority": 2.0,
        "System.BoardLane": null,
        "System.Tags": null,
        "Microsoft.VSTS.TCM.Steps": null,
        "Microsoft.VSTS.TCM.Parameters": null,
        "Microsoft.VSTS.TCM.LocalDataSource": null,
        "Microsoft.VSTS.TCM.AutomationStatus": null,
        "System.History": null
      },
      "relations": [
        {
          "rel": "System.LinkTypes.Hierarchy-Forward",
          "url": "https://dev.azure.com/TestOrgAPIs/_apis/wit/workItems/2354",
          "attributes": {
            "isLocked": "false",
            "comment": "Making a new link for the dependency",
            "name": "Child"
          }
        },
        {
          "rel": "System.LinkTypes.Hierarchy-Forward",
          "url": "https://dev.azure.com/TestOrgAPIs/_apis/wit/workItems/2355",
          "attributes": {
            "isLocked": "false",
            "comment": "Making a new link for the dependency",
            "name": "Child"
          }
        },
        {
          "rel": "System.LinkTypes.Hierarchy-Forward",
          "url": "https://dev.azure.com/TestOrgAPIs/_apis/wit/workItems/2356",
          "attributes": {
            "isLocked": "false",
            "comment": "Making a new link for the dependency",
            "name": "Child"
          }
        }
      ],
      "url": "https://dev.azure.com/TestOrgAPIs/_apis/wit/workItems/2486"
    },
    {
      "id": 2485,
      "rev": 2,
      "fields": {
        "System.AreaPath": "SmartHotel36012",
        "System.TeamProject": "SmartHotel36012",
        "System.IterationPath": "SmartHotel36012",
        "System.WorkItemType": "Epic",
        "System.State": "New",
        "System.Reason": "New epic",
        "System.CreatedDate": "2019-06-13T09:03:07.593Z",
        "System.CreatedBy": "Manjunatha N <manjunatha.n@ecanarys.com>",
        "System.ChangedDate": "2019-06-17T10:18:18.253Z",
        "System.ChangedBy": "Manjunatha N <manjunatha.n@ecanarys.com>",
        "System.Title": "Smartphone Experience",
        "Microsoft.VSTS.Scheduling.Effort": 0.0,
        "System.Description": "Smartphone Experience",
        "System.AssignedTo": null,
        "Microsoft.VSTS.Scheduling.RemainingWork": 0.0,
        "Microsoft.VSTS.Common.Priority": 2.0,
        "System.BoardLane": null,
        "System.Tags": null,
        "Microsoft.VSTS.TCM.Steps": null,
        "Microsoft.VSTS.TCM.Parameters": null,
        "Microsoft.VSTS.TCM.LocalDataSource": null,
        "Microsoft.VSTS.TCM.AutomationStatus": null,
        "System.History": null
      },
      "relations": [
        {
          "rel": "System.LinkTypes.Hierarchy-Forward",
          "url": "https://dev.azure.com/TestOrgAPIs/_apis/wit/workItems/2357",
          "attributes": {
            "isLocked": "false",
            "comment": "Making a new link for the dependency",
            "name": "Child"
          }
        },
        {
          "rel": "System.LinkTypes.Hierarchy-Forward",
          "url": "https://dev.azure.com/TestOrgAPIs/_apis/wit/workItems/2353",
          "attributes": {
            "isLocked": "false",
            "comment": "Making a new link for the dependency",
            "name": "Child"
          }
        }
      ],
      "url": "https://dev.azure.com/TestOrgAPIs/_apis/wit/workItems/2485"
    }
  ],
  "HttpStatusCode": 0,
  "Message": null
}