{
  "count": 26,
  "value": [
    {
      "id": 2378,
      "rev": 3,
      "fields": {
        "System.AreaPath": "SmartHotel36012\\Mobile",
        "System.TeamProject": "SmartHotel36012",
        "System.IterationPath": "SmartHotel36012\\Sprint 2",
        "System.WorkItemType": "Product Backlog Item",
        "System.State": "Committed",
        "System.Reason": "Commitment made by the team",
        "System.CreatedDate": "2019-06-13T09:02:31.893Z",
        "System.CreatedBy": "Manjunatha N <manjunatha.n@ecanarys.com>",
        "System.ChangedDate": "2019-06-17T10:18:46.83Z",
        "System.ChangedBy": "Manjunatha N <manjunatha.n@ecanarys.com>",
        "System.Title": "As a front-desk admin, I should be able to print breakfast coupons",
        "Microsoft.VSTS.Scheduling.Effort": 5.0,
        "System.Description": "As a front-desk admin, I should be able to print breakfast coupons such that:<div><br></div><div>1. Complementary breakfast coupons should be provided for each checked-in guest</div><div>2. Guest names should be printed so that it is non transferable</div><div>3. Coupons should have unique barcode</div><div><br></div>",
        "System.AssignedTo": null,
        "Microsoft.VSTS.Scheduling.RemainingWork": 0.0,
        "Microsoft.VSTS.Common.Priority": 1.0,
        "System.BoardLane": null,
        "System.Tags": "Admin; Coupons",
        "Microsoft.VSTS.TCM.Steps": null,
        "Microsoft.VSTS.TCM.Parameters": null,
        "Microsoft.VSTS.TCM.LocalDataSource": null,
        "Microsoft.VSTS.TCM.AutomationStatus": null,
        "System.History": null
      },
      "relations": [
        {
          "rel": "System.LinkTypes.Hierarchy-Reverse",
          "url": "https://dev.azure.com/TestOrgAPIs/_apis/wit/workItems/2356",
          "attributes": {
            "isLocked": "false",
            "comment": "Making a new link for the dependency",
            "name": "Parent"
          }
        },
        {
          "rel": "System.LinkTypes.Hierarchy-Forward",
          "url": "https://dev.azure.com/TestOrgAPIs/_apis/wit/workItems/2425",
          "attributes": {
            "isLocked": "false",
            "comment": "Making a new link for the dependency",
            "name": "Child"
          }
        },
        {
          "rel": "System.LinkTypes.Hierarchy-Forward",
          "url": "https://dev.azure.com/TestOrgAPIs/_apis/wit/workItems/2436",
          "attributes": {
            "isLocked": "false",
            "comment": "Making a new link for the dependency",
            "name": "Child"
          }
        },
        {
          "rel": "System.LinkTypes.Hierarchy-Forward",
          "url": "https://dev.azure.com/TestOrgAPIs/_apis/wit/workItems/2390",
          "attributes": {
            "isLocked": "false",
            "comment": "Making a new link for the dependency",
            "name": "Child"
          }
        },
        {
          "rel": "ArtifactLink",
          "url": "vstfs:///Git/PullRequestId/cf20ba8d-265d-4e08-8eae-244dca8002c7%2F26b80411-f31b-488e-a08f-577077cdc4d5%2F12",
          "attributes": {
            "authorizedDate": "2019-06-13T09:03:30.597Z",
            "id": "1833298",
            "resourceCreatedDate": "2019-06-13T09:03:30.597Z",
            "resourceModifiedDate": "2019-06-13T09:03:30.597Z",
            "revisedDate": "9999-01-01T00:00:00Z",
            "name": "Pull Request"
          }
        }
      ],
      "url": "https://dev.azure.com/TestOrgAPIs/_apis/wit/workItems/2378"
    },
    {
      "id": 2366,
      "rev": 2,
      "fields": {
        "System.AreaPath": "SmartHotel36012\\Mobile",
        "System.TeamProject": "SmartHotel36012",
        "System.IterationPath": "SmartHotel36012\\Sprint 4",
        "System.WorkItemType": "Product Backlog Item",
        "System.State": "New",
        "System.Reason": "Moved to the backlog",
        "System.CreatedDate": "2019-06-13T09:02:28.053Z",
        "System.CreatedBy": "Manjunatha N <manjunatha.n@ecanarys.com>",
        "System.ChangedDate": "2019-06-17T10:18:46.83Z",
        "System.ChangedBy": "Manjunatha N <manjunatha.n@ecanarys.com>",
        "System.Title": "As a customer, I should be able to change reservation time",
        "Microsoft.VSTS.Scheduling.Effort": 10.0,
        "System.Description": "Change reservation time",
        "System.AssignedTo": "lsteel109@outlook.com",
        "Microsoft.VSTS.Scheduling.RemainingWork": 0.0,
        "Microsoft.VSTS.Common.Priority": 2.0,
        "System.BoardLane": null,
        "System.Tags": "Guests; Reservation",
        "Microsoft.VSTS.TCM.Steps": null,
        "Microsoft.VSTS.TCM.Parameters": null,
        "Microsoft.VSTS.TCM.LocalDataSource": null,
        "Microsoft.VSTS.TCM.AutomationStatus": null,
        "System.History": null
      },
      "relations": [
        {
          "rel": "System.LinkTypes.Hierarchy-Forward",
          "url": "https://dev.azure.com/TestOrgAPIs/_apis/wit/workItems/2399",
          "attributes": {
            "isLocked": "false",
            "comment": "Making a new link for the dependency",
            "name": "Child"
          }
        },
        {
          "rel": "Microsoft.VSTS.Common.TestedBy-Forward",
          "url": "https://dev.azure.com/TestOrgAPIs/_apis/wit/workItems/2471",
          "attributes": {
            "isLocked": "false",
            "comment": "Making a new link for the dependency",
            "name": "Tested By"
          }
        },
        {
          "rel": "Microsoft.VSTS.Common.TestedBy-Forward",
          "url": "https://dev.azure.com/TestOrgAPIs/_apis/wit/workItems/2466",
          "attributes": {
            "isLocked": "false",
            "comment": "Making a new link for the dependency",
            "name": "Tested By"
          }
        },
        {
          "rel": "System.LinkTypes.Hierarchy-Reverse",
          "url": "https://dev.azure.com/TestOrgAPIs/_apis/wit/workItems/2354",
          "attributes": {
            "isLocked": "false",
            "comment": "Making a new link for the dependency",
            "name": "Parent"
          }
        }
      ],
      "url": "https://dev.azure.com/TestOrgAPIs/_apis/wit/workItems/2366"
    },
    {
      "id": 2364,
      "rev": 2,
      "fields": {
        "System.AreaPath": "SmartHotel36012\\Mobile",
        "System.TeamProject": "SmartHotel36012",
        "System.IterationPath": "SmartHotel36012\\Sprint 4",
        "System.WorkItemType": "Product Backlog Item",
        "System.State": "New",
        "System.Reason": "Moved to the backlog",
        "System.CreatedDate": "2019-06-13T09:02:27.103Z",
        "System.CreatedBy": "Manjunatha N <manjunatha.n@ecanarys.com>",
        "System.ChangedDate": "2019-06-17T10:18:46.83Z",
        "System.ChangedBy": "Manjunatha N <manjunatha.n@ecanarys.com>",
        "System.Title": "As a customer, I should be able to a reserve car",
        "Microsoft.VSTS.Scheduling.Effort": 15.0,
        "System.Description": "As a customer, I should be able to a reserve car such that:<div><br></div><div>1. Car can be reserved and paid through the hotel</div>",
        "System.AssignedTo": "nmunger109@outlook.com",
        "Microsoft.VSTS.Scheduling.RemainingWork": 0.0,
        "Microsoft.VSTS.Common.Priority": 2.0,
        "System.BoardLane": null,
        "System.Tags": "Reservation",
        "Microsoft.VSTS.TCM.Steps": null,
        "Microsoft.VSTS.TCM.Parameters": null,
        "Microsoft.VSTS.TCM.LocalDataSource": null,
        "Microsoft.VSTS.TCM.AutomationStatus": null,
        "System.History": null
      },
      "relations": [
        {
          "rel": "System.LinkTypes.Hierarchy-Forward",
          "url": "https://dev.azure.com/TestOrgAPIs/_apis/wit/workItems/2388",
          "attributes": {
            "isLocked": "false",
            "comment": "Making a new link for the dependency",
            "name": "Child"
          }
        },
        {
          "rel": "System.LinkTypes.Hierarchy-Reverse",
          "url": "https://dev.azure.com/TestOrgAPIs/_apis/wit/workItems/2355",
          "attributes": {
            "isLocked": "false",
            "comment": "Making a new link for the dependency",
            "name": "Parent"
          }
        }
      ],
      "url": "https://dev.azure.com/TestOrgAPIs/_apis/wit/workItems/2364"
    },
    {
      "id": 2358,
      "rev": 2,
      "fields": {
        "System.AreaPath": "SmartHotel36012\\Mobile",
        "System.TeamProject": "SmartHotel36012",
        "System.IterationPath": "SmartHotel36012\\Sprint 3",
        "System.WorkItemType": "Product Backlog Item",
        "System.State": "New",
        "System.Reason": "Moved to the backlog",
        "System.CreatedDate": "2019-06-13T09:02:25.03Z",
        "System.CreatedBy": "Manjunatha N <manjunatha.n@ecanarys.com>",
        "System.ChangedDate": "2019-06-17T10:18:46.83Z",
        "System.ChangedBy": "Manjunatha N <manjunatha.n@ecanarys.com>",
        "System.Title": "As a customer, I should be able to update conference room reservation",
        "Microsoft.VSTS.Scheduling.Effort": 8.0,
        "System.Description": "As a customer, I should be able to update conference room reservation such that:<div><br></div><div>1. When a conference room is already reserved, an update option should be available<br><div><br></div><div><br></div></div>",
        "System.AssignedTo": "craig109@outlook.com",
        "Microsoft.VSTS.Scheduling.RemainingWork": 0.0,
        "Microsoft.VSTS.Common.Priority": 2.0,
        "System.BoardLane": null,
        "System.Tags": "Admin; Business Meetings; Reservation",
        "Microsoft.VSTS.TCM.Steps": null,
        "Microsoft.VSTS.TCM.Parameters": null,
        "Microsoft.VSTS.TCM.LocalDataSource": null,
        "Microsoft.VSTS.TCM.AutomationStatus": null,
        "System.History": null
      },
      "relations": [
        {
          "rel": "System.LinkTypes.Hierarchy-Forward",
          "url": "https://dev.azure.com/TestOrgAPIs/_apis/wit/workItems/2401",
          "attributes": {
            "isLocked": "false",
            "comment": "Making a new link for the dependency",
            "name": "Child"
          }
        },
        {
          "rel": "System.LinkTypes.Hierarchy-Forward",
          "url": "https://dev.azure.com/TestOrgAPIs/_apis/wit/workItems/2400",
          "attributes": {
            "isLocked": "false",
            "comment": "Making a new link for the dependency",
            "name": "Child"
          }
        },
        {
          "rel": "System.LinkTypes.Hierarchy-Reverse",
          "url": "https://dev.azure.com/TestOrgAPIs/_apis/wit/workItems/2354",
          "attributes": {
            "isLocked": "false",
            "comment": "Making a new link for the dependency",
            "name": "Parent"
          }
        }
      ],
      "url": "https://dev.azure.com/TestOrgAPIs/_apis/wit/workItems/2358"
    },
    {
      "id": 2365,
      "rev": 2,
      "fields": {
        "System.AreaPath": "SmartHotel36012\\Web",
        "System.TeamProject": "SmartHotel36012",
        "System.IterationPath": "SmartHotel36012\\Sprint 3",
        "System.WorkItemType": "Product Backlog Item",
        "System.State": "New",
        "System.Reason": "Moved to the backlog",
        "System.CreatedDate": "2019-06-13T09:02:27.62Z",
        "System.CreatedBy": "Manjunatha N <manjunatha.n@ecanarys.com>",
        "System.ChangedDate": "2019-06-17T10:18:12.373Z",
        "System.ChangedBy": "Manjunatha N <manjunatha.n@ecanarys.com>",
        "System.Title": "As a hotel manager, I should be able to view current guest list",
        "Microsoft.VSTS.Scheduling.Effort": 10.0,
        "System.Description": "Show current guests list such that it includes:<div><br></div><div>1. Guest first and last name</div><div>2. Check-in and check-out date</div><div><br></div>",
        "System.AssignedTo": "ckelly109@outlook.com",
        "Microsoft.VSTS.Scheduling.RemainingWork": 0.0,
        "Microsoft.VSTS.Common.Priority": 2.0,
        "System.BoardLane": null,
        "System.Tags": "Admin; Privacy",
        "Microsoft.VSTS.TCM.Steps": null,
        "Microsoft.VSTS.TCM.Parameters": null,
        "Microsoft.VSTS.TCM.LocalDataSource": null,
        "Microsoft.VSTS.TCM.AutomationStatus": null,
        "System.History": null
      },
      "relations": [
        {
          "rel": "System.LinkTypes.Hierarchy-Forward",
          "url": "https://dev.azure.com/TestOrgAPIs/_apis/wit/workItems/2423",
          "attributes": {
            "isLocked": "false",
            "comment": "Making a new link for the dependency",
            "name": "Child"
          }
        },
        {
          "rel": "System.LinkTypes.Hierarchy-Reverse",
          "url": "https://dev.azure.com/TestOrgAPIs/_apis/wit/workItems/2356",
          "attributes": {
            "isLocked": "false",
            "comment": "Making a new link for the dependency",
            "name": "Parent"
          }
        },
        {
          "rel": "System.LinkTypes.Hierarchy-Forward",
          "url": "https://dev.azure.com/TestOrgAPIs/_apis/wit/workItems/2421",
          "attributes": {
            "isLocked": "false",
            "comment": "Making a new link for the dependency",
            "name": "Child"
          }
        },
        {
          "rel": "System.LinkTypes.Hierarchy-Forward",
          "url": "https://dev.azure.com/TestOrgAPIs/_apis/wit/workItems/2420",
          "attributes": {
            "isLocked": "false",
            "comment": "Making a new link for the dependency",
            "name": "Child"
          }
        }
      ],
      "url": "https://dev.azure.com/TestOrgAPIs/_apis/wit/workItems/2365"
    },
    {
      "id": 2383,
      "rev": 1,
      "fields": {
        "System.AreaPath": "SmartHotel36012",
        "System.TeamProject": "SmartHotel36012",
        "System.IterationPath": "SmartHotel36012\\Sprint 2",
        "System.WorkItemType": "Product Backlog Item",
        "System.State": "Approved",
        "System.Reason": "Approved by the Product Owner",
        "System.CreatedDate": "2019-06-13T09:02:34.077Z",
        "System.CreatedBy": "Manjunatha N <manjunatha.n@ecanarys.com>",
        "System.ChangedDate": "2019-06-13T09:02:34.077Z",
        "System.ChangedBy": "Manjunatha N <manjunatha.n@ecanarys.com>",
        "System.Title": "As a customer, I should be able to have a keyless entry to my room via smartphone",
        "Microsoft.VSTS.Scheduling.Effort": 10.0,
        "System.Description": "The hotel should configure the room key to the guest's mobile phone. With a single download, guests should be able to check-in and gain access to their hotel room and hotel amenities.",
        "System.AssignedTo": "ckelly109@outlook.com",
        "Microsoft.VSTS.Scheduling.RemainingWork": 0.0,
        "Microsoft.VSTS.Common.Priority": 2.0,
        "System.BoardLane": null,
        "System.Tags": "Guests; keyless; smartphone",
        "Microsoft.VSTS.TCM.Steps": null,
        "Microsoft.VSTS.TCM.Parameters": null,
        "Microsoft.VSTS.TCM.LocalDataSource": null,
        "Microsoft.VSTS.TCM.AutomationStatus": null,
        "System.History": null
      },
      "relations": [
        {
          "rel": "System.LinkTypes.Hierarchy-Forward",
          "url": "https://dev.azure.com/TestOrgAPIs/_apis/wit/workItems/2433",
          "attributes": {
            "isLocked": "false",
            "comment": "Making a new link for the dependency",
            "name": "Child"
          }
        },
        {
          "rel": "System.LinkTypes.Hierarchy-Forward",
          "url": "https://dev.azure.com/TestOrgAPIs/_apis/wit/workItems/2415",
          "attributes": {
            "isLocked": "false",
            "comment": "Making a new link for the dependency",
            "name": "Child"
          }
        },
        {
          "rel": "System.LinkTypes.Hierarchy-Forward",
          "url": "https://dev.azure.com/TestOrgAPIs/_apis/wit/workItems/2453",
          "attributes": {
            "isLocked": "false",
            "comment": "Making a new link for the dependency",
            "name": "Child"
          }
        },
        {
          "rel": "System.LinkTypes.Hierarchy-Reverse",
          "url": "https://dev.azure.com/TestOrgAPIs/_apis/wit/workItems/2357",
          "attributes": {
            "isLocked": "false",
            "comment": "Making a new link for the dependency",
            "name": "Parent"
          }
        },
        {
          "rel": "System.LinkTypes.Hierarchy-Forward",
          "url": "https://dev.azure.com/TestOrgAPIs/_apis/wit/workItems/2414",
          "attributes": {
            "isLocked": "false",
            "comment": "Making a new link for the dependency",
            "name": "Child"
          }
        }
      ],
      "url": "https://dev.azure.com/TestOrgAPIs/_apis/wit/workItems/2383"
    },
    {
      "id": 2382,
      "rev": 1,
      "fields": {
        "System.AreaPath": "SmartHotel36012",
        "System.TeamProject": "SmartHotel36012",
        "System.IterationPath": "SmartHotel36012\\Sprint 2",
        "System.WorkItemType": "Product Backlog Item",
        "System.State": "Approved",
        "System.Reason": "Approved by the Product Owner",
        "System.CreatedDate": "2019-06-13T09:02:33.167Z",
        "System.CreatedBy": "Manjunatha N <manjunatha.n@ecanarys.com>",
        "System.ChangedDate": "2019-06-13T09:02:33.167Z",
        "System.ChangedBy": "Manjunatha N <manjunatha.n@ecanarys.com>",
        "System.Title": "As a room guest, I should be able to control my room's lighting within the app",
        "Microsoft.VSTS.Scheduling.Effort": 15.0,
        "System.Description": "The guest should be able to control the room lighting and welcome light. When the room is empty, the lights should be out.&nbsp; When the guest enters the room, a welcome light should be on automatically. Sensor can be motion-based, daylight-sensing or a combination and placed in aisles, bathrooms, elevators, seating areas, conference rooms and more.&nbsp;",
        "System.AssignedTo": "ckelly109@outlook.com",
        "Microsoft.VSTS.Scheduling.RemainingWork": 0.0,
        "Microsoft.VSTS.Common.Priority": 2.0,
        "System.BoardLane": null,
        "System.Tags": "App; Guests; Lights; Rooms [List]",
        "Microsoft.VSTS.TCM.Steps": null,
        "Microsoft.VSTS.TCM.Parameters": null,
        "Microsoft.VSTS.TCM.LocalDataSource": null,
        "Microsoft.VSTS.TCM.AutomationStatus": null,
        "System.History": null
      },
      "relations": [
        {
          "rel": "System.LinkTypes.Hierarchy-Forward",
          "url": "https://dev.azure.com/TestOrgAPIs/_apis/wit/workItems/2483",
          "attributes": {
            "isLocked": "false",
            "comment": "Making a new link for the dependency",
            "name": "Child"
          }
        },
        {
          "rel": "System.LinkTypes.Hierarchy-Forward",
          "url": "https://dev.azure.com/TestOrgAPIs/_apis/wit/workItems/2451",
          "attributes": {
            "isLocked": "false",
            "comment": "Making a new link for the dependency",
            "name": "Child"
          }
        },
        {
          "rel": "System.LinkTypes.Hierarchy-Forward",
          "url": "https://dev.azure.com/TestOrgAPIs/_apis/wit/workItems/2408",
          "attributes": {
            "isLocked": "false",
            "comment": "Making a new link for the dependency",
            "name": "Child"
          }
        },
        {
          "rel": "System.LinkTypes.Hierarchy-Reverse",
          "url": "https://dev.azure.com/TestOrgAPIs/_apis/wit/workItems/2357",
          "attributes": {
            "isLocked": "false",
            "comment": "Making a new link for the dependency",
            "name": "Parent"
          }
        },
        {
          "rel": "System.LinkTypes.Hierarchy-Forward",
          "url": "https://dev.azure.com/TestOrgAPIs/_apis/wit/workItems/2418",
          "attributes": {
            "isLocked": "false",
            "comment": "Making a new link for the dependency",
            "name": "Child"
          }
        },
        {
          "rel": "System.LinkTypes.Hierarchy-Forward",
          "url": "https://dev.azure.com/TestOrgAPIs/_apis/wit/workItems/2432",
          "attributes": {
            "isLocked": "false",
            "comment": "Making a new link for the dependency",
            "name": "Child"
          }
        }
      ],
      "url": "https://dev.azure.com/TestOrgAPIs/_apis/wit/workItems/2382"
    },
    {
      "id": 2381,
      "rev": 1,
      "fields": {
        "System.AreaPath": "SmartHotel36012",
        "System.TeamProject": "SmartHotel36012",
        "System.IterationPath": "SmartHotel36012\\Sprint 2",
        "System.WorkItemType": "Product Backlog Item",
        "System.State": "Approved",
        "System.Reason": "Approved by the Product Owner",
        "System.CreatedDate": "2019-06-13T09:02:32.847Z",
        "System.CreatedBy": "Manjunatha N <manjunatha.n@ecanarys.com>",
        "System.ChangedDate": "2019-06-13T09:02:32.847Z",
        "System.ChangedBy": "Manjunatha N <manjunatha.n@ecanarys.com>",
        "System.Title": "As a room guest, I should be able to enter the room with facial recognition",
        "Microsoft.VSTS.Scheduling.Effort": 30.0,
        "System.Description": "The guests should be able to check into their room with a quick scan of their face. To use the new feature, hotel guests must first scan their IDs, get their face scanned, and then add their contact details. Once the guest's booking information and identity have been confirmed, a room key will be presented.",
        "System.AssignedTo": "lsteel109@outlook.com",
        "Microsoft.VSTS.Scheduling.RemainingWork": 0.0,
        "Microsoft.VSTS.Common.Priority": 2.0,
        "System.BoardLane": null,
        "System.Tags": "Authorization; Facial Recognition; Guests",
        "Microsoft.VSTS.TCM.Steps": null,
        "Microsoft.VSTS.TCM.Parameters": null,
        "Microsoft.VSTS.TCM.LocalDataSource": null,
        "Microsoft.VSTS.TCM.AutomationStatus": null,
        "System.History": null
      },
      "relations": [
        {
          "rel": "System.LinkTypes.Hierarchy-Forward",
          "url": "https://dev.azure.com/TestOrgAPIs/_apis/wit/workItems/2429",
          "attributes": {
            "isLocked": "false",
            "comment": "Making a new link for the dependency",
            "name": "Child"
          }
        },
        {
          "rel": "System.LinkTypes.Hierarchy-Forward",
          "url": "https://dev.azure.com/TestOrgAPIs/_apis/wit/workItems/2407",
          "attributes": {
            "isLocked": "false",
            "comment": "Making a new link for the dependency",
            "name": "Child"
          }
        },
        {
          "rel": "System.LinkTypes.Hierarchy-Forward",
          "url": "https://dev.azure.com/TestOrgAPIs/_apis/wit/workItems/2413",
          "attributes": {
            "isLocked": "false",
            "comment": "Making a new link for the dependency",
            "name": "Child"
          }
        },
        {
          "rel": "System.LinkTypes.Hierarchy-Forward",
          "url": "https://dev.azure.com/TestOrgAPIs/_apis/wit/workItems/2431",
          "attributes": {
            "isLocked": "false",
            "comment": "Making a new link for the dependency",
            "name": "Child"
          }
        },
        {
          "rel": "System.LinkTypes.Hierarchy-Forward",
          "url": "https://dev.azure.com/TestOrgAPIs/_apis/wit/workItems/2430",
          "attributes": {
            "isLocked": "false",
            "comment": "Making a new link for the dependency",
            "name": "Child"
          }
        },
        {
          "rel": "System.LinkTypes.Hierarchy-Reverse",
          "url": "https://dev.azure.com/TestOrgAPIs/_apis/wit/workItems/2357",
          "attributes": {
            "isLocked": "false",
            "comment": "Making a new link for the dependency",
            "name": "Parent"
          }
        },
        {
          "rel": "System.LinkTypes.Hierarchy-Forward",
          "url": "https://dev.azure.com/TestOrgAPIs/_apis/wit/workItems/2406",
          "attributes": {
            "isLocked": "false",
            "comment": "Making a new link for the dependency",
            "name": "Child"
          }
        },
        {
          "rel": "System.LinkTypes.Hierarchy-Forward",
          "url": "https://dev.azure.com/TestOrgAPIs/_apis/wit/workItems/2482",
          "attributes": {
            "isLocked": "false",
            "comment": "Making a new link for the dependency",
            "name": "Child"
          }
        }
      ],
      "url": "https://dev.azure.com/TestOrgAPIs/_apis/wit/workItems/2381"
    },
    {
      "id": 2380,
      "rev": 1,
      "fields": {
        "System.AreaPath": "SmartHotel36012",
        "System.TeamProject": "SmartHotel36012",
        "System.IterationPath": "SmartHotel36012\\Sprint 2",
        "System.WorkItemType": "Product Backlog Item",
        "System.State": "Approved",
        "System.Reason": "Approved by the Product Owner",
        "System.CreatedDate": "2019-06-13T09:02:32.517Z",
        "System.CreatedBy": "Manjunatha N <manjunatha.n@ecanarys.com>",
        "System.ChangedDate": "2019-06-13T09:02:32.517Z",
        "System.ChangedBy": "Manjunatha N <manjunatha.n@ecanarys.com>",
        "System.Title": "As a customer, I should be able to use Bluetooth-enabled IoT Beacon sensors for registration",
        "Microsoft.VSTS.Scheduling.Effort": 12.0,
        "System.Description": "As a user, I should be able to able to use Bluetooth-enabled IoT Beacon sensors for registration such that:<div><br></div><div>1. As soon as a guest enters the hotel lobby, he should be registered automatically</div>",
        "System.AssignedTo": "craig109@outlook.com",
        "Microsoft.VSTS.Scheduling.RemainingWork": 0.0,
        "Microsoft.VSTS.Common.Priority": 2.0,
        "System.BoardLane": null,
        "System.Tags": "Registration",
        "Microsoft.VSTS.TCM.Steps": null,
        "Microsoft.VSTS.TCM.Parameters": null,
        "Microsoft.VSTS.TCM.LocalDataSource": null,
        "Microsoft.VSTS.TCM.AutomationStatus": null,
        "System.History": null
      },
      "relations": [
        {
          "rel": "System.LinkTypes.Hierarchy-Reverse",
          "url": "https://dev.azure.com/TestOrgAPIs/_apis/wit/workItems/2357",
          "attributes": {
            "isLocked": "false",
            "comment": "Making a new link for the dependency",
            "name": "Parent"
          }
        },
        {
          "rel": "System.LinkTypes.Hierarchy-Forward",
          "url": "https://dev.azure.com/TestOrgAPIs/_apis/wit/workItems/2391",
          "attributes": {
            "isLocked": "false",
            "comment": "Making a new link for the dependency",
            "name": "Child"
          }
        },
        {
          "rel": "System.LinkTypes.Hierarchy-Forward",
          "url": "https://dev.azure.com/TestOrgAPIs/_apis/wit/workItems/2427",
          "attributes": {
            "isLocked": "false",
            "comment": "Making a new link for the dependency",
            "name": "Child"
          }
        },
        {
          "rel": "System.LinkTypes.Hierarchy-Forward",
          "url": "https://dev.azure.com/TestOrgAPIs/_apis/wit/workItems/2428",
          "attributes": {
            "isLocked": "false",
            "comment": "Making a new link for the dependency",
            "name": "Child"
          }
        },
        {
          "rel": "System.LinkTypes.Hierarchy-Forward",
          "url": "https://dev.azure.com/TestOrgAPIs/_apis/wit/workItems/2454",
          "attributes": {
            "isLocked": "false",
            "comment": "Making a new link for the dependency",
            "name": "Child"
          }
        },
        {
          "rel": "System.LinkTypes.Hierarchy-Forward",
          "url": "https://dev.azure.com/TestOrgAPIs/_apis/wit/workItems/2419",
          "attributes": {
            "isLocked": "false",
            "comment": "Making a new link for the dependency",
            "name": "Child"
          }
        }
      ],
      "url": "https://dev.azure.com/TestOrgAPIs/_apis/wit/workItems/2380"
    },
    {
      "id": 2379,
      "rev": 1,
      "fields": {
        "System.AreaPath": "SmartHotel36012",
        "System.TeamProject": "SmartHotel36012",
        "System.IterationPath": "SmartHotel36012\\Sprint 2",
        "System.WorkItemType": "Product Backlog Item",
        "System.State": "Committed",
        "System.Reason": "Commitment made by the team",
        "System.CreatedDate": "2019-06-13T09:02:32.217Z",
        "System.CreatedBy": "Manjunatha N <manjunatha.n@ecanarys.com>",
        "System.ChangedDate": "2019-06-13T09:02:32.217Z",
        "System.ChangedBy": "Manjunatha N <manjunatha.n@ecanarys.com>",
        "System.Title": "As a hotel manager, I should be able to see guest list for a date",
        "Microsoft.VSTS.Scheduling.Effort": 20.0,
        "System.Description": "As a hotel manager, I should be able to see guest list for a particular date:<div><br></div><div>The guest list should include the following:</div><div><br></div><div>1. Guest first and last name</div><div>2. Check-in and check-out date</div><div>3. Advance amount paid</div><div>4. Balance amount to be paid</div><div>5. Booking mode</div>",
        "System.AssignedTo": "craig109@outlook.com",
        "Microsoft.VSTS.Scheduling.RemainingWork": 0.0,
        "Microsoft.VSTS.Common.Priority": 2.0,
        "System.BoardLane": null,
        "System.Tags": "Admin; Manager",
        "Microsoft.VSTS.TCM.Steps": null,
        "Microsoft.VSTS.TCM.Parameters": null,
        "Microsoft.VSTS.TCM.LocalDataSource": null,
        "Microsoft.VSTS.TCM.AutomationStatus": null,
        "System.History": null
      },
      "relations": [
        {
          "rel": "System.LinkTypes.Hierarchy-Forward",
          "url": "https://dev.azure.com/TestOrgAPIs/_apis/wit/workItems/2426",
          "attributes": {
            "isLocked": "false",
            "comment": "Making a new link for the dependency",
            "name": "Child"
          }
        },
        {
          "rel": "System.LinkTypes.Hierarchy-Forward",
          "url": "https://dev.azure.com/TestOrgAPIs/_apis/wit/workItems/2437",
          "attributes": {
            "isLocked": "false",
            "comment": "Making a new link for the dependency",
            "name": "Child"
          }
        },
        {
          "rel": "System.LinkTypes.Hierarchy-Forward",
          "url": "https://dev.azure.com/TestOrgAPIs/_apis/wit/workItems/2389",
          "attributes": {
            "isLocked": "false",
            "comment": "Making a new link for the dependency",
            "name": "Child"
          }
        },
        {
          "rel": "System.LinkTypes.Hierarchy-Forward",
          "url": "https://dev.azure.com/TestOrgAPIs/_apis/wit/workItems/2424",
          "attributes": {
            "isLocked": "false",
            "comment": "Making a new link for the dependency",
            "name": "Child"
          }
        },
        {
          "rel": "System.LinkTypes.Hierarchy-Reverse",
          "url": "https://dev.azure.com/TestOrgAPIs/_apis/wit/workItems/2357",
          "attributes": {
            "isLocked": "false",
            "comment": "Making a new link for the dependency",
            "name": "Parent"
          }
        },
        {
          "rel": "System.LinkTypes.Hierarchy-Forward",
          "url": "https://dev.azure.com/TestOrgAPIs/_apis/wit/workItems/2434",
          "attributes": {
            "isLocked": "false",
            "comment": "Making a new link for the dependency",
            "name": "Child"
          }
        }
      ],
      "url": "https://dev.azure.com/TestOrgAPIs/_apis/wit/workItems/2379"
    },
    {
      "id": 2377,
      "rev": 1,
      "fields": {
        "System.AreaPath": "SmartHotel36012",
        "System.TeamProject": "SmartHotel36012",
        "System.IterationPath": "SmartHotel36012\\Sprint 1",
        "System.WorkItemType": "Product Backlog Item",
        "System.State": "Done",
        "System.Reason": "Work finished",
        "System.CreatedDate": "2019-06-13T09:02:31.57Z",
        "System.CreatedBy": "Manjunatha N <manjunatha.n@ecanarys.com>",
        "System.ChangedDate": "2019-06-13T09:02:31.57Z",
        "System.ChangedBy": "Manjunatha N <manjunatha.n@ecanarys.com>",
        "System.Title": "As a user, I should be able to cancel an existing booking of a conference room",
        "Microsoft.VSTS.Scheduling.Effort": 0.0,
        "System.Description": "Conference Room - Cancel an existing reservation",
        "System.AssignedTo": "craig109@outlook.com",
        "Microsoft.VSTS.Scheduling.RemainingWork": 0.0,
        "Microsoft.VSTS.Common.Priority": 2.0,
        "System.BoardLane": null,
        "System.Tags": "Conference Room; Reservation",
        "Microsoft.VSTS.TCM.Steps": null,
        "Microsoft.VSTS.TCM.Parameters": null,
        "Microsoft.VSTS.TCM.LocalDataSource": null,
        "Microsoft.VSTS.TCM.AutomationStatus": null,
        "System.History": null
      },
      "relations": [
        {
          "rel": "Microsoft.VSTS.Common.TestedBy-Forward",
          "url": "https://dev.azure.com/TestOrgAPIs/_apis/wit/workItems/2470",
          "attributes": {
            "isLocked": "false",
            "comment": "Making a new link for the dependency",
            "name": "Tested By"
          }
        },
        {
          "rel": "Microsoft.VSTS.Common.TestedBy-Forward",
          "url": "https://dev.azure.com/TestOrgAPIs/_apis/wit/workItems/2476",
          "attributes": {
            "isLocked": "false",
            "comment": "Making a new link for the dependency",
            "name": "Tested By"
          }
        }
      ],
      "url": "https://dev.azure.com/TestOrgAPIs/_apis/wit/workItems/2377"
    },
    {
      "id": 2376,
      "rev": 1,
      "fields": {
        "System.AreaPath": "SmartHotel36012",
        "System.TeamProject": "SmartHotel36012",
        "System.IterationPath": "SmartHotel36012\\Sprint 1",
        "System.WorkItemType": "Product Backlog Item",
        "System.State": "Done",
        "System.Reason": "Work finished",
        "System.CreatedDate": "2019-06-13T09:02:31.227Z",
        "System.CreatedBy": "Manjunatha N <manjunatha.n@ecanarys.com>",
        "System.ChangedDate": "2019-06-13T09:02:31.227Z",
        "System.ChangedBy": "Manjunatha N <manjunatha.n@ecanarys.com>",
        "System.Title": "As a customer, I would like to make a new reservation",
        "Microsoft.VSTS.Scheduling.Effort": 0.0,
        "System.Description": "As a customer, I would like to make a new reservation",
        "System.AssignedTo": "lsteel109@outlook.com",
        "Microsoft.VSTS.Scheduling.RemainingWork": 0.0,
        "Microsoft.VSTS.Common.Priority": 2.0,
        "System.BoardLane": null,
        "System.Tags": "Guest; Reservation",
        "Microsoft.VSTS.TCM.Steps": null,
        "Microsoft.VSTS.TCM.Parameters": null,
        "Microsoft.VSTS.TCM.LocalDataSource": null,
        "Microsoft.VSTS.TCM.AutomationStatus": null,
        "System.History": null
      },
      "relations": null,
      "url": "https://dev.azure.com/TestOrgAPIs/_apis/wit/workItems/2376"
    },
    {
      "id": 2375,
      "rev": 1,
      "fields": {
        "System.AreaPath": "SmartHotel36012",
        "System.TeamProject": "SmartHotel36012",
        "System.IterationPath": "SmartHotel36012\\Sprint 1",
        "System.WorkItemType": "Product Backlog Item",
        "System.State": "Done",
        "System.Reason": "Work finished",
        "System.CreatedDate": "2019-06-13T09:02:30.917Z",
        "System.CreatedBy": "Manjunatha N <manjunatha.n@ecanarys.com>",
        "System.ChangedDate": "2019-06-13T09:02:30.917Z",
        "System.ChangedBy": "Manjunatha N <manjunatha.n@ecanarys.com>",
        "System.Title": "As a customer, I would like to modify an existing reservation",
        "Microsoft.VSTS.Scheduling.Effort": 4.0,
        "System.Description": "The user should be able to modify his existing reservation if the reservation hasnt already ended.&nbsp;",
        "System.AssignedTo": "lsteel109@outlook.com",
        "Microsoft.VSTS.Scheduling.RemainingWork": 0.0,
        "Microsoft.VSTS.Common.Priority": 2.0,
        "System.BoardLane": null,
        "System.Tags": "Modification; Reservations; Web experience",
        "Microsoft.VSTS.TCM.Steps": null,
        "Microsoft.VSTS.TCM.Parameters": null,
        "Microsoft.VSTS.TCM.LocalDataSource": null,
        "Microsoft.VSTS.TCM.AutomationStatus": null,
        "System.History": null
      },
      "relations": [
        {
          "rel": "System.LinkTypes.Hierarchy-Forward",
          "url": "https://dev.azure.com/TestOrgAPIs/_apis/wit/workItems/2416",
          "attributes": {
            "isLocked": "false",
            "comment": "Making a new link for the dependency",
            "name": "Child"
          }
        },
        {
          "rel": "System.LinkTypes.Hierarchy-Reverse",
          "url": "https://dev.azure.com/TestOrgAPIs/_apis/wit/workItems/2353",
          "attributes": {
            "isLocked": "false",
            "comment": "Making a new link for the dependency",
            "name": "Parent"
          }
        },
        {
          "rel": "System.LinkTypes.Hierarchy-Forward",
          "url": "https://dev.azure.com/TestOrgAPIs/_apis/wit/workItems/2452",
          "attributes": {
            "isLocked": "false",
            "comment": "Making a new link for the dependency",
            "name": "Child"
          }
        }
      ],
      "url": "https://dev.azure.com/TestOrgAPIs/_apis/wit/workItems/2375"
    },
    {
      "id": 2374,
      "rev": 1,
      "fields": {
        "System.AreaPath": "SmartHotel36012",
        "System.TeamProject": "SmartHotel36012",
        "System.IterationPath": "SmartHotel36012\\Sprint 1",
        "System.WorkItemType": "Product Backlog Item",
        "System.State": "Done",
        "System.Reason": "Work finished",
        "System.CreatedDate": "2019-06-13T09:02:30.61Z",
        "System.CreatedBy": "Manjunatha N <manjunatha.n@ecanarys.com>",
        "System.ChangedDate": "2019-06-13T09:02:30.61Z",
        "System.ChangedBy": "Manjunatha N <manjunatha.n@ecanarys.com>",
        "System.Title": "As a customer, I should be able to make a reservation",
        "Microsoft.VSTS.Scheduling.Effort": 5.0,
        "System.Description": "The user should be able to make a new reservation by clicking the &quot;Make a Reservation&quot; button in the site or in the app.",
        "System.AssignedTo": "nmunger109@outlook.com",
        "Microsoft.VSTS.Scheduling.RemainingWork": 0.0,
        "Microsoft.VSTS.Common.Priority": 2.0,
        "System.BoardLane": null,
        "System.Tags": "Guests; Reservation; Room",
        "Microsoft.VSTS.TCM.Steps": null,
        "Microsoft.VSTS.TCM.Parameters": null,
        "Microsoft.VSTS.TCM.LocalDataSource": null,
        "Microsoft.VSTS.TCM.AutomationStatus": null,
        "System.History": null
      },
      "relations": [
        {
          "rel": "System.LinkTypes.Hierarchy-Forward",
          "url": "https://dev.azure.com/TestOrgAPIs/_apis/wit/workItems/2435",
          "attributes": {
            "isLocked": "false",
            "comment": "Making a new link for the dependency",
            "name": "Child"
          }
        },
        {
          "rel": "System.LinkTypes.Hierarchy-Reverse",
          "url": "https://dev.azure.com/TestOrgAPIs/_apis/wit/workItems/2353",
          "attributes": {
            "isLocked": "false",
            "comment": "Making a new link for the dependency",
            "name": "Parent"
          }
        }
      ],
      "url": "https://dev.azure.com/TestOrgAPIs/_apis/wit/workItems/2374"
    },
    {
      "id": 2373,
      "rev": 1,
      "fields": {
        "System.AreaPath": "SmartHotel36012",
        "System.TeamProject": "SmartHotel36012",
        "System.IterationPath": "SmartHotel36012\\Sprint 2",
        "System.WorkItemType": "Product Backlog Item",
        "System.State": "Done",
        "System.Reason": "Work finished",
        "System.CreatedDate": "2019-06-13T09:02:30.307Z",
        "System.CreatedBy": "Manjunatha N <manjunatha.n@ecanarys.com>",
        "System.ChangedDate": "2019-06-13T09:02:30.307Z",
        "System.ChangedBy": "Manjunatha N <manjunatha.n@ecanarys.com>",
        "System.Title": "As a customer, I should be able to access the app on all mobile platforms",
        "Microsoft.VSTS.Scheduling.Effort": 30.0,
        "System.Description": "The guest should be able to access the SMH360 app on platforms -&nbsp;<div><br></div><div>1. Google PlayStore</div><div>2. Apple Itunes</div><div>3. Windows Store</div>",
        "System.AssignedTo": null,
        "Microsoft.VSTS.Scheduling.RemainingWork": 0.0,
        "Microsoft.VSTS.Common.Priority": 2.0,
        "System.BoardLane": null,
        "System.Tags": "Android; App; Gues; IO; Windows",
        "Microsoft.VSTS.TCM.Steps": null,
        "Microsoft.VSTS.TCM.Parameters": null,
        "Microsoft.VSTS.TCM.LocalDataSource": null,
        "Microsoft.VSTS.TCM.AutomationStatus": null,
        "System.History": null
      },
      "relations": [
        {
          "rel": "System.LinkTypes.Hierarchy-Forward",
          "url": "https://dev.azure.com/TestOrgAPIs/_apis/wit/workItems/2449",
          "attributes": {
            "isLocked": "false",
            "comment": "Making a new link for the dependency",
            "name": "Child"
          }
        },
        {
          "rel": "System.LinkTypes.Hierarchy-Forward",
          "url": "https://dev.azure.com/TestOrgAPIs/_apis/wit/workItems/2450",
          "attributes": {
            "isLocked": "false",
            "comment": "Making a new link for the dependency",
            "name": "Child"
          }
        },
        {
          "rel": "System.LinkTypes.Hierarchy-Forward",
          "url": "https://dev.azure.com/TestOrgAPIs/_apis/wit/workItems/2448",
          "attributes": {
            "isLocked": "false",
            "comment": "Making a new link for the dependency",
            "name": "Child"
          }
        }
      ],
      "url": "https://dev.azure.com/TestOrgAPIs/_apis/wit/workItems/2373"
    },
    {
      "id": 2372,
      "rev": 1,
      "fields": {
        "System.AreaPath": "SmartHotel36012",
        "System.TeamProject": "SmartHotel36012",
        "System.IterationPath": "SmartHotel36012\\Sprint 1",
        "System.WorkItemType": "Product Backlog Item",
        "System.State": "Done",
        "System.Reason": "Work finished",
        "System.CreatedDate": "2019-06-13T09:02:29.973Z",
        "System.CreatedBy": "Manjunatha N <manjunatha.n@ecanarys.com>",
        "System.ChangedDate": "2019-06-13T09:02:29.973Z",
        "System.ChangedBy": "Manjunatha N <manjunatha.n@ecanarys.com>",
        "System.Title": "As a customer, I should be able to have a responsive search experience",
        "Microsoft.VSTS.Scheduling.Effort": 8.0,
        "System.Description": "The site should have responsive design for a better search experience, regardless of the device being used.&nbsp;The website adjusts automatically to the size of device’s screen and the user doesn’t have to browse through multiple pages to find what he is looking for, giving users a very smooth and optimized experience on the device.",
        "System.AssignedTo": null,
        "Microsoft.VSTS.Scheduling.RemainingWork": 0.0,
        "Microsoft.VSTS.Common.Priority": 2.0,
        "System.BoardLane": null,
        "System.Tags": "Guests; responsive; Rooms [List]; search",
        "Microsoft.VSTS.TCM.Steps": null,
        "Microsoft.VSTS.TCM.Parameters": null,
        "Microsoft.VSTS.TCM.LocalDataSource": null,
        "Microsoft.VSTS.TCM.AutomationStatus": null,
        "System.History": null
      },
      "relations": [
        {
          "rel": "System.LinkTypes.Hierarchy-Forward",
          "url": "https://dev.azure.com/TestOrgAPIs/_apis/wit/workItems/2445",
          "attributes": {
            "isLocked": "false",
            "comment": "Making a new link for the dependency",
            "name": "Child"
          }
        },
        {
          "rel": "System.LinkTypes.Hierarchy-Forward",
          "url": "https://dev.azure.com/TestOrgAPIs/_apis/wit/workItems/2481",
          "attributes": {
            "isLocked": "false",
            "comment": "Making a new link for the dependency",
            "name": "Child"
          }
        },
        {
          "rel": "System.LinkTypes.Hierarchy-Forward",
          "url": "https://dev.azure.com/TestOrgAPIs/_apis/wit/workItems/2446",
          "attributes": {
            "isLocked": "false",
            "comment": "Making a new link for the dependency",
            "name": "Child"
          }
        },
        {
          "rel": "System.LinkTypes.Hierarchy-Forward",
          "url": "https://dev.azure.com/TestOrgAPIs/_apis/wit/workItems/2444",
          "attributes": {
            "isLocked": "false",
            "comment": "Making a new link for the dependency",
            "name": "Child"
          }
        },
        {
          "rel": "System.LinkTypes.Hierarchy-Forward",
          "url": "https://dev.azure.com/TestOrgAPIs/_apis/wit/workItems/2447",
          "attributes": {
            "isLocked": "false",
            "comment": "Making a new link for the dependency",
            "name": "Child"
          }
        }
      ],
      "url": "https://dev.azure.com/TestOrgAPIs/_apis/wit/workItems/2372"
    },
    {
      "id": 2371,
      "rev": 1,
      "fields": {
        "System.AreaPath": "SmartHotel36012",
        "System.TeamProject": "SmartHotel36012",
        "System.IterationPath": "SmartHotel36012\\Sprint 1",
        "System.WorkItemType": "Product Backlog Item",
        "System.State": "Done",
        "System.Reason": "Work finished",
        "System.CreatedDate": "2019-06-13T09:02:29.657Z",
        "System.CreatedBy": "Manjunatha N <manjunatha.n@ecanarys.com>",
        "System.ChangedDate": "2019-06-13T09:02:29.657Z",
        "System.ChangedBy": "Manjunatha N <manjunatha.n@ecanarys.com>",
        "System.Title": "As a room guest, I should be able to personalize the app with themes",
        "Microsoft.VSTS.Scheduling.Effort": 3.0,
        "System.Description": "The user should be able to personalize the SMH360 app with themes available in the settings menu and also be able to personalize the app with customized themes on the Android and IOS app.",
        "System.AssignedTo": "lsteel109@outlook.com",
        "Microsoft.VSTS.Scheduling.RemainingWork": 0.0,
        "Microsoft.VSTS.Common.Priority": 2.0,
        "System.BoardLane": null,
        "System.Tags": "Android; IOS; Personalization; Themes; Xamarin",
        "Microsoft.VSTS.TCM.Steps": null,
        "Microsoft.VSTS.TCM.Parameters": null,
        "Microsoft.VSTS.TCM.LocalDataSource": null,
        "Microsoft.VSTS.TCM.AutomationStatus": null,
        "System.History": null
      },
      "relations": [
        {
          "rel": "System.LinkTypes.Hierarchy-Forward",
          "url": "https://dev.azure.com/TestOrgAPIs/_apis/wit/workItems/2439",
          "attributes": {
            "isLocked": "false",
            "comment": "Making a new link for the dependency",
            "name": "Child"
          }
        },
        {
          "rel": "System.LinkTypes.Hierarchy-Forward",
          "url": "https://dev.azure.com/TestOrgAPIs/_apis/wit/workItems/2442",
          "attributes": {
            "isLocked": "false",
            "comment": "Making a new link for the dependency",
            "name": "Child"
          }
        },
        {
          "rel": "System.LinkTypes.Hierarchy-Forward",
          "url": "https://dev.azure.com/TestOrgAPIs/_apis/wit/workItems/2443",
          "attributes": {
            "isLocked": "false",
            "comment": "Making a new link for the dependency",
            "name": "Child"
          }
        },
        {
          "rel": "System.LinkTypes.Hierarchy-Reverse",
          "url": "https://dev.azure.com/TestOrgAPIs/_apis/wit/workItems/2353",
          "attributes": {
            "isLocked": "false",
            "comment": "Making a new link for the dependency",
            "name": "Parent"
          }
        },
        {
          "rel": "System.LinkTypes.Hierarchy-Forward",
          "url": "https://dev.azure.com/TestOrgAPIs/_apis/wit/workItems/2441",
          "attributes": {
            "isLocked": "false",
            "comment": "Making a new link for the dependency",
            "name": "Child"
          }
        },
        {
          "rel": "System.LinkTypes.Hierarchy-Forward",
          "url": "https://dev.azure.com/TestOrgAPIs/_apis/wit/workItems/2438",
          "attributes": {
            "isLocked": "false",
            "comment": "Making a new link for the dependency",
            "name": "Child"
          }
        }
      ],
      "url": "https://dev.azure.com/TestOrgAPIs/_apis/wit/workItems/2371"
    },
    {
      "id": 2370,
      "rev": 1,
      "fields": {
        "System.AreaPath": "SmartHotel36012",
        "System.TeamProject": "SmartHotel36012",
        "System.IterationPath": "SmartHotel36012\\Sprint 1",
        "System.WorkItemType": "Product Backlog Item",
        "System.State": "Done",
        "System.Reason": "Work finished",
        "System.CreatedDate": "2019-06-13T09:02:29.277Z",
        "System.CreatedBy": "Manjunatha N <manjunatha.n@ecanarys.com>",
        "System.ChangedDate": "2019-06-13T09:02:29.277Z",
        "System.ChangedBy": "Manjunatha N <manjunatha.n@ecanarys.com>",
        "System.Title": "As a reservation agent, I would like to send confirmations to guest",
        "Microsoft.VSTS.Scheduling.Effort": 12.0,
        "System.Description": "A written confirmation from the reservation agent stating the confirmation of name, arrival departure date, number of guest staying, room rate, type of room booked, number of rooms, pick up details, details of deposit made, package details etc. should be sent out.<div>Confirmation letter may also include the cancellation and no-show polices of the hotel. And also about the retention charges, hotel standard check-in and check-out time, early morning / early arrival charges and also about late departure charges.</div>",
        "System.AssignedTo": "lsteel109@outlook.com",
        "Microsoft.VSTS.Scheduling.RemainingWork": 0.0,
        "Microsoft.VSTS.Common.Priority": 2.0,
        "System.BoardLane": null,
        "System.Tags": "Confirmation; Guests; Reservation",
        "Microsoft.VSTS.TCM.Steps": null,
        "Microsoft.VSTS.TCM.Parameters": null,
        "Microsoft.VSTS.TCM.LocalDataSource": null,
        "Microsoft.VSTS.TCM.AutomationStatus": null,
        "System.History": null
      },
      "relations": [
        {
          "rel": "System.LinkTypes.Hierarchy-Forward",
          "url": "https://dev.azure.com/TestOrgAPIs/_apis/wit/workItems/2440",
          "attributes": {
            "isLocked": "false",
            "comment": "Making a new link for the dependency",
            "name": "Child"
          }
        },
        {
          "rel": "System.LinkTypes.Hierarchy-Forward",
          "url": "https://dev.azure.com/TestOrgAPIs/_apis/wit/workItems/2455",
          "attributes": {
            "isLocked": "false",
            "comment": "Making a new link for the dependency",
            "name": "Child"
          }
        }
      ],
      "url": "https://dev.azure.com/TestOrgAPIs/_apis/wit/workItems/2370"
    },
    {
      "id": 2369,
      "rev": 1,
      "fields": {
        "System.AreaPath": "SmartHotel36012",
        "System.TeamProject": "SmartHotel36012",
        "System.IterationPath": "SmartHotel36012\\Sprint 4",
        "System.WorkItemType": "Product Backlog Item",
        "System.State": "New",
        "System.Reason": "New backlog item",
        "System.CreatedDate": "2019-06-13T09:02:28.963Z",
        "System.CreatedBy": "Manjunatha N <manjunatha.n@ecanarys.com>",
        "System.ChangedDate": "2019-06-13T09:02:28.963Z",
        "System.ChangedBy": "Manjunatha N <manjunatha.n@ecanarys.com>",
        "System.Title": "As a reservation agent, I would like to search for available rooms",
        "Microsoft.VSTS.Scheduling.Effort": 5.0,
        "System.Description": "The Reservation Agent should be able to assist customers with planning and booking reservations. This can mean booking a hotel room, a car rental, airplane tickets, a cruise package or tickets to a show. They may also help plan travel itineraries by suggesting local tourist attractions and places of interest. They then process payments and send the details and confirmation to the guest. When issues arise with reservations, the Reservation Agent is often contacted to sort out the issues.",
        "System.AssignedTo": "craig109@outlook.com",
        "Microsoft.VSTS.Scheduling.RemainingWork": 0.0,
        "Microsoft.VSTS.Common.Priority": 2.0,
        "System.BoardLane": null,
        "System.Tags": "Reservation; Rooms [List]",
        "Microsoft.VSTS.TCM.Steps": null,
        "Microsoft.VSTS.TCM.Parameters": null,
        "Microsoft.VSTS.TCM.LocalDataSource": null,
        "Microsoft.VSTS.TCM.AutomationStatus": null,
        "System.History": null
      },
      "relations": [
        {
          "rel": "System.LinkTypes.Hierarchy-Reverse",
          "url": "https://dev.azure.com/TestOrgAPIs/_apis/wit/workItems/2353",
          "attributes": {
            "isLocked": "false",
            "comment": "Making a new link for the dependency",
            "name": "Parent"
          }
        },
        {
          "rel": "System.LinkTypes.Hierarchy-Forward",
          "url": "https://dev.azure.com/TestOrgAPIs/_apis/wit/workItems/2398",
          "attributes": {
            "isLocked": "false",
            "comment": "Making a new link for the dependency",
            "name": "Child"
          }
        },
        {
          "rel": "System.LinkTypes.Hierarchy-Forward",
          "url": "https://dev.azure.com/TestOrgAPIs/_apis/wit/workItems/2397",
          "attributes": {
            "isLocked": "false",
            "comment": "Making a new link for the dependency",
            "name": "Child"
          }
        }
      ],
      "url": "https://dev.azure.com/TestOrgAPIs/_apis/wit/workItems/2369"
    },
    {
      "id": 2368,
      "rev": 1,
      "fields": {
        "System.AreaPath": "SmartHotel36012",
        "System.TeamProject": "SmartHotel36012",
        "System.IterationPath": "SmartHotel36012\\Sprint 4",
        "System.WorkItemType": "Product Backlog Item",
        "System.State": "New",
        "System.Reason": "New backlog item",
        "System.CreatedDate": "2019-06-13T09:02:28.667Z",
        "System.CreatedBy": "Manjunatha N <manjunatha.n@ecanarys.com>",
        "System.ChangedDate": "2019-06-13T09:02:28.667Z",
        "System.ChangedBy": "Manjunatha N <manjunatha.n@ecanarys.com>",
        "System.Title": "As a room guest, I should be able to connect to the app with my own device",
        "Microsoft.VSTS.Scheduling.Effort": 5.0,
        "System.Description": "As a room guest, I should be able to connect to the app with my own device",
        "System.AssignedTo": "ckelly109@outlook.com",
        "Microsoft.VSTS.Scheduling.RemainingWork": 0.0,
        "Microsoft.VSTS.Common.Priority": 2.0,
        "System.BoardLane": null,
        "System.Tags": "Authorization",
        "Microsoft.VSTS.TCM.Steps": null,
        "Microsoft.VSTS.TCM.Parameters": null,
        "Microsoft.VSTS.TCM.LocalDataSource": null,
        "Microsoft.VSTS.TCM.AutomationStatus": null,
        "System.History": null
      },
      "relations": [
        {
          "rel": "System.LinkTypes.Hierarchy-Forward",
          "url": "https://dev.azure.com/TestOrgAPIs/_apis/wit/workItems/2395",
          "attributes": {
            "isLocked": "false",
            "comment": "Making a new link for the dependency",
            "name": "Child"
          }
        },
        {
          "rel": "System.LinkTypes.Hierarchy-Forward",
          "url": "https://dev.azure.com/TestOrgAPIs/_apis/wit/workItems/2393",
          "attributes": {
            "isLocked": "false",
            "comment": "Making a new link for the dependency",
            "name": "Child"
          }
        },
        {
          "rel": "Microsoft.VSTS.Common.TestedBy-Forward",
          "url": "https://dev.azure.com/TestOrgAPIs/_apis/wit/workItems/2462",
          "attributes": {
            "isLocked": "false",
            "comment": "Making a new link for the dependency",
            "name": "Tested By"
          }
        },
        {
          "rel": "System.LinkTypes.Hierarchy-Forward",
          "url": "https://dev.azure.com/TestOrgAPIs/_apis/wit/workItems/2394",
          "attributes": {
            "isLocked": "false",
            "comment": "Making a new link for the dependency",
            "name": "Child"
          }
        },
        {
          "rel": "System.LinkTypes.Hierarchy-Forward",
          "url": "https://dev.azure.com/TestOrgAPIs/_apis/wit/workItems/2392",
          "attributes": {
            "isLocked": "false",
            "comment": "Making a new link for the dependency",
            "name": "Child"
          }
        },
        {
          "rel": "System.LinkTypes.Hierarchy-Reverse",
          "url": "https://dev.azure.com/TestOrgAPIs/_apis/wit/workItems/2353",
          "attributes": {
            "isLocked": "false",
            "comment": "Making a new link for the dependency",
            "name": "Parent"
          }
        },
        {
          "rel": "System.LinkTypes.Hierarchy-Forward",
          "url": "https://dev.azure.com/TestOrgAPIs/_apis/wit/workItems/2480",
          "attributes": {
            "isLocked": "false",
            "comment": "Making a new link for the dependency",
            "name": "Child"
          }
        },
        {
          "rel": "Microsoft.VSTS.Common.TestedBy-Forward",
          "url": "https://dev.azure.com/TestOrgAPIs/_apis/wit/workItems/2477",
          "attributes": {
            "isLocked": "false",
            "comment": "Making a new link for the dependency",
            "name": "Tested By"
          }
        },
        {
          "rel": "Microsoft.VSTS.Common.TestedBy-Forward",
          "url": "https://dev.azure.com/TestOrgAPIs/_apis/wit/workItems/2457",
          "attributes": {
            "isLocked": "false",
            "comment": "Making a new link for the dependency",
            "name": "Tested By"
          }
        },
        {
          "rel": "Microsoft.VSTS.Common.TestedBy-Forward",
          "url": "https://dev.azure.com/TestOrgAPIs/_apis/wit/workItems/2456",
          "attributes": {
            "isLocked": "false",
            "comment": "Making a new link for the dependency",
            "name": "Tested By"
          }
        },
        {
          "rel": "System.LinkTypes.Hierarchy-Forward",
          "url": "https://dev.azure.com/TestOrgAPIs/_apis/wit/workItems/2396",
          "attributes": {
            "isLocked": "false",
            "comment": "Making a new link for the dependency",
            "name": "Child"
          }
        }
      ],
      "url": "https://dev.azure.com/TestOrgAPIs/_apis/wit/workItems/2368"
    },
    {
      "id": 2367,
      "rev": 1,
      "fields": {
        "System.AreaPath": "SmartHotel36012",
        "System.TeamProject": "SmartHotel36012",
        "System.IterationPath": "SmartHotel36012\\Sprint 3",
        "System.WorkItemType": "Product Backlog Item",
        "System.State": "New",
        "System.Reason": "New backlog item",
        "System.CreatedDate": "2019-06-13T09:02:28.37Z",
        "System.CreatedBy": "Manjunatha N <manjunatha.n@ecanarys.com>",
        "System.ChangedDate": "2019-06-13T09:02:28.37Z",
        "System.ChangedBy": "Manjunatha N <manjunatha.n@ecanarys.com>",
        "System.Title": "As a room guest, I should be able to communicate with all smart devices from the app",
        "Microsoft.VSTS.Scheduling.Effort": 23.0,
        "System.Description": "<font color=\"#5e5e5e\" face=\"montserrat, sans-serif\"><span style=\"font-size:15px;\">The smartphone will be the room's remote control. Through the app, the guest will be able to seamlessly control the room’s lighting, HVAC [heating, ventilation, and air conditioning], and entertainment options, including pre-loaded and streaming content.&nbsp;</span></font>",
        "System.AssignedTo": "lsteel109@outlook.com",
        "Microsoft.VSTS.Scheduling.RemainingWork": 0.0,
        "Microsoft.VSTS.Common.Priority": 2.0,
        "System.BoardLane": null,
        "System.Tags": "App; Guest; IoT; smarthotel",
        "Microsoft.VSTS.TCM.Steps": null,
        "Microsoft.VSTS.TCM.Parameters": null,
        "Microsoft.VSTS.TCM.LocalDataSource": null,
        "Microsoft.VSTS.TCM.AutomationStatus": null,
        "System.History": null
      },
      "relations": [
        {
          "rel": "System.LinkTypes.Hierarchy-Forward",
          "url": "https://dev.azure.com/TestOrgAPIs/_apis/wit/workItems/2411",
          "attributes": {
            "isLocked": "false",
            "comment": "Making a new link for the dependency",
            "name": "Child"
          }
        },
        {
          "rel": "System.LinkTypes.Hierarchy-Forward",
          "url": "https://dev.azure.com/TestOrgAPIs/_apis/wit/workItems/2410",
          "attributes": {
            "isLocked": "false",
            "comment": "Making a new link for the dependency",
            "name": "Child"
          }
        },
        {
          "rel": "System.LinkTypes.Hierarchy-Forward",
          "url": "https://dev.azure.com/TestOrgAPIs/_apis/wit/workItems/2409",
          "attributes": {
            "isLocked": "false",
            "comment": "Making a new link for the dependency",
            "name": "Child"
          }
        },
        {
          "rel": "System.LinkTypes.Hierarchy-Reverse",
          "url": "https://dev.azure.com/TestOrgAPIs/_apis/wit/workItems/2357",
          "attributes": {
            "isLocked": "false",
            "comment": "Making a new link for the dependency",
            "name": "Parent"
          }
        },
        {
          "rel": "Microsoft.VSTS.Common.TestedBy-Forward",
          "url": "https://dev.azure.com/TestOrgAPIs/_apis/wit/workItems/2478",
          "attributes": {
            "isLocked": "false",
            "comment": "Making a new link for the dependency",
            "name": "Tested By"
          }
        },
        {
          "rel": "Microsoft.VSTS.Common.TestedBy-Forward",
          "url": "https://dev.azure.com/TestOrgAPIs/_apis/wit/workItems/2458",
          "attributes": {
            "isLocked": "false",
            "comment": "Making a new link for the dependency",
            "name": "Tested By"
          }
        },
        {
          "rel": "Microsoft.VSTS.Common.TestedBy-Forward",
          "url": "https://dev.azure.com/TestOrgAPIs/_apis/wit/workItems/2461",
          "attributes": {
            "isLocked": "false",
            "comment": "Making a new link for the dependency",
            "name": "Tested By"
          }
        },
        {
          "rel": "System.LinkTypes.Hierarchy-Forward",
          "url": "https://dev.azure.com/TestOrgAPIs/_apis/wit/workItems/2412",
          "attributes": {
            "isLocked": "false",
            "comment": "Making a new link for the dependency",
            "name": "Child"
          }
        }
      ],
      "url": "https://dev.azure.com/TestOrgAPIs/_apis/wit/workItems/2367"
    },
    {
      "id": 2363,
      "rev": 1,
      "fields": {
        "System.AreaPath": "SmartHotel36012",
        "System.TeamProject": "SmartHotel36012",
        "System.IterationPath": "SmartHotel36012\\Sprint 4",
        "System.WorkItemType": "Product Backlog Item",
        "System.State": "New",
        "System.Reason": "New backlog item",
        "System.CreatedDate": "2019-06-13T09:02:26.763Z",
        "System.CreatedBy": "Manjunatha N <manjunatha.n@ecanarys.com>",
        "System.ChangedDate": "2019-06-13T09:02:26.763Z",
        "System.ChangedBy": "Manjunatha N <manjunatha.n@ecanarys.com>",
        "System.Title": "As a customer, I should be able to request hotel for late Check-out",
        "Microsoft.VSTS.Scheduling.Effort": 15.0,
        "System.Description": "<span style=\"font-family:&quot;Segoe UI&quot;, sans-serif;font-size:10.5pt;\">As a courtesy, grant an\nextra hour or two to leave&nbsp;the&nbsp;room, especially if it isn't booked\nfor&nbsp;the upcoming evening. But customer must&nbsp;call the&nbsp;front desk\nin advance and&nbsp;request&nbsp;a&nbsp;late checkout.</span><p class=MsoNormal><span style=\"font-size:10.5pt;line-height:107%;font-family:&quot;Segoe UI&quot;, sans-serif;background-image:initial;background-position:initial;background-size:initial;background-repeat:initial;background-attachment:initial;background-origin:initial;background-clip:initial;\"></span></p><p class=MsoNormal><span style=\"font-size:12.0pt;line-height:107%;\"></span></p><div><div><br></div><div>1. Late Check-in time should be displayed</div><div>2. Request should be sent to front-desk&nbsp;</div><div>3. Any extra charge should be displayed</div></div>",
        "System.AssignedTo": "craig109@outlook.com",
        "Microsoft.VSTS.Scheduling.RemainingWork": 0.0,
        "Microsoft.VSTS.Common.Priority": 2.0,
        "System.BoardLane": null,
        "System.Tags": "Front-desk; Members; Reservation",
        "Microsoft.VSTS.TCM.Steps": null,
        "Microsoft.VSTS.TCM.Parameters": null,
        "Microsoft.VSTS.TCM.LocalDataSource": null,
        "Microsoft.VSTS.TCM.AutomationStatus": null,
        "System.History": null
      },
      "relations": [
        {
          "rel": "System.LinkTypes.Hierarchy-Reverse",
          "url": "https://dev.azure.com/TestOrgAPIs/_apis/wit/workItems/2353",
          "attributes": {
            "isLocked": "false",
            "comment": "Making a new link for the dependency",
            "name": "Parent"
          }
        },
        {
          "rel": "System.LinkTypes.Hierarchy-Forward",
          "url": "https://dev.azure.com/TestOrgAPIs/_apis/wit/workItems/2386",
          "attributes": {
            "isLocked": "false",
            "comment": "Making a new link for the dependency",
            "name": "Child"
          }
        },
        {
          "rel": "Microsoft.VSTS.Common.TestedBy-Forward",
          "url": "https://dev.azure.com/TestOrgAPIs/_apis/wit/workItems/2467",
          "attributes": {
            "isLocked": "false",
            "comment": "Making a new link for the dependency",
            "name": "Tested By"
          }
        },
        {
          "rel": "Microsoft.VSTS.Common.TestedBy-Forward",
          "url": "https://dev.azure.com/TestOrgAPIs/_apis/wit/workItems/2475",
          "attributes": {
            "isLocked": "false",
            "comment": "Making a new link for the dependency",
            "name": "Tested By"
          }
        },
        {
          "rel": "System.LinkTypes.Hierarchy-Forward",
          "url": "https://dev.azure.com/TestOrgAPIs/_apis/wit/workItems/2385",
          "attributes": {
            "isLocked": "false",
            "comment": "Making a new link for the dependency",
            "name": "Child"
          }
        }
      ],
      "url": "https://dev.azure.com/TestOrgAPIs/_apis/wit/workItems/2363"
    },
    {
      "id": 2362,
      "rev": 1,
      "fields": {
        "System.AreaPath": "SmartHotel36012",
        "System.TeamProject": "SmartHotel36012",
        "System.IterationPath": "SmartHotel36012\\Sprint 4",
        "System.WorkItemType": "Product Backlog Item",
        "System.State": "New",
        "System.Reason": "New backlog item",
        "System.CreatedDate": "2019-06-13T09:02:26.47Z",
        "System.CreatedBy": "Manjunatha N <manjunatha.n@ecanarys.com>",
        "System.ChangedDate": "2019-06-13T09:02:26.47Z",
        "System.ChangedBy": "Manjunatha N <manjunatha.n@ecanarys.com>",
        "System.Title": "As a customer, I should be able to remove a car reservation ",
        "Microsoft.VSTS.Scheduling.Effort": 6.0,
        "System.Description": "<div><p class=MsoNormal><span style=\"font-size:10.5pt;line-height:107%;font-family:&quot;Segoe UI&quot;, sans-serif;background-image:initial;background-position:initial;background-size:initial;background-repeat:initial;background-attachment:initial;background-origin:initial;background-clip:initial;\">If you have not picked up\nyour&nbsp;</span><span style=\"font-size:10.5pt;line-height:107%;font-family:&quot;Segoe UI&quot;, sans-serif;\">vehicle<span style=\"background-image:initial;background-position:initial;background-size:initial;background-repeat:initial;background-attachment:initial;background-origin:initial;background-clip:initial;\">&nbsp;you can remove or cancel your&nbsp;</span></span>reservation<span style=\"background-image:initial;background-position:initial;background-size:initial;background-repeat:initial;background-attachment:initial;background-origin:initial;background-clip:initial;\">&nbsp;by clicking here.</span></p><p class=MsoNormal><span style=\"background-image:initial;background-position:initial;background-size:initial;background-repeat:initial;background-attachment:initial;background-origin:initial;background-clip:initial;\"><br></span></p></div><div>1. Car reserved should have an option to cancel the request</div><div>2. Car driver should receive a notification about cancellation</div>",
        "System.AssignedTo": "nmunger109@outlook.com",
        "Microsoft.VSTS.Scheduling.RemainingWork": 0.0,
        "Microsoft.VSTS.Common.Priority": 2.0,
        "System.BoardLane": null,
        "System.Tags": "Reservation",
        "Microsoft.VSTS.TCM.Steps": null,
        "Microsoft.VSTS.TCM.Parameters": null,
        "Microsoft.VSTS.TCM.LocalDataSource": null,
        "Microsoft.VSTS.TCM.AutomationStatus": null,
        "System.History": null
      },
      "relations": [
        {
          "rel": "System.LinkTypes.Hierarchy-Forward",
          "url": "https://dev.azure.com/TestOrgAPIs/_apis/wit/workItems/2387",
          "attributes": {
            "isLocked": "false",
            "comment": "Making a new link for the dependency",
            "name": "Child"
          }
        },
        {
          "rel": "System.LinkTypes.Hierarchy-Reverse",
          "url": "https://dev.azure.com/TestOrgAPIs/_apis/wit/workItems/2355",
          "attributes": {
            "isLocked": "false",
            "comment": "Making a new link for the dependency",
            "name": "Parent"
          }
        },
        {
          "rel": "Microsoft.VSTS.Common.TestedBy-Forward",
          "url": "https://dev.azure.com/TestOrgAPIs/_apis/wit/workItems/2468",
          "attributes": {
            "isLocked": "false",
            "comment": "Making a new link for the dependency",
            "name": "Tested By"
          }
        },
        {
          "rel": "System.LinkTypes.Hierarchy-Forward",
          "url": "https://dev.azure.com/TestOrgAPIs/_apis/wit/workItems/2422",
          "attributes": {
            "isLocked": "false",
            "comment": "Making a new link for the dependency",
            "name": "Child"
          }
        }
      ],
      "url": "https://dev.azure.com/TestOrgAPIs/_apis/wit/workItems/2362"
    },
    {
      "id": 2361,
      "rev": 1,
      "fields": {
        "System.AreaPath": "SmartHotel36012",
        "System.TeamProject": "SmartHotel36012",
        "System.IterationPath": "SmartHotel36012\\Sprint 3",
        "System.WorkItemType": "Product Backlog Item",
        "System.State": "New",
        "System.Reason": "New backlog item",
        "System.CreatedDate": "2019-06-13T09:02:26.123Z",
        "System.CreatedBy": "Manjunatha N <manjunatha.n@ecanarys.com>",
        "System.ChangedDate": "2019-06-13T09:02:26.123Z",
        "System.ChangedBy": "Manjunatha N <manjunatha.n@ecanarys.com>",
        "System.Title": "As a reservation agent, I would like to send confirmations to guest",
        "Microsoft.VSTS.Scheduling.Effort": 7.0,
        "System.Description": "<p class=MsoNormal><span style=\"font-size:10.5pt;line-height:107%;font-family:&quot;Segoe UI&quot;,sans-serif;color:#222222;background:white;\">Enter the&nbsp;</span><span style=\"font-size:10.5pt;line-height:107%;font-family:&quot;Segoe UI&quot;,sans-serif;color:#222222;\">guest's<span style=\"background:white;\">&nbsp;name to whom you&nbsp;</span></span>would\nlike to send<span style=\"background:white;\">&nbsp;a&nbsp;</span>confirmation,&nbsp;<span style=\"background:white;\">display the company, contact, source\nand&nbsp;</span>agent<span style=\"background:white;\">&nbsp;associated\nwith the&nbsp;</span>reservation<span style=\"background:white;\">.</span></p>",
        "System.AssignedTo": "craig109@outlook.com",
        "Microsoft.VSTS.Scheduling.RemainingWork": 0.0,
        "Microsoft.VSTS.Common.Priority": 2.0,
        "System.BoardLane": null,
        "System.Tags": "Notification",
        "Microsoft.VSTS.TCM.Steps": null,
        "Microsoft.VSTS.TCM.Parameters": null,
        "Microsoft.VSTS.TCM.LocalDataSource": null,
        "Microsoft.VSTS.TCM.AutomationStatus": null,
        "System.History": null
      },
      "relations": [
        {
          "rel": "System.LinkTypes.Hierarchy-Forward",
          "url": "https://dev.azure.com/TestOrgAPIs/_apis/wit/workItems/2384",
          "attributes": {
            "isLocked": "false",
            "comment": "Making a new link for the dependency",
            "name": "Child"
          }
        },
        {
          "rel": "Microsoft.VSTS.Common.TestedBy-Forward",
          "url": "https://dev.azure.com/TestOrgAPIs/_apis/wit/workItems/2472",
          "attributes": {
            "isLocked": "false",
            "comment": "Making a new link for the dependency",
            "name": "Tested By"
          }
        },
        {
          "rel": "System.LinkTypes.Hierarchy-Forward",
          "url": "https://dev.azure.com/TestOrgAPIs/_apis/wit/workItems/2405",
          "attributes": {
            "isLocked": "false",
            "comment": "Making a new link for the dependency",
            "name": "Child"
          }
        },
        {
          "rel": "Microsoft.VSTS.Common.TestedBy-Forward",
          "url": "https://dev.azure.com/TestOrgAPIs/_apis/wit/workItems/2460",
          "attributes": {
            "isLocked": "false",
            "comment": "Making a new link for the dependency",
            "name": "Tested By"
          }
        },
        {
          "rel": "System.LinkTypes.Hierarchy-Reverse",
          "url": "https://dev.azure.com/TestOrgAPIs/_apis/wit/workItems/2355",
          "attributes": {
            "isLocked": "false",
            "comment": "Making a new link for the dependency",
            "name": "Parent"
          }
        }
      ],
      "url": "https://dev.azure.com/TestOrgAPIs/_apis/wit/workItems/2361"
    },
    {
      "id": 2360,
      "rev": 1,
      "fields": {
        "System.AreaPath": "SmartHotel36012",
        "System.TeamProject": "SmartHotel36012",
        "System.IterationPath": "SmartHotel36012\\Sprint 3",
        "System.WorkItemType": "Product Backlog Item",
        "System.State": "New",
        "System.Reason": "New backlog item",
        "System.CreatedDate": "2019-06-13T09:02:25.783Z",
        "System.CreatedBy": "Manjunatha N <manjunatha.n@ecanarys.com>",
        "System.ChangedDate": "2019-06-13T09:02:25.783Z",
        "System.ChangedBy": "Manjunatha N <manjunatha.n@ecanarys.com>",
        "System.Title": "As a customer, I would like to reserve a conference room",
        "Microsoft.VSTS.Scheduling.Effort": 20.0,
        "System.Description": "As a customer, I would like to reserve a conference room such that:<div><br></div><div>1. It should display available date and time slots</div><div>2. Give an option to reserve a conference room for X hours</div><div>3. One can reserve a conference room for max 4 hours per day</div>",
        "System.AssignedTo": "craig109@outlook.com",
        "Microsoft.VSTS.Scheduling.RemainingWork": 0.0,
        "Microsoft.VSTS.Common.Priority": 2.0,
        "System.BoardLane": null,
        "System.Tags": "Reservation",
        "Microsoft.VSTS.TCM.Steps": null,
        "Microsoft.VSTS.TCM.Parameters": null,
        "Microsoft.VSTS.TCM.LocalDataSource": null,
        "Microsoft.VSTS.TCM.AutomationStatus": null,
        "System.History": null
      },
      "relations": [
        {
          "rel": "System.LinkTypes.Hierarchy-Forward",
          "url": "https://dev.azure.com/TestOrgAPIs/_apis/wit/workItems/2403",
          "attributes": {
            "isLocked": "false",
            "comment": "Making a new link for the dependency",
            "name": "Child"
          }
        },
        {
          "rel": "System.LinkTypes.Hierarchy-Reverse",
          "url": "https://dev.azure.com/TestOrgAPIs/_apis/wit/workItems/2354",
          "attributes": {
            "isLocked": "false",
            "comment": "Making a new link for the dependency",
            "name": "Parent"
          }
        },
        {
          "rel": "Microsoft.VSTS.Common.TestedBy-Forward",
          "url": "https://dev.azure.com/TestOrgAPIs/_apis/wit/workItems/2469",
          "attributes": {
            "isLocked": "false",
            "comment": "Making a new link for the dependency",
            "name": "Tested By"
          }
        },
        {
          "rel": "Microsoft.VSTS.Common.TestedBy-Forward",
          "url": "https://dev.azure.com/TestOrgAPIs/_apis/wit/workItems/2473",
          "attributes": {
            "isLocked": "false",
            "comment": "Making a new link for the dependency",
            "name": "Tested By"
          }
        },
        {
          "rel": "System.LinkTypes.Hierarchy-Forward",
          "url": "https://dev.azure.com/TestOrgAPIs/_apis/wit/workItems/2404",
          "attributes": {
            "isLocked": "false",
            "comment": "Making a new link for the dependency",
            "name": "Child"
          }
        }
      ],
      "url": "https://dev.azure.com/TestOrgAPIs/_apis/wit/workItems/2360"
    },
    {
      "id": 2359,
      "rev": 1,
      "fields": {
        "System.AreaPath": "SmartHotel36012",
        "System.TeamProject": "SmartHotel36012",
        "System.IterationPath": "SmartHotel36012\\Sprint 3",
        "System.WorkItemType": "Product Backlog Item",
        "System.State": "New",
        "System.Reason": "Moved to the backlog",
        "System.CreatedDate": "2019-06-13T09:02:25.47Z",
        "System.CreatedBy": "Manjunatha N <manjunatha.n@ecanarys.com>",
        "System.ChangedDate": "2019-06-13T09:02:25.47Z",
        "System.ChangedBy": "Manjunatha N <manjunatha.n@ecanarys.com>",
        "System.Title": "As a customer, I should be able to update my details",
        "Microsoft.VSTS.Scheduling.Effort": 12.0,
        "System.Description": "<p class=MsoNormal style=\"margin-bottom:0in;margin-bottom:.0001pt;line-height:19.5pt;background:white;\"><span style=\"font-size:10.5pt;font-family:&quot;Segoe UI&quot;,sans-serif;color:#222222;background:white;\">Sometimes customers need to change the card\ninfo that they have on record with your business, whether that’s just to swap\nin a preferred card, or because the card issuer sent a replacement.&nbsp;</span></p>",
        "System.AssignedTo": null,
        "Microsoft.VSTS.Scheduling.RemainingWork": 0.0,
        "Microsoft.VSTS.Common.Priority": 2.0,
        "System.BoardLane": null,
        "System.Tags": "Modification",
        "Microsoft.VSTS.TCM.Steps": null,
        "Microsoft.VSTS.TCM.Parameters": null,
        "Microsoft.VSTS.TCM.LocalDataSource": null,
        "Microsoft.VSTS.TCM.AutomationStatus": null,
        "System.History": null
      },
      "relations": [
        {
          "rel": "System.LinkTypes.Hierarchy-Reverse",
          "url": "https://dev.azure.com/TestOrgAPIs/_apis/wit/workItems/2356",
          "attributes": {
            "isLocked": "false",
            "comment": "Making a new link for the dependency",
            "name": "Parent"
          }
        },
        {
          "rel": "System.LinkTypes.Hierarchy-Forward",
          "url": "https://dev.azure.com/TestOrgAPIs/_apis/wit/workItems/2402",
          "attributes": {
            "isLocked": "false",
            "comment": "Making a new link for the dependency",
            "name": "Child"
          }
        }
      ],
      "url": "https://dev.azure.com/TestOrgAPIs/_apis/wit/workItems/2359"
    }
  ],
  "HttpStatusCode": 0,
  "Message": null
}