{
  "count": 1,
  "value": [
    {
      "id": 154,
      "rev": 2,
      "fields": {
        "System.AreaPath": "A7-contososhuttle",
        "System.TeamProject": "A7-contososhuttle",
        "System.IterationPath": "A7-contososhuttle\\Sprint 2",
        "System.WorkItemType": "Epic",
        "System.State": "New",
        "System.Reason": "New epic",
        "System.CreatedDate": "2019-04-08T09:33:29.283Z",
        "System.CreatedBy": "Manjunatha N <manjunatha.n@ecanarys.com>",
        "System.ChangedDate": "2019-04-19T09:31:49.643Z",
        "System.ChangedBy": "Manjunatha N <manjunatha.n@ecanarys.com>",
        "System.Title": "Connector Shuttle Schedule Site",
        "Microsoft.VSTS.Scheduling.Effort": 0.0,
        "System.Description": "Connector Shuttle Schedule Site",
        "System.AssignedTo": "nmunger109@outlook.com",
        "Microsoft.VSTS.Scheduling.RemainingWork": 0.0,
        "Microsoft.VSTS.Common.Priority": 2.0,
        "System.BoardLane": null,
        "System.Tags": null,
        "Microsoft.VSTS.TCM.Steps": null,
        "Microsoft.VSTS.TCM.Parameters": null,
        "Microsoft.VSTS.TCM.LocalDataSource": null,
        "Microsoft.VSTS.TCM.AutomationStatus": null,
        "System.History": null
      },
      "relations": null,
      "url": "https://dev.azure.com/DemoGenProjects/_apis/wit/workItems/154"
    }
  ],
  "HttpStatusCode": 0,
  "Message": null
}