{
  "count": 11,
  "value": [
    {
      "id": 143,
      "rev": 2,
      "fields": {
        "System.AreaPath": "A7-contososhuttle",
        "System.TeamProject": "A7-contososhuttle",
        "System.IterationPath": "A7-contososhuttle\\Sprint 2",
        "System.WorkItemType": "Product Backlog Item",
        "System.State": "Approved",
        "System.Reason": "Work stopped",
        "System.CreatedDate": "2019-04-08T09:33:25.72Z",
        "System.CreatedBy": "Manjunatha N <manjunatha.n@ecanarys.com>",
        "System.ChangedDate": "2019-04-19T09:32:01.31Z",
        "System.ChangedBy": "Manjunatha N <manjunatha.n@ecanarys.com>",
        "System.Title": "Add countdown timer to next shuttle",
        "Microsoft.VSTS.Scheduling.Effort": 8.0,
        "System.Description": "Add countdown timer to next shuttle",
        "System.AssignedTo": "craig109@outlook.com",
        "Microsoft.VSTS.Scheduling.RemainingWork": 0.0,
        "Microsoft.VSTS.Common.Priority": 2.0,
        "System.BoardLane": null,
        "System.Tags": null,
        "Microsoft.VSTS.TCM.Steps": null,
        "Microsoft.VSTS.TCM.Parameters": null,
        "Microsoft.VSTS.TCM.LocalDataSource": null,
        "Microsoft.VSTS.TCM.AutomationStatus": null,
        "System.History": null
      },
      "relations": [
        {
          "rel": "System.LinkTypes.Hierarchy-Forward",
          "url": "https://dev.azure.com/DemoGenProjects/_apis/wit/workItems/144",
          "attributes": {
            "isLocked": "false",
            "comment": "Making a new link for the dependency",
            "name": "Child"
          }
        }
      ],
      "url": "https://dev.azure.com/DemoGenProjects/_apis/wit/workItems/143"
    },
    {
      "id": 142,
      "rev": 2,
      "fields": {
        "System.AreaPath": "A7-contososhuttle",
        "System.TeamProject": "A7-contososhuttle",
        "System.IterationPath": "A7-contososhuttle\\Sprint 2",
        "System.WorkItemType": "Product Backlog Item",
        "System.State": "Approved",
        "System.Reason": "Work stopped",
        "System.CreatedDate": "2019-04-08T09:33:25.357Z",
        "System.CreatedBy": "Manjunatha N <manjunatha.n@ecanarys.com>",
        "System.ChangedDate": "2019-04-19T09:32:01.31Z",
        "System.ChangedBy": "Manjunatha N <manjunatha.n@ecanarys.com>",
        "System.Title": "Add Help section",
        "Microsoft.VSTS.Scheduling.Effort": 3.0,
        "System.Description": "Add Help section",
        "System.AssignedTo": "Manjunatha N <manjunatha.n@ecanarys.com>",
        "Microsoft.VSTS.Scheduling.RemainingWork": 0.0,
        "Microsoft.VSTS.Common.Priority": 2.0,
        "System.BoardLane": null,
        "System.Tags": null,
        "Microsoft.VSTS.TCM.Steps": null,
        "Microsoft.VSTS.TCM.Parameters": null,
        "Microsoft.VSTS.TCM.LocalDataSource": null,
        "Microsoft.VSTS.TCM.AutomationStatus": null,
        "System.History": null
      },
      "relations": [
        {
          "rel": "System.LinkTypes.Hierarchy-Forward",
          "url": "https://dev.azure.com/DemoGenProjects/_apis/wit/workItems/145",
          "attributes": {
            "isLocked": "false",
            "comment": "Making a new link for the dependency",
            "name": "Child"
          }
        },
        {
          "rel": "System.LinkTypes.Hierarchy-Forward",
          "url": "https://dev.azure.com/DemoGenProjects/_apis/wit/workItems/146",
          "attributes": {
            "isLocked": "false",
            "comment": "Making a new link for the dependency",
            "name": "Child"
          }
        }
      ],
      "url": "https://dev.azure.com/DemoGenProjects/_apis/wit/workItems/142"
    },
    {
      "id": 141,
      "rev": 2,
      "fields": {
        "System.AreaPath": "A7-contososhuttle",
        "System.TeamProject": "A7-contososhuttle",
        "System.IterationPath": "A7-contososhuttle\\Sprint 2",
        "System.WorkItemType": "Product Backlog Item",
        "System.State": "Approved",
        "System.Reason": "Approved by the Product Owner",
        "System.CreatedDate": "2019-04-08T09:33:25.04Z",
        "System.CreatedBy": "Manjunatha N <manjunatha.n@ecanarys.com>",
        "System.ChangedDate": "2019-04-19T09:32:01.31Z",
        "System.ChangedBy": "Manjunatha N <manjunatha.n@ecanarys.com>",
        "System.Title": "Move ConnectionString to Azure Key Vault",
        "Microsoft.VSTS.Scheduling.Effort": 5.0,
        "System.Description": "Move the connection strings from web.config file to Azure Key Vault",
        "System.AssignedTo": "lsteel109@outlook.com",
        "Microsoft.VSTS.Scheduling.RemainingWork": 0.0,
        "Microsoft.VSTS.Common.Priority": 2.0,
        "System.BoardLane": null,
        "System.Tags": null,
        "Microsoft.VSTS.TCM.Steps": null,
        "Microsoft.VSTS.TCM.Parameters": null,
        "Microsoft.VSTS.TCM.LocalDataSource": null,
        "Microsoft.VSTS.TCM.AutomationStatus": null,
        "System.History": null
      },
      "relations": [
        {
          "rel": "System.LinkTypes.Hierarchy-Forward",
          "url": "https://dev.azure.com/DemoGenProjects/_apis/wit/workItems/147",
          "attributes": {
            "isLocked": "false",
            "comment": "Making a new link for the dependency",
            "name": "Child"
          }
        }
      ],
      "url": "https://dev.azure.com/DemoGenProjects/_apis/wit/workItems/141"
    },
    {
      "id": 140,
      "rev": 2,
      "fields": {
        "System.AreaPath": "A7-contososhuttle",
        "System.TeamProject": "A7-contososhuttle",
        "System.IterationPath": "A7-contososhuttle\\Sprint 2",
        "System.WorkItemType": "Product Backlog Item",
        "System.State": "Done",
        "System.Reason": "Work finished",
        "System.CreatedDate": "2019-04-08T09:33:24.747Z",
        "System.CreatedBy": "Manjunatha N <manjunatha.n@ecanarys.com>",
        "System.ChangedDate": "2019-04-19T09:32:01.31Z",
        "System.ChangedBy": "Manjunatha N <manjunatha.n@ecanarys.com>",
        "System.Title": "Show days shuttle schedules",
        "Microsoft.VSTS.Scheduling.Effort": 0.0,
        "System.Description": "Show days shuttle schedules",
        "System.AssignedTo": "craig109@outlook.com",
        "Microsoft.VSTS.Scheduling.RemainingWork": 0.0,
        "Microsoft.VSTS.Common.Priority": 2.0,
        "System.BoardLane": null,
        "System.Tags": null,
        "Microsoft.VSTS.TCM.Steps": null,
        "Microsoft.VSTS.TCM.Parameters": null,
        "Microsoft.VSTS.TCM.LocalDataSource": null,
        "Microsoft.VSTS.TCM.AutomationStatus": null,
        "System.History": null
      },
      "relations": [
        {
          "rel": "System.LinkTypes.Hierarchy-Forward",
          "url": "https://dev.azure.com/DemoGenProjects/_apis/wit/workItems/150",
          "attributes": {
            "isLocked": "false",
            "comment": "Making a new link for the dependency",
            "name": "Child"
          }
        },
        {
          "rel": "System.LinkTypes.Hierarchy-Forward",
          "url": "https://dev.azure.com/DemoGenProjects/_apis/wit/workItems/151",
          "attributes": {
            "isLocked": "false",
            "comment": "Making a new link for the dependency",
            "name": "Child"
          }
        },
        {
          "rel": "System.LinkTypes.Hierarchy-Forward",
          "url": "https://dev.azure.com/DemoGenProjects/_apis/wit/workItems/148",
          "attributes": {
            "isLocked": "false",
            "comment": "Making a new link for the dependency",
            "name": "Child"
          }
        },
        {
          "rel": "System.LinkTypes.Hierarchy-Forward",
          "url": "https://dev.azure.com/DemoGenProjects/_apis/wit/workItems/149",
          "attributes": {
            "isLocked": "false",
            "comment": "Making a new link for the dependency",
            "name": "Child"
          }
        }
      ],
      "url": "https://dev.azure.com/DemoGenProjects/_apis/wit/workItems/140"
    },
    {
      "id": 139,
      "rev": 2,
      "fields": {
        "System.AreaPath": "A7-contososhuttle",
        "System.TeamProject": "A7-contososhuttle",
        "System.IterationPath": "A7-contososhuttle\\Sprint 2",
        "System.WorkItemType": "Product Backlog Item",
        "System.State": "Done",
        "System.Reason": "Work finished",
        "System.CreatedDate": "2019-04-08T09:33:24.407Z",
        "System.CreatedBy": "Manjunatha N <manjunatha.n@ecanarys.com>",
        "System.ChangedDate": "2019-04-19T09:32:01.31Z",
        "System.ChangedBy": "Manjunatha N <manjunatha.n@ecanarys.com>",
        "System.Title": "Show schedules filtered by destination",
        "Microsoft.VSTS.Scheduling.Effort": 0.0,
        "System.Description": "Show schedules filtered by destination",
        "System.AssignedTo": "Manjunatha N <manjunatha.n@ecanarys.com>",
        "Microsoft.VSTS.Scheduling.RemainingWork": 0.0,
        "Microsoft.VSTS.Common.Priority": 2.0,
        "System.BoardLane": null,
        "System.Tags": null,
        "Microsoft.VSTS.TCM.Steps": null,
        "Microsoft.VSTS.TCM.Parameters": null,
        "Microsoft.VSTS.TCM.LocalDataSource": null,
        "Microsoft.VSTS.TCM.AutomationStatus": null,
        "System.History": null
      },
      "relations": [
        {
          "rel": "System.LinkTypes.Hierarchy-Forward",
          "url": "https://dev.azure.com/DemoGenProjects/_apis/wit/workItems/152",
          "attributes": {
            "isLocked": "false",
            "comment": "Making a new link for the dependency",
            "name": "Child"
          }
        },
        {
          "rel": "System.LinkTypes.Hierarchy-Forward",
          "url": "https://dev.azure.com/DemoGenProjects/_apis/wit/workItems/153",
          "attributes": {
            "isLocked": "false",
            "comment": "Making a new link for the dependency",
            "name": "Child"
          }
        }
      ],
      "url": "https://dev.azure.com/DemoGenProjects/_apis/wit/workItems/139"
    },
    {
      "id": 138,
      "rev": 2,
      "fields": {
        "System.AreaPath": "A7-contososhuttle",
        "System.TeamProject": "A7-contososhuttle",
        "System.IterationPath": "A7-contososhuttle\\Sprint 2",
        "System.WorkItemType": "Product Backlog Item",
        "System.State": "New",
        "System.Reason": "New backlog item",
        "System.CreatedDate": "2019-04-08T09:33:24.103Z",
        "System.CreatedBy": "Manjunatha N <manjunatha.n@ecanarys.com>",
        "System.ChangedDate": "2019-04-19T09:32:01.31Z",
        "System.ChangedBy": "Manjunatha N <manjunatha.n@ecanarys.com>",
        "System.Title": "Show when shuttle is fully booked",
        "Microsoft.VSTS.Scheduling.Effort": 0.0,
        "System.Description": "Show when shuttle is fully booked",
        "System.AssignedTo": "lsteel109@outlook.com",
        "Microsoft.VSTS.Scheduling.RemainingWork": 0.0,
        "Microsoft.VSTS.Common.Priority": 2.0,
        "System.BoardLane": null,
        "System.Tags": null,
        "Microsoft.VSTS.TCM.Steps": null,
        "Microsoft.VSTS.TCM.Parameters": null,
        "Microsoft.VSTS.TCM.LocalDataSource": null,
        "Microsoft.VSTS.TCM.AutomationStatus": null,
        "System.History": null
      },
      "relations": null,
      "url": "https://dev.azure.com/DemoGenProjects/_apis/wit/workItems/138"
    },
    {
      "id": 137,
      "rev": 2,
      "fields": {
        "System.AreaPath": "A7-contososhuttle",
        "System.TeamProject": "A7-contososhuttle",
        "System.IterationPath": "A7-contososhuttle\\Sprint 2",
        "System.WorkItemType": "Product Backlog Item",
        "System.State": "New",
        "System.Reason": "New backlog item",
        "System.CreatedDate": "2019-04-08T09:33:23.653Z",
        "System.CreatedBy": "Manjunatha N <manjunatha.n@ecanarys.com>",
        "System.ChangedDate": "2019-04-19T09:32:01.31Z",
        "System.ChangedBy": "Manjunatha N <manjunatha.n@ecanarys.com>",
        "System.Title": "Add shuttle bookings",
        "Microsoft.VSTS.Scheduling.Effort": 0.0,
        "System.Description": "Add shuttle bookings",
        "System.AssignedTo": "Manjunatha N <manjunatha.n@ecanarys.com>",
        "Microsoft.VSTS.Scheduling.RemainingWork": 0.0,
        "Microsoft.VSTS.Common.Priority": 2.0,
        "System.BoardLane": null,
        "System.Tags": null,
        "Microsoft.VSTS.TCM.Steps": null,
        "Microsoft.VSTS.TCM.Parameters": null,
        "Microsoft.VSTS.TCM.LocalDataSource": null,
        "Microsoft.VSTS.TCM.AutomationStatus": null,
        "System.History": null
      },
      "relations": null,
      "url": "https://dev.azure.com/DemoGenProjects/_apis/wit/workItems/137"
    },
    {
      "id": 136,
      "rev": 2,
      "fields": {
        "System.AreaPath": "A7-contososhuttle",
        "System.TeamProject": "A7-contososhuttle",
        "System.IterationPath": "A7-contososhuttle\\Sprint 2",
        "System.WorkItemType": "Product Backlog Item",
        "System.State": "New",
        "System.Reason": "New backlog item",
        "System.CreatedDate": "2019-04-08T09:33:23.22Z",
        "System.CreatedBy": "Manjunatha N <manjunatha.n@ecanarys.com>",
        "System.ChangedDate": "2019-04-19T09:32:01.31Z",
        "System.ChangedBy": "Manjunatha N <manjunatha.n@ecanarys.com>",
        "System.Title": "Add reminder notifications",
        "Microsoft.VSTS.Scheduling.Effort": 0.0,
        "System.Description": "Add reminder notifications",
        "System.AssignedTo": "nmunger109@outlook.com",
        "Microsoft.VSTS.Scheduling.RemainingWork": 0.0,
        "Microsoft.VSTS.Common.Priority": 2.0,
        "System.BoardLane": null,
        "System.Tags": null,
        "Microsoft.VSTS.TCM.Steps": null,
        "Microsoft.VSTS.TCM.Parameters": null,
        "Microsoft.VSTS.TCM.LocalDataSource": null,
        "Microsoft.VSTS.TCM.AutomationStatus": null,
        "System.History": null
      },
      "relations": null,
      "url": "https://dev.azure.com/DemoGenProjects/_apis/wit/workItems/136"
    },
    {
      "id": 135,
      "rev": 2,
      "fields": {
        "System.AreaPath": "A7-contososhuttle",
        "System.TeamProject": "A7-contososhuttle",
        "System.IterationPath": "A7-contososhuttle\\Sprint 2",
        "System.WorkItemType": "Product Backlog Item",
        "System.State": "New",
        "System.Reason": "New backlog item",
        "System.CreatedDate": "2019-04-08T09:33:22.91Z",
        "System.CreatedBy": "Manjunatha N <manjunatha.n@ecanarys.com>",
        "System.ChangedDate": "2019-04-19T09:32:01.31Z",
        "System.ChangedBy": "Manjunatha N <manjunatha.n@ecanarys.com>",
        "System.Title": "Add user favourites",
        "Microsoft.VSTS.Scheduling.Effort": 0.0,
        "System.Description": "Add user favourites",
        "System.AssignedTo": "nmunger109@outlook.com",
        "Microsoft.VSTS.Scheduling.RemainingWork": 0.0,
        "Microsoft.VSTS.Common.Priority": 2.0,
        "System.BoardLane": null,
        "System.Tags": null,
        "Microsoft.VSTS.TCM.Steps": null,
        "Microsoft.VSTS.TCM.Parameters": null,
        "Microsoft.VSTS.TCM.LocalDataSource": null,
        "Microsoft.VSTS.TCM.AutomationStatus": null,
        "System.History": null
      },
      "relations": null,
      "url": "https://dev.azure.com/DemoGenProjects/_apis/wit/workItems/135"
    },
    {
      "id": 134,
      "rev": 2,
      "fields": {
        "System.AreaPath": "A7-contososhuttle",
        "System.TeamProject": "A7-contososhuttle",
        "System.IterationPath": "A7-contososhuttle\\Sprint 2",
        "System.WorkItemType": "Product Backlog Item",
        "System.State": "New",
        "System.Reason": "New backlog item",
        "System.CreatedDate": "2019-04-08T09:33:22.587Z",
        "System.CreatedBy": "Manjunatha N <manjunatha.n@ecanarys.com>",
        "System.ChangedDate": "2019-04-19T09:32:01.31Z",
        "System.ChangedBy": "Manjunatha N <manjunatha.n@ecanarys.com>",
        "System.Title": "Create user login",
        "Microsoft.VSTS.Scheduling.Effort": 0.0,
        "System.Description": "Create user login",
        "System.AssignedTo": "lsteel109@outlook.com",
        "Microsoft.VSTS.Scheduling.RemainingWork": 0.0,
        "Microsoft.VSTS.Common.Priority": 2.0,
        "System.BoardLane": null,
        "System.Tags": null,
        "Microsoft.VSTS.TCM.Steps": null,
        "Microsoft.VSTS.TCM.Parameters": null,
        "Microsoft.VSTS.TCM.LocalDataSource": null,
        "Microsoft.VSTS.TCM.AutomationStatus": null,
        "System.History": null
      },
      "relations": null,
      "url": "https://dev.azure.com/DemoGenProjects/_apis/wit/workItems/134"
    },
    {
      "id": 133,
      "rev": 2,
      "fields": {
        "System.AreaPath": "A7-contososhuttle",
        "System.TeamProject": "A7-contososhuttle",
        "System.IterationPath": "A7-contososhuttle\\Sprint 2",
        "System.WorkItemType": "Product Backlog Item",
        "System.State": "New",
        "System.Reason": "New backlog item",
        "System.CreatedDate": "2019-04-08T09:33:22.25Z",
        "System.CreatedBy": "Manjunatha N <manjunatha.n@ecanarys.com>",
        "System.ChangedDate": "2019-04-19T09:32:01.31Z",
        "System.ChangedBy": "Manjunatha N <manjunatha.n@ecanarys.com>",
        "System.Title": "Create user sign up section",
        "Microsoft.VSTS.Scheduling.Effort": 0.0,
        "System.Description": "Create user sign up section",
        "System.AssignedTo": "craig109@outlook.com",
        "Microsoft.VSTS.Scheduling.RemainingWork": 0.0,
        "Microsoft.VSTS.Common.Priority": 2.0,
        "System.BoardLane": null,
        "System.Tags": null,
        "Microsoft.VSTS.TCM.Steps": null,
        "Microsoft.VSTS.TCM.Parameters": null,
        "Microsoft.VSTS.TCM.LocalDataSource": null,
        "Microsoft.VSTS.TCM.AutomationStatus": null,
        "System.History": null
      },
      "relations": null,
      "url": "https://dev.azure.com/DemoGenProjects/_apis/wit/workItems/133"
    }
  ],
  "HttpStatusCode": 0,
  "Message": null
}