{
  "count": 10,
  "value": [
    {
      "id": 153,
      "rev": 1,
      "fields": {
        "System.AreaPath": "A7-contososhuttle",
        "System.TeamProject": "A7-contososhuttle",
        "System.IterationPath": "A7-contososhuttle\\Sprint 2",
        "System.WorkItemType": "Task",
        "System.State": "Done",
        "System.Reason": "Work finished",
        "System.CreatedDate": "2019-04-08T09:33:28.863Z",
        "System.CreatedBy": "Manjunatha N <manjunatha.n@ecanarys.com>",
        "System.ChangedDate": "2019-04-08T09:33:28.863Z",
        "System.ChangedBy": "Manjunatha N <manjunatha.n@ecanarys.com>",
        "System.Title": "Add destination links to home page",
        "Microsoft.VSTS.Scheduling.Effort": 0.0,
        "System.Description": "Add destination links to home page",
        "System.AssignedTo": "lsteel109@outlook.com",
        "Microsoft.VSTS.Scheduling.RemainingWork": 0.0,
        "Microsoft.VSTS.Common.Priority": 2.0,
        "System.BoardLane": null,
        "System.Tags": null,
        "Microsoft.VSTS.TCM.Steps": null,
        "Microsoft.VSTS.TCM.Parameters": null,
        "Microsoft.VSTS.TCM.LocalDataSource": null,
        "Microsoft.VSTS.TCM.AutomationStatus": null,
        "System.History": null
      },
      "relations": [
        {
          "rel": "System.LinkTypes.Hierarchy-Reverse",
          "url": "https://dev.azure.com/DemoGenProjects/_apis/wit/workItems/139",
          "attributes": {
            "isLocked": "false",
            "comment": "Making a new link for the dependency",
            "name": "Parent"
          }
        }
      ],
      "url": "https://dev.azure.com/DemoGenProjects/_apis/wit/workItems/153"
    },
    {
      "id": 152,
      "rev": 1,
      "fields": {
        "System.AreaPath": "A7-contososhuttle",
        "System.TeamProject": "A7-contososhuttle",
        "System.IterationPath": "A7-contososhuttle\\Sprint 2",
        "System.WorkItemType": "Task",
        "System.State": "Done",
        "System.Reason": "Work finished",
        "System.CreatedDate": "2019-04-08T09:33:28.563Z",
        "System.CreatedBy": "Manjunatha N <manjunatha.n@ecanarys.com>",
        "System.ChangedDate": "2019-04-08T09:33:28.563Z",
        "System.ChangedBy": "Manjunatha N <manjunatha.n@ecanarys.com>",
        "System.Title": "Enable filtering on schedules page",
        "Microsoft.VSTS.Scheduling.Effort": 0.0,
        "System.Description": "Enable filtering on schedules page",
        "System.AssignedTo": "lsteel109@outlook.com",
        "Microsoft.VSTS.Scheduling.RemainingWork": 0.0,
        "Microsoft.VSTS.Common.Priority": 2.0,
        "System.BoardLane": null,
        "System.Tags": null,
        "Microsoft.VSTS.TCM.Steps": null,
        "Microsoft.VSTS.TCM.Parameters": null,
        "Microsoft.VSTS.TCM.LocalDataSource": null,
        "Microsoft.VSTS.TCM.AutomationStatus": null,
        "System.History": null
      },
      "relations": [
        {
          "rel": "System.LinkTypes.Hierarchy-Reverse",
          "url": "https://dev.azure.com/DemoGenProjects/_apis/wit/workItems/139",
          "attributes": {
            "isLocked": "false",
            "comment": "Making a new link for the dependency",
            "name": "Parent"
          }
        }
      ],
      "url": "https://dev.azure.com/DemoGenProjects/_apis/wit/workItems/152"
    },
    {
      "id": 151,
      "rev": 1,
      "fields": {
        "System.AreaPath": "A7-contososhuttle",
        "System.TeamProject": "A7-contososhuttle",
        "System.IterationPath": "A7-contososhuttle\\Sprint 2",
        "System.WorkItemType": "Task",
        "System.State": "Done",
        "System.Reason": "Work finished",
        "System.CreatedDate": "2019-04-08T09:33:28.26Z",
        "System.CreatedBy": "Manjunatha N <manjunatha.n@ecanarys.com>",
        "System.ChangedDate": "2019-04-08T09:33:28.26Z",
        "System.ChangedBy": "Manjunatha N <manjunatha.n@ecanarys.com>",
        "System.Title": "Add link on home page to view schedules",
        "Microsoft.VSTS.Scheduling.Effort": 0.0,
        "System.Description": "Add link on home page to view schedules",
        "System.AssignedTo": "lsteel109@outlook.com",
        "Microsoft.VSTS.Scheduling.RemainingWork": 0.0,
        "Microsoft.VSTS.Common.Priority": 2.0,
        "System.BoardLane": null,
        "System.Tags": null,
        "Microsoft.VSTS.TCM.Steps": null,
        "Microsoft.VSTS.TCM.Parameters": null,
        "Microsoft.VSTS.TCM.LocalDataSource": null,
        "Microsoft.VSTS.TCM.AutomationStatus": null,
        "System.History": null
      },
      "relations": [
        {
          "rel": "System.LinkTypes.Hierarchy-Reverse",
          "url": "https://dev.azure.com/DemoGenProjects/_apis/wit/workItems/140",
          "attributes": {
            "isLocked": "false",
            "comment": "Making a new link for the dependency",
            "name": "Parent"
          }
        }
      ],
      "url": "https://dev.azure.com/DemoGenProjects/_apis/wit/workItems/151"
    },
    {
      "id": 150,
      "rev": 1,
      "fields": {
        "System.AreaPath": "A7-contososhuttle",
        "System.TeamProject": "A7-contososhuttle",
        "System.IterationPath": "A7-contososhuttle\\Sprint 2",
        "System.WorkItemType": "Task",
        "System.State": "Done",
        "System.Reason": "Work finished",
        "System.CreatedDate": "2019-04-08T09:33:27.92Z",
        "System.CreatedBy": "Manjunatha N <manjunatha.n@ecanarys.com>",
        "System.ChangedDate": "2019-04-08T09:33:27.92Z",
        "System.ChangedBy": "Manjunatha N <manjunatha.n@ecanarys.com>",
        "System.Title": "Add navigation to schedules page in header",
        "Microsoft.VSTS.Scheduling.Effort": 0.0,
        "System.Description": "Add navigation to schedules page in header",
        "System.AssignedTo": "craig109@outlook.com",
        "Microsoft.VSTS.Scheduling.RemainingWork": 0.0,
        "Microsoft.VSTS.Common.Priority": 2.0,
        "System.BoardLane": null,
        "System.Tags": null,
        "Microsoft.VSTS.TCM.Steps": null,
        "Microsoft.VSTS.TCM.Parameters": null,
        "Microsoft.VSTS.TCM.LocalDataSource": null,
        "Microsoft.VSTS.TCM.AutomationStatus": null,
        "System.History": null
      },
      "relations": [
        {
          "rel": "System.LinkTypes.Hierarchy-Reverse",
          "url": "https://dev.azure.com/DemoGenProjects/_apis/wit/workItems/140",
          "attributes": {
            "isLocked": "false",
            "comment": "Making a new link for the dependency",
            "name": "Parent"
          }
        }
      ],
      "url": "https://dev.azure.com/DemoGenProjects/_apis/wit/workItems/150"
    },
    {
      "id": 149,
      "rev": 1,
      "fields": {
        "System.AreaPath": "A7-contososhuttle",
        "System.TeamProject": "A7-contososhuttle",
        "System.IterationPath": "A7-contososhuttle\\Sprint 2",
        "System.WorkItemType": "Task",
        "System.State": "Done",
        "System.Reason": "Work finished",
        "System.CreatedDate": "2019-04-08T09:33:27.613Z",
        "System.CreatedBy": "Manjunatha N <manjunatha.n@ecanarys.com>",
        "System.ChangedDate": "2019-04-08T09:33:27.613Z",
        "System.ChangedBy": "Manjunatha N <manjunatha.n@ecanarys.com>",
        "System.Title": "Create schedules page",
        "Microsoft.VSTS.Scheduling.Effort": 0.0,
        "System.Description": "Create schedules page",
        "System.AssignedTo": "craig109@outlook.com",
        "Microsoft.VSTS.Scheduling.RemainingWork": 0.0,
        "Microsoft.VSTS.Common.Priority": 2.0,
        "System.BoardLane": null,
        "System.Tags": null,
        "Microsoft.VSTS.TCM.Steps": null,
        "Microsoft.VSTS.TCM.Parameters": null,
        "Microsoft.VSTS.TCM.LocalDataSource": null,
        "Microsoft.VSTS.TCM.AutomationStatus": null,
        "System.History": null
      },
      "relations": [
        {
          "rel": "System.LinkTypes.Hierarchy-Reverse",
          "url": "https://dev.azure.com/DemoGenProjects/_apis/wit/workItems/140",
          "attributes": {
            "isLocked": "false",
            "comment": "Making a new link for the dependency",
            "name": "Parent"
          }
        }
      ],
      "url": "https://dev.azure.com/DemoGenProjects/_apis/wit/workItems/149"
    },
    {
      "id": 148,
      "rev": 1,
      "fields": {
        "System.AreaPath": "A7-contososhuttle",
        "System.TeamProject": "A7-contososhuttle",
        "System.IterationPath": "A7-contososhuttle\\Sprint 2",
        "System.WorkItemType": "Task",
        "System.State": "Done",
        "System.Reason": "Work finished",
        "System.CreatedDate": "2019-04-08T09:33:27.31Z",
        "System.CreatedBy": "Manjunatha N <manjunatha.n@ecanarys.com>",
        "System.ChangedDate": "2019-04-08T09:33:27.31Z",
        "System.ChangedBy": "Manjunatha N <manjunatha.n@ecanarys.com>",
        "System.Title": "Create home page",
        "Microsoft.VSTS.Scheduling.Effort": 0.0,
        "System.Description": "Create home page",
        "System.AssignedTo": "craig109@outlook.com",
        "Microsoft.VSTS.Scheduling.RemainingWork": 0.0,
        "Microsoft.VSTS.Common.Priority": 2.0,
        "System.BoardLane": null,
        "System.Tags": null,
        "Microsoft.VSTS.TCM.Steps": null,
        "Microsoft.VSTS.TCM.Parameters": null,
        "Microsoft.VSTS.TCM.LocalDataSource": null,
        "Microsoft.VSTS.TCM.AutomationStatus": null,
        "System.History": null
      },
      "relations": [
        {
          "rel": "System.LinkTypes.Hierarchy-Reverse",
          "url": "https://dev.azure.com/DemoGenProjects/_apis/wit/workItems/140",
          "attributes": {
            "isLocked": "false",
            "comment": "Making a new link for the dependency",
            "name": "Parent"
          }
        }
      ],
      "url": "https://dev.azure.com/DemoGenProjects/_apis/wit/workItems/148"
    },
    {
      "id": 147,
      "rev": 1,
      "fields": {
        "System.AreaPath": "A7-contososhuttle",
        "System.TeamProject": "A7-contososhuttle",
        "System.IterationPath": "A7-contososhuttle\\Sprint 2",
        "System.WorkItemType": "Task",
        "System.State": "To Do",
        "System.Reason": "New task",
        "System.CreatedDate": "2019-04-08T09:33:26.987Z",
        "System.CreatedBy": "Manjunatha N <manjunatha.n@ecanarys.com>",
        "System.ChangedDate": "2019-04-08T09:33:26.987Z",
        "System.ChangedBy": "Manjunatha N <manjunatha.n@ecanarys.com>",
        "System.Title": "Initialize repo using Key Vault secret",
        "Microsoft.VSTS.Scheduling.Effort": 0.0,
        "System.Description": "Initialize repo using Key Vault secret",
        "System.AssignedTo": "lsteel109@outlook.com",
        "Microsoft.VSTS.Scheduling.RemainingWork": 0.0,
        "Microsoft.VSTS.Common.Priority": 2.0,
        "System.BoardLane": null,
        "System.Tags": null,
        "Microsoft.VSTS.TCM.Steps": null,
        "Microsoft.VSTS.TCM.Parameters": null,
        "Microsoft.VSTS.TCM.LocalDataSource": null,
        "Microsoft.VSTS.TCM.AutomationStatus": null,
        "System.History": null
      },
      "relations": [
        {
          "rel": "System.LinkTypes.Hierarchy-Reverse",
          "url": "https://dev.azure.com/DemoGenProjects/_apis/wit/workItems/141",
          "attributes": {
            "isLocked": "false",
            "comment": "Making a new link for the dependency",
            "name": "Parent"
          }
        }
      ],
      "url": "https://dev.azure.com/DemoGenProjects/_apis/wit/workItems/147"
    },
    {
      "id": 146,
      "rev": 1,
      "fields": {
        "System.AreaPath": "A7-contososhuttle",
        "System.TeamProject": "A7-contososhuttle",
        "System.IterationPath": "A7-contososhuttle\\Sprint 2",
        "System.WorkItemType": "Task",
        "System.State": "To Do",
        "System.Reason": "New task",
        "System.CreatedDate": "2019-04-08T09:33:26.677Z",
        "System.CreatedBy": "Manjunatha N <manjunatha.n@ecanarys.com>",
        "System.ChangedDate": "2019-04-08T09:33:26.677Z",
        "System.ChangedBy": "Manjunatha N <manjunatha.n@ecanarys.com>",
        "System.Title": "Create help page",
        "Microsoft.VSTS.Scheduling.Effort": 0.0,
        "System.Description": "Create help page",
        "System.AssignedTo": "lsteel109@outlook.com",
        "Microsoft.VSTS.Scheduling.RemainingWork": 0.0,
        "Microsoft.VSTS.Common.Priority": 2.0,
        "System.BoardLane": null,
        "System.Tags": null,
        "Microsoft.VSTS.TCM.Steps": null,
        "Microsoft.VSTS.TCM.Parameters": null,
        "Microsoft.VSTS.TCM.LocalDataSource": null,
        "Microsoft.VSTS.TCM.AutomationStatus": null,
        "System.History": null
      },
      "relations": [
        {
          "rel": "System.LinkTypes.Hierarchy-Reverse",
          "url": "https://dev.azure.com/DemoGenProjects/_apis/wit/workItems/142",
          "attributes": {
            "isLocked": "false",
            "comment": "Making a new link for the dependency",
            "name": "Parent"
          }
        }
      ],
      "url": "https://dev.azure.com/DemoGenProjects/_apis/wit/workItems/146"
    },
    {
      "id": 145,
      "rev": 1,
      "fields": {
        "System.AreaPath": "A7-contososhuttle",
        "System.TeamProject": "A7-contososhuttle",
        "System.IterationPath": "A7-contososhuttle\\Sprint 2",
        "System.WorkItemType": "Task",
        "System.State": "To Do",
        "System.Reason": "New task",
        "System.CreatedDate": "2019-04-08T09:33:26.36Z",
        "System.CreatedBy": "Manjunatha N <manjunatha.n@ecanarys.com>",
        "System.ChangedDate": "2019-04-08T09:33:26.36Z",
        "System.ChangedBy": "Manjunatha N <manjunatha.n@ecanarys.com>",
        "System.Title": "Add link to top navigation",
        "Microsoft.VSTS.Scheduling.Effort": 0.0,
        "System.Description": "Add link to top navigation",
        "System.AssignedTo": "ckelly109@outlook.com",
        "Microsoft.VSTS.Scheduling.RemainingWork": 0.0,
        "Microsoft.VSTS.Common.Priority": 2.0,
        "System.BoardLane": null,
        "System.Tags": null,
        "Microsoft.VSTS.TCM.Steps": null,
        "Microsoft.VSTS.TCM.Parameters": null,
        "Microsoft.VSTS.TCM.LocalDataSource": null,
        "Microsoft.VSTS.TCM.AutomationStatus": null,
        "System.History": null
      },
      "relations": [
        {
          "rel": "System.LinkTypes.Hierarchy-Reverse",
          "url": "https://dev.azure.com/DemoGenProjects/_apis/wit/workItems/142",
          "attributes": {
            "isLocked": "false",
            "comment": "Making a new link for the dependency",
            "name": "Parent"
          }
        }
      ],
      "url": "https://dev.azure.com/DemoGenProjects/_apis/wit/workItems/145"
    },
    {
      "id": 144,
      "rev": 1,
      "fields": {
        "System.AreaPath": "A7-contososhuttle",
        "System.TeamProject": "A7-contososhuttle",
        "System.IterationPath": "A7-contososhuttle\\Sprint 2",
        "System.WorkItemType": "Task",
        "System.State": "To Do",
        "System.Reason": "New task",
        "System.CreatedDate": "2019-04-08T09:33:26.037Z",
        "System.CreatedBy": "Manjunatha N <manjunatha.n@ecanarys.com>",
        "System.ChangedDate": "2019-04-08T09:33:26.037Z",
        "System.ChangedBy": "Manjunatha N <manjunatha.n@ecanarys.com>",
        "System.Title": "Add countdown timer to schedules page",
        "Microsoft.VSTS.Scheduling.Effort": 0.0,
        "System.Description": "Add countdown timer to schedules page",
        "System.AssignedTo": "Manjunatha N <manjunatha.n@ecanarys.com>",
        "Microsoft.VSTS.Scheduling.RemainingWork": 0.0,
        "Microsoft.VSTS.Common.Priority": 2.0,
        "System.BoardLane": null,
        "System.Tags": null,
        "Microsoft.VSTS.TCM.Steps": null,
        "Microsoft.VSTS.TCM.Parameters": null,
        "Microsoft.VSTS.TCM.LocalDataSource": null,
        "Microsoft.VSTS.TCM.AutomationStatus": null,
        "System.History": null
      },
      "relations": [
        {
          "rel": "System.LinkTypes.Hierarchy-Reverse",
          "url": "https://dev.azure.com/DemoGenProjects/_apis/wit/workItems/143",
          "attributes": {
            "isLocked": "false",
            "comment": "Making a new link for the dependency",
            "name": "Parent"
          }
        }
      ],
      "url": "https://dev.azure.com/DemoGenProjects/_apis/wit/workItems/144"
    }
  ],
  "HttpStatusCode": 0,
  "Message": null
}