{
  "count": 8,
  "value": [
    {
      "id": 477,
      "rev": 2,
      "fields": {
        "System.AreaPath": "MyHealthClinic2",
        "System.TeamProject": "MyHealthClinic2",
        "System.IterationPath": "MyHealthClinic2",
        "System.WorkItemType": "Feature",
        "System.State": "New",
        "System.Reason": "New feature",
        "System.CreatedDate": "2019-06-13T13:42:40.127Z",
        "System.CreatedBy": "Manjunatha N <manjunatha.n@ecanarys.com>",
        "System.ChangedDate": "2019-06-16T14:50:53.45Z",
        "System.ChangedBy": "Manjunatha N <manjunatha.n@ecanarys.com>",
        "System.Title": "Schedule Management",
        "Microsoft.VSTS.Scheduling.Effort": 0.0,
        "System.Description": "Schedule Management",
        "System.AssignedTo": null,
        "Microsoft.VSTS.Scheduling.RemainingWork": 15.0,
        "Microsoft.VSTS.Common.Priority": 2.0,
        "System.BoardLane": null,
        "System.Tags": null,
        "Microsoft.VSTS.TCM.Steps": null,
        "Microsoft.VSTS.TCM.Parameters": null,
        "Microsoft.VSTS.TCM.LocalDataSource": null,
        "Microsoft.VSTS.TCM.AutomationStatus": null,
        "System.History": null
      },
      "relations": [
        {
          "rel": "System.LinkTypes.Hierarchy-Reverse",
          "url": "https://dev.azure.com/TestDemoGenerate/_apis/wit/workItems/589",
          "attributes": {
            "isLocked": "false",
            "comment": "Making a new link for the dependency",
            "name": "Parent"
          }
        }
      ],
      "url": "https://dev.azure.com/TestDemoGenerate/_apis/wit/workItems/477"
    },
    {
      "id": 476,
      "rev": 2,
      "fields": {
        "System.AreaPath": "MyHealthClinic2",
        "System.TeamProject": "MyHealthClinic2",
        "System.IterationPath": "MyHealthClinic2",
        "System.WorkItemType": "Feature",
        "System.State": "New",
        "System.Reason": "New feature",
        "System.CreatedDate": "2019-06-13T13:42:39.687Z",
        "System.CreatedBy": "Manjunatha N <manjunatha.n@ecanarys.com>",
        "System.ChangedDate": "2019-06-16T14:50:53.45Z",
        "System.ChangedBy": "Manjunatha N <manjunatha.n@ecanarys.com>",
        "System.Title": "Backoffice",
        "Microsoft.VSTS.Scheduling.Effort": 0.0,
        "System.Description": "Need description.",
        "System.AssignedTo": "lsteel109@outlook.com",
        "Microsoft.VSTS.Scheduling.RemainingWork": 10.0,
        "Microsoft.VSTS.Common.Priority": 2.0,
        "System.BoardLane": null,
        "System.Tags": null,
        "Microsoft.VSTS.TCM.Steps": null,
        "Microsoft.VSTS.TCM.Parameters": null,
        "Microsoft.VSTS.TCM.LocalDataSource": null,
        "Microsoft.VSTS.TCM.AutomationStatus": null,
        "System.History": null
      },
      "relations": [
        {
          "rel": "System.LinkTypes.Hierarchy-Reverse",
          "url": "https://dev.azure.com/TestDemoGenerate/_apis/wit/workItems/587",
          "attributes": {
            "isLocked": "false",
            "comment": "Making a new link for the dependency",
            "name": "Parent"
          }
        }
      ],
      "url": "https://dev.azure.com/TestDemoGenerate/_apis/wit/workItems/476"
    },
    {
      "id": 475,
      "rev": 2,
      "fields": {
        "System.AreaPath": "MyHealthClinic2",
        "System.TeamProject": "MyHealthClinic2",
        "System.IterationPath": "MyHealthClinic2",
        "System.WorkItemType": "Feature",
        "System.State": "New",
        "System.Reason": "New feature",
        "System.CreatedDate": "2019-06-13T13:42:39.22Z",
        "System.CreatedBy": "Manjunatha N <manjunatha.n@ecanarys.com>",
        "System.ChangedDate": "2019-06-16T14:50:53.45Z",
        "System.ChangedBy": "Manjunatha N <manjunatha.n@ecanarys.com>",
        "System.Title": "Security",
        "Microsoft.VSTS.Scheduling.Effort": 0.0,
        "System.Description": "Need description.",
        "System.AssignedTo": "nmunger109@outlook.com",
        "Microsoft.VSTS.Scheduling.RemainingWork": 0.0,
        "Microsoft.VSTS.Common.Priority": 2.0,
        "System.BoardLane": null,
        "System.Tags": null,
        "Microsoft.VSTS.TCM.Steps": null,
        "Microsoft.VSTS.TCM.Parameters": null,
        "Microsoft.VSTS.TCM.LocalDataSource": null,
        "Microsoft.VSTS.TCM.AutomationStatus": null,
        "System.History": null
      },
      "relations": [
        {
          "rel": "System.LinkTypes.Hierarchy-Reverse",
          "url": "https://dev.azure.com/TestDemoGenerate/_apis/wit/workItems/590",
          "attributes": {
            "isLocked": "false",
            "comment": "Making a new link for the dependency",
            "name": "Parent"
          }
        }
      ],
      "url": "https://dev.azure.com/TestDemoGenerate/_apis/wit/workItems/475"
    },
    {
      "id": 474,
      "rev": 2,
      "fields": {
        "System.AreaPath": "MyHealthClinic2",
        "System.TeamProject": "MyHealthClinic2",
        "System.IterationPath": "MyHealthClinic2",
        "System.WorkItemType": "Feature",
        "System.State": "New",
        "System.Reason": "New feature",
        "System.CreatedDate": "2019-06-13T13:42:38.727Z",
        "System.CreatedBy": "Manjunatha N <manjunatha.n@ecanarys.com>",
        "System.ChangedDate": "2019-06-16T14:50:53.45Z",
        "System.ChangedBy": "Manjunatha N <manjunatha.n@ecanarys.com>",
        "System.Title": "Patient Register",
        "Microsoft.VSTS.Scheduling.Effort": 0.0,
        "System.Description": "Need description.",
        "System.AssignedTo": null,
        "Microsoft.VSTS.Scheduling.RemainingWork": 0.0,
        "Microsoft.VSTS.Common.Priority": 2.0,
        "System.BoardLane": null,
        "System.Tags": null,
        "Microsoft.VSTS.TCM.Steps": null,
        "Microsoft.VSTS.TCM.Parameters": null,
        "Microsoft.VSTS.TCM.LocalDataSource": null,
        "Microsoft.VSTS.TCM.AutomationStatus": null,
        "System.History": null
      },
      "relations": [
        {
          "rel": "System.LinkTypes.Hierarchy-Reverse",
          "url": "https://dev.azure.com/TestDemoGenerate/_apis/wit/workItems/586",
          "attributes": {
            "isLocked": "false",
            "comment": "Making a new link for the dependency",
            "name": "Parent"
          }
        }
      ],
      "url": "https://dev.azure.com/TestDemoGenerate/_apis/wit/workItems/474"
    },
    {
      "id": 473,
      "rev": 2,
      "fields": {
        "System.AreaPath": "MyHealthClinic2",
        "System.TeamProject": "MyHealthClinic2",
        "System.IterationPath": "MyHealthClinic2",
        "System.WorkItemType": "Feature",
        "System.State": "New",
        "System.Reason": "New feature",
        "System.CreatedDate": "2019-06-13T13:42:38.27Z",
        "System.CreatedBy": "Manjunatha N <manjunatha.n@ecanarys.com>",
        "System.ChangedDate": "2019-06-16T14:50:53.45Z",
        "System.ChangedBy": "Manjunatha N <manjunatha.n@ecanarys.com>",
        "System.Title": "Consultation Management",
        "Microsoft.VSTS.Scheduling.Effort": 0.0,
        "System.Description": "Consultation Management",
        "System.AssignedTo": "craig109@outlook.com",
        "Microsoft.VSTS.Scheduling.RemainingWork": 0.0,
        "Microsoft.VSTS.Common.Priority": 2.0,
        "System.BoardLane": null,
        "System.Tags": null,
        "Microsoft.VSTS.TCM.Steps": null,
        "Microsoft.VSTS.TCM.Parameters": null,
        "Microsoft.VSTS.TCM.LocalDataSource": null,
        "Microsoft.VSTS.TCM.AutomationStatus": null,
        "System.History": null
      },
      "relations": [
        {
          "rel": "System.LinkTypes.Hierarchy-Reverse",
          "url": "https://dev.azure.com/TestDemoGenerate/_apis/wit/workItems/589",
          "attributes": {
            "isLocked": "false",
            "comment": "Making a new link for the dependency",
            "name": "Parent"
          }
        }
      ],
      "url": "https://dev.azure.com/TestDemoGenerate/_apis/wit/workItems/473"
    },
    {
      "id": 472,
      "rev": 2,
      "fields": {
        "System.AreaPath": "MyHealthClinic2",
        "System.TeamProject": "MyHealthClinic2",
        "System.IterationPath": "MyHealthClinic2",
        "System.WorkItemType": "Feature",
        "System.State": "New",
        "System.Reason": "New feature",
        "System.CreatedDate": "2019-06-13T13:42:37.813Z",
        "System.CreatedBy": "Manjunatha N <manjunatha.n@ecanarys.com>",
        "System.ChangedDate": "2019-06-16T14:50:53.45Z",
        "System.ChangedBy": "Manjunatha N <manjunatha.n@ecanarys.com>",
        "System.Title": "Appointments Management",
        "Microsoft.VSTS.Scheduling.Effort": 0.0,
        "System.Description": "Need description.",
        "System.AssignedTo": "lsteel109@outlook.com",
        "Microsoft.VSTS.Scheduling.RemainingWork": 0.0,
        "Microsoft.VSTS.Common.Priority": 2.0,
        "System.BoardLane": null,
        "System.Tags": null,
        "Microsoft.VSTS.TCM.Steps": null,
        "Microsoft.VSTS.TCM.Parameters": null,
        "Microsoft.VSTS.TCM.LocalDataSource": null,
        "Microsoft.VSTS.TCM.AutomationStatus": null,
        "System.History": null
      },
      "relations": [
        {
          "rel": "System.LinkTypes.Hierarchy-Reverse",
          "url": "https://dev.azure.com/TestDemoGenerate/_apis/wit/workItems/588",
          "attributes": {
            "isLocked": "false",
            "comment": "Making a new link for the dependency",
            "name": "Parent"
          }
        }
      ],
      "url": "https://dev.azure.com/TestDemoGenerate/_apis/wit/workItems/472"
    },
    {
      "id": 471,
      "rev": 2,
      "fields": {
        "System.AreaPath": "MyHealthClinic2",
        "System.TeamProject": "MyHealthClinic2",
        "System.IterationPath": "MyHealthClinic2",
        "System.WorkItemType": "Feature",
        "System.State": "New",
        "System.Reason": "New feature",
        "System.CreatedDate": "2019-06-13T13:42:37.34Z",
        "System.CreatedBy": "Manjunatha N <manjunatha.n@ecanarys.com>",
        "System.ChangedDate": "2019-06-16T14:50:53.45Z",
        "System.ChangedBy": "Manjunatha N <manjunatha.n@ecanarys.com>",
        "System.Title": "Alerts and Reminders",
        "Microsoft.VSTS.Scheduling.Effort": 0.0,
        "System.Description": "Alerts and Reminders",
        "System.AssignedTo": "craig109@outlook.com",
        "Microsoft.VSTS.Scheduling.RemainingWork": 0.0,
        "Microsoft.VSTS.Common.Priority": 2.0,
        "System.BoardLane": null,
        "System.Tags": null,
        "Microsoft.VSTS.TCM.Steps": null,
        "Microsoft.VSTS.TCM.Parameters": null,
        "Microsoft.VSTS.TCM.LocalDataSource": null,
        "Microsoft.VSTS.TCM.AutomationStatus": null,
        "System.History": null
      },
      "relations": [
        {
          "rel": "System.LinkTypes.Hierarchy-Reverse",
          "url": "https://dev.azure.com/TestDemoGenerate/_apis/wit/workItems/588",
          "attributes": {
            "isLocked": "false",
            "comment": "Making a new link for the dependency",
            "name": "Parent"
          }
        }
      ],
      "url": "https://dev.azure.com/TestDemoGenerate/_apis/wit/workItems/471"
    },
    {
      "id": 470,
      "rev": 2,
      "fields": {
        "System.AreaPath": "MyHealthClinic2",
        "System.TeamProject": "MyHealthClinic2",
        "System.IterationPath": "MyHealthClinic2",
        "System.WorkItemType": "Feature",
        "System.State": "New",
        "System.Reason": "New feature",
        "System.CreatedDate": "2019-06-13T13:42:36.87Z",
        "System.CreatedBy": "Manjunatha N <manjunatha.n@ecanarys.com>",
        "System.ChangedDate": "2019-06-16T14:50:53.45Z",
        "System.ChangedBy": "Manjunatha N <manjunatha.n@ecanarys.com>",
        "System.Title": "Visit Management",
        "Microsoft.VSTS.Scheduling.Effort": 0.0,
        "System.Description": "Visit Management",
        "System.AssignedTo": "craig109@outlook.com",
        "Microsoft.VSTS.Scheduling.RemainingWork": 0.0,
        "Microsoft.VSTS.Common.Priority": 2.0,
        "System.BoardLane": null,
        "System.Tags": null,
        "Microsoft.VSTS.TCM.Steps": null,
        "Microsoft.VSTS.TCM.Parameters": null,
        "Microsoft.VSTS.TCM.LocalDataSource": null,
        "Microsoft.VSTS.TCM.AutomationStatus": null,
        "System.History": null
      },
      "relations": [
        {
          "rel": "System.LinkTypes.Hierarchy-Reverse",
          "url": "https://dev.azure.com/TestDemoGenerate/_apis/wit/workItems/586",
          "attributes": {
            "isLocked": "false",
            "comment": "Making a new link for the dependency",
            "name": "Parent"
          }
        }
      ],
      "url": "https://dev.azure.com/TestDemoGenerate/_apis/wit/workItems/470"
    }
  ],
  "HttpStatusCode": 0,
  "Message": null
}