{
  "count": 19,
  "value": [
    {
      "id": 496,
      "rev": 1,
      "fields": {
        "System.AreaPath": "MyHealthClinic2",
        "System.TeamProject": "MyHealthClinic2",
        "System.IterationPath": "MyHealthClinic2",
        "System.WorkItemType": "Product Backlog Item",
        "System.State": "Approved",
        "System.Reason": "Approved by the Product Owner",
        "System.CreatedDate": "2019-06-13T13:42:48.97Z",
        "System.CreatedBy": "Manjunatha N <manjunatha.n@ecanarys.com>",
        "System.ChangedDate": "2019-06-13T13:42:48.97Z",
        "System.ChangedBy": "Manjunatha N <manjunatha.n@ecanarys.com>",
        "System.Title": "Manage Doctors Schedule",
        "Microsoft.VSTS.Scheduling.Effort": 0.0,
        "System.Description": "Manage Doctors",
        "System.AssignedTo": "ckelly109@outlook.com",
        "Microsoft.VSTS.Scheduling.RemainingWork": 15.0,
        "Microsoft.VSTS.Common.Priority": 2.0,
        "System.BoardLane": null,
        "System.Tags": "Admin; Doctor",
        "Microsoft.VSTS.TCM.Steps": null,
        "Microsoft.VSTS.TCM.Parameters": null,
        "Microsoft.VSTS.TCM.LocalDataSource": null,
        "Microsoft.VSTS.TCM.AutomationStatus": null,
        "System.History": null
      },
      "relations": [
        {
          "rel": "Microsoft.VSTS.Common.TestedBy-Forward",
          "url": "https://dev.azure.com/TestDemoGenerate/_apis/wit/workItems/578",
          "attributes": {
            "isLocked": "false",
            "comment": "Making a new link for the dependency",
            "name": "Tested By"
          }
        },
        {
          "rel": "Microsoft.VSTS.Common.TestedBy-Forward",
          "url": "https://dev.azure.com/TestDemoGenerate/_apis/wit/workItems/577",
          "attributes": {
            "isLocked": "false",
            "comment": "Making a new link for the dependency",
            "name": "Tested By"
          }
        },
        {
          "rel": "Microsoft.VSTS.Common.TestedBy-Forward",
          "url": "https://dev.azure.com/TestDemoGenerate/_apis/wit/workItems/576",
          "attributes": {
            "isLocked": "false",
            "comment": "Making a new link for the dependency",
            "name": "Tested By"
          }
        }
      ],
      "url": "https://dev.azure.com/TestDemoGenerate/_apis/wit/workItems/496"
    },
    {
      "id": 495,
      "rev": 1,
      "fields": {
        "System.AreaPath": "MyHealthClinic2",
        "System.TeamProject": "MyHealthClinic2",
        "System.IterationPath": "MyHealthClinic2",
        "System.WorkItemType": "Product Backlog Item",
        "System.State": "Approved",
        "System.Reason": "Approved by the Product Owner",
        "System.CreatedDate": "2019-06-13T13:42:48.5Z",
        "System.CreatedBy": "Manjunatha N <manjunatha.n@ecanarys.com>",
        "System.ChangedDate": "2019-06-13T13:42:48.5Z",
        "System.ChangedBy": "Manjunatha N <manjunatha.n@ecanarys.com>",
        "System.Title": "Patient Medical History",
        "Microsoft.VSTS.Scheduling.Effort": 1.0,
        "System.Description": "Need description.",
        "System.AssignedTo": "lsteel109@outlook.com",
        "Microsoft.VSTS.Scheduling.RemainingWork": 5.0,
        "Microsoft.VSTS.Common.Priority": 2.0,
        "System.BoardLane": null,
        "System.Tags": "Admin; Compliance; Doctor",
        "Microsoft.VSTS.TCM.Steps": null,
        "Microsoft.VSTS.TCM.Parameters": null,
        "Microsoft.VSTS.TCM.LocalDataSource": null,
        "Microsoft.VSTS.TCM.AutomationStatus": null,
        "System.History": null
      },
      "relations": null,
      "url": "https://dev.azure.com/TestDemoGenerate/_apis/wit/workItems/495"
    },
    {
      "id": 494,
      "rev": 1,
      "fields": {
        "System.AreaPath": "MyHealthClinic2",
        "System.TeamProject": "MyHealthClinic2",
        "System.IterationPath": "MyHealthClinic2",
        "System.WorkItemType": "Product Backlog Item",
        "System.State": "Approved",
        "System.Reason": "Approved by the Product Owner",
        "System.CreatedDate": "2019-06-13T13:42:48.027Z",
        "System.CreatedBy": "Manjunatha N <manjunatha.n@ecanarys.com>",
        "System.ChangedDate": "2019-06-13T13:42:48.027Z",
        "System.ChangedBy": "Manjunatha N <manjunatha.n@ecanarys.com>",
        "System.Title": "Update visit status",
        "Microsoft.VSTS.Scheduling.Effort": 0.0,
        "System.Description": "Update visit status",
        "System.AssignedTo": "ckelly109@outlook.com",
        "Microsoft.VSTS.Scheduling.RemainingWork": 0.0,
        "Microsoft.VSTS.Common.Priority": 2.0,
        "System.BoardLane": null,
        "System.Tags": "Admin",
        "Microsoft.VSTS.TCM.Steps": null,
        "Microsoft.VSTS.TCM.Parameters": null,
        "Microsoft.VSTS.TCM.LocalDataSource": null,
        "Microsoft.VSTS.TCM.AutomationStatus": null,
        "System.History": null
      },
      "relations": [
        {
          "rel": "Microsoft.VSTS.Common.TestedBy-Forward",
          "url": "https://dev.azure.com/TestDemoGenerate/_apis/wit/workItems/575",
          "attributes": {
            "isLocked": "false",
            "comment": "Making a new link for the dependency",
            "name": "Tested By"
          }
        },
        {
          "rel": "Microsoft.VSTS.Common.TestedBy-Forward",
          "url": "https://dev.azure.com/TestDemoGenerate/_apis/wit/workItems/574",
          "attributes": {
            "isLocked": "false",
            "comment": "Making a new link for the dependency",
            "name": "Tested By"
          }
        }
      ],
      "url": "https://dev.azure.com/TestDemoGenerate/_apis/wit/workItems/494"
    },
    {
      "id": 493,
      "rev": 1,
      "fields": {
        "System.AreaPath": "MyHealthClinic2",
        "System.TeamProject": "MyHealthClinic2",
        "System.IterationPath": "MyHealthClinic2",
        "System.WorkItemType": "Product Backlog Item",
        "System.State": "Approved",
        "System.Reason": "Approved by the Product Owner",
        "System.CreatedDate": "2019-06-13T13:42:47.573Z",
        "System.CreatedBy": "Manjunatha N <manjunatha.n@ecanarys.com>",
        "System.ChangedDate": "2019-06-13T13:42:47.573Z",
        "System.ChangedBy": "Manjunatha N <manjunatha.n@ecanarys.com>",
        "System.Title": "Appointment detail info",
        "Microsoft.VSTS.Scheduling.Effort": 3.0,
        "System.Description": "Need description.",
        "System.AssignedTo": "ckelly109@outlook.com",
        "Microsoft.VSTS.Scheduling.RemainingWork": 0.0,
        "Microsoft.VSTS.Common.Priority": 2.0,
        "System.BoardLane": null,
        "System.Tags": "Admin; Doctor; Mobile; Patient",
        "Microsoft.VSTS.TCM.Steps": null,
        "Microsoft.VSTS.TCM.Parameters": null,
        "Microsoft.VSTS.TCM.LocalDataSource": null,
        "Microsoft.VSTS.TCM.AutomationStatus": null,
        "System.History": null
      },
      "relations": [
        {
          "rel": "Microsoft.VSTS.Common.TestedBy-Forward",
          "url": "https://dev.azure.com/TestDemoGenerate/_apis/wit/workItems/582",
          "attributes": {
            "isLocked": "false",
            "comment": "Making a new link for the dependency",
            "name": "Tested By"
          }
        },
        {
          "rel": "Microsoft.VSTS.Common.TestedBy-Forward",
          "url": "https://dev.azure.com/TestDemoGenerate/_apis/wit/workItems/579",
          "attributes": {
            "isLocked": "false",
            "comment": "Making a new link for the dependency",
            "name": "Tested By"
          }
        },
        {
          "rel": "Microsoft.VSTS.Common.TestedBy-Forward",
          "url": "https://dev.azure.com/TestDemoGenerate/_apis/wit/workItems/581",
          "attributes": {
            "isLocked": "false",
            "comment": "Making a new link for the dependency",
            "name": "Tested By"
          }
        },
        {
          "rel": "Microsoft.VSTS.Common.TestedBy-Forward",
          "url": "https://dev.azure.com/TestDemoGenerate/_apis/wit/workItems/580",
          "attributes": {
            "isLocked": "false",
            "comment": "Making a new link for the dependency",
            "name": "Tested By"
          }
        },
        {
          "rel": "Microsoft.VSTS.Common.TestedBy-Forward",
          "url": "https://dev.azure.com/TestDemoGenerate/_apis/wit/workItems/545",
          "attributes": {
            "isLocked": "false",
            "comment": "Making a new link for the dependency",
            "name": "Tested By"
          }
        },
        {
          "rel": "Microsoft.VSTS.Common.TestedBy-Forward",
          "url": "https://dev.azure.com/TestDemoGenerate/_apis/wit/workItems/546",
          "attributes": {
            "isLocked": "false",
            "comment": "Making a new link for the dependency",
            "name": "Tested By"
          }
        }
      ],
      "url": "https://dev.azure.com/TestDemoGenerate/_apis/wit/workItems/493"
    },
    {
      "id": 492,
      "rev": 1,
      "fields": {
        "System.AreaPath": "MyHealthClinic2",
        "System.TeamProject": "MyHealthClinic2",
        "System.IterationPath": "MyHealthClinic2\\Sprint 1",
        "System.WorkItemType": "Product Backlog Item",
        "System.State": "Committed",
        "System.Reason": "Additional work found",
        "System.CreatedDate": "2019-06-13T13:42:47.107Z",
        "System.CreatedBy": "Manjunatha N <manjunatha.n@ecanarys.com>",
        "System.ChangedDate": "2019-06-13T13:42:47.107Z",
        "System.ChangedBy": "Manjunatha N <manjunatha.n@ecanarys.com>",
        "System.Title": "Patient Information Summary",
        "Microsoft.VSTS.Scheduling.Effort": 35.0,
        "System.Description": "Personal Patient Information",
        "System.AssignedTo": "nmunger109@outlook.com",
        "Microsoft.VSTS.Scheduling.RemainingWork": 0.0,
        "Microsoft.VSTS.Common.Priority": 2.0,
        "System.BoardLane": null,
        "System.Tags": "Admin; Compliance; Doctor; Patient",
        "Microsoft.VSTS.TCM.Steps": null,
        "Microsoft.VSTS.TCM.Parameters": null,
        "Microsoft.VSTS.TCM.LocalDataSource": null,
        "Microsoft.VSTS.TCM.AutomationStatus": null,
        "System.History": null
      },
      "relations": null,
      "url": "https://dev.azure.com/TestDemoGenerate/_apis/wit/workItems/492"
    },
    {
      "id": 491,
      "rev": 1,
      "fields": {
        "System.AreaPath": "MyHealthClinic2",
        "System.TeamProject": "MyHealthClinic2",
        "System.IterationPath": "MyHealthClinic2\\Sprint 1",
        "System.WorkItemType": "Product Backlog Item",
        "System.State": "Committed",
        "System.Reason": "Additional work found",
        "System.CreatedDate": "2019-06-13T13:42:46.657Z",
        "System.CreatedBy": "Manjunatha N <manjunatha.n@ecanarys.com>",
        "System.ChangedDate": "2019-06-13T13:42:46.657Z",
        "System.ChangedBy": "Manjunatha N <manjunatha.n@ecanarys.com>",
        "System.Title": "My Medical Appointments",
        "Microsoft.VSTS.Scheduling.Effort": 30.0,
        "System.Description": "My Medical Appointments",
        "System.AssignedTo": "nmunger109@outlook.com",
        "Microsoft.VSTS.Scheduling.RemainingWork": 0.0,
        "Microsoft.VSTS.Common.Priority": 1.0,
        "System.BoardLane": null,
        "System.Tags": "Calendar; Mobile; Patient",
        "Microsoft.VSTS.TCM.Steps": null,
        "Microsoft.VSTS.TCM.Parameters": null,
        "Microsoft.VSTS.TCM.LocalDataSource": null,
        "Microsoft.VSTS.TCM.AutomationStatus": null,
        "System.History": null
      },
      "relations": null,
      "url": "https://dev.azure.com/TestDemoGenerate/_apis/wit/workItems/491"
    },
    {
      "id": 490,
      "rev": 1,
      "fields": {
        "System.AreaPath": "MyHealthClinic2",
        "System.TeamProject": "MyHealthClinic2",
        "System.IterationPath": "MyHealthClinic2\\Sprint 1",
        "System.WorkItemType": "Product Backlog Item",
        "System.State": "Done",
        "System.Reason": "Work finished",
        "System.CreatedDate": "2019-06-13T13:42:46.19Z",
        "System.CreatedBy": "Manjunatha N <manjunatha.n@ecanarys.com>",
        "System.ChangedDate": "2019-06-13T13:42:46.19Z",
        "System.ChangedBy": "Manjunatha N <manjunatha.n@ecanarys.com>",
        "System.Title": "Create recurring appointment",
        "Microsoft.VSTS.Scheduling.Effort": 25.0,
        "System.Description": "We need to be able to crate new appointments for the clinic",
        "System.AssignedTo": "lsteel109@outlook.com",
        "Microsoft.VSTS.Scheduling.RemainingWork": 0.0,
        "Microsoft.VSTS.Common.Priority": 1.0,
        "System.BoardLane": null,
        "System.Tags": null,
        "Microsoft.VSTS.TCM.Steps": null,
        "Microsoft.VSTS.TCM.Parameters": null,
        "Microsoft.VSTS.TCM.LocalDataSource": null,
        "Microsoft.VSTS.TCM.AutomationStatus": null,
        "System.History": null
      },
      "relations": null,
      "url": "https://dev.azure.com/TestDemoGenerate/_apis/wit/workItems/490"
    },
    {
      "id": 489,
      "rev": 3,
      "fields": {
        "System.AreaPath": "MyHealthClinic2",
        "System.TeamProject": "MyHealthClinic2",
        "System.IterationPath": "MyHealthClinic2",
        "System.WorkItemType": "Product Backlog Item",
        "System.State": "New",
        "System.Reason": "New backlog item",
        "System.CreatedDate": "2019-06-13T13:42:45.743Z",
        "System.CreatedBy": "Manjunatha N <manjunatha.n@ecanarys.com>",
        "System.ChangedDate": "2019-06-13T13:43:32.643Z",
        "System.ChangedBy": "Manjunatha N <manjunatha.n@ecanarys.com>",
        "System.Title": "Add Contact Us to the WebApp",
        "Microsoft.VSTS.Scheduling.Effort": 0.0,
        "System.Description": "Add Contact Us to the WebApp",
        "System.AssignedTo": "ckelly109@outlook.com",
        "Microsoft.VSTS.Scheduling.RemainingWork": 0.0,
        "Microsoft.VSTS.Common.Priority": 2.0,
        "System.BoardLane": null,
        "System.Tags": null,
        "Microsoft.VSTS.TCM.Steps": null,
        "Microsoft.VSTS.TCM.Parameters": null,
        "Microsoft.VSTS.TCM.LocalDataSource": null,
        "Microsoft.VSTS.TCM.AutomationStatus": null,
        "System.History": null
      },
      "relations": [
        {
          "rel": "ArtifactLink",
          "url": "vstfs:///Git/Commit/3a111f9b-125c-40b5-aec1-a2e2c2d13c86%2f899b5efa-5a01-4995-bedc-799422ec9f27%2f180f79b29eea8a90998c7a75acdb806cc31cbbad",
          "attributes": {
            "authorizedDate": "2019-06-13T13:43:32.177Z",
            "id": "1833608",
            "resourceCreatedDate": "2019-06-13T13:43:32.177Z",
            "resourceModifiedDate": "2019-06-13T13:43:32.177Z",
            "revisedDate": "9999-01-01T00:00:00Z",
            "name": "Fixed in Commit"
          }
        },
        {
          "rel": "ArtifactLink",
          "url": "vstfs:///Git/PullRequestId/3a111f9b-125c-40b5-aec1-a2e2c2d13c86%2F899b5efa-5a01-4995-bedc-799422ec9f27%2F$Added Contact Us Tab to homepage$",
          "attributes": {
            "authorizedDate": "2019-06-13T13:43:32.643Z",
            "id": "1833609",
            "resourceCreatedDate": "2019-06-13T13:43:32.643Z",
            "resourceModifiedDate": "2019-06-13T13:43:32.643Z",
            "revisedDate": "9999-01-01T00:00:00Z",
            "name": "Pull Request"
          }
        }
      ],
      "url": "https://dev.azure.com/TestDemoGenerate/_apis/wit/workItems/489"
    },
    {
      "id": 488,
      "rev": 1,
      "fields": {
        "System.AreaPath": "MyHealthClinic2",
        "System.TeamProject": "MyHealthClinic2",
        "System.IterationPath": "MyHealthClinic2",
        "System.WorkItemType": "Product Backlog Item",
        "System.State": "New",
        "System.Reason": "Moved to the backlog",
        "System.CreatedDate": "2019-06-13T13:42:45.28Z",
        "System.CreatedBy": "Manjunatha N <manjunatha.n@ecanarys.com>",
        "System.ChangedDate": "2019-06-13T13:42:45.28Z",
        "System.ChangedBy": "Manjunatha N <manjunatha.n@ecanarys.com>",
        "System.Title": "Countdown to the next pill",
        "Microsoft.VSTS.Scheduling.Effort": 5.0,
        "System.Description": "Need description.",
        "System.AssignedTo": "ckelly109@outlook.com",
        "Microsoft.VSTS.Scheduling.RemainingWork": 4.0,
        "Microsoft.VSTS.Common.Priority": 2.0,
        "System.BoardLane": null,
        "System.Tags": "Mobile; Notification",
        "Microsoft.VSTS.TCM.Steps": null,
        "Microsoft.VSTS.TCM.Parameters": null,
        "Microsoft.VSTS.TCM.LocalDataSource": null,
        "Microsoft.VSTS.TCM.AutomationStatus": null,
        "System.History": null
      },
      "relations": null,
      "url": "https://dev.azure.com/TestDemoGenerate/_apis/wit/workItems/488"
    },
    {
      "id": 487,
      "rev": 1,
      "fields": {
        "System.AreaPath": "MyHealthClinic2",
        "System.TeamProject": "MyHealthClinic2",
        "System.IterationPath": "MyHealthClinic2",
        "System.WorkItemType": "Product Backlog Item",
        "System.State": "New",
        "System.Reason": "New backlog item",
        "System.CreatedDate": "2019-06-13T13:42:44.81Z",
        "System.CreatedBy": "Manjunatha N <manjunatha.n@ecanarys.com>",
        "System.ChangedDate": "2019-06-13T13:42:44.81Z",
        "System.ChangedBy": "Manjunatha N <manjunatha.n@ecanarys.com>",
        "System.Title": "Appointment Reminders",
        "Microsoft.VSTS.Scheduling.Effort": 0.0,
        "System.Description": "Appointment Integration with Native Calendar",
        "System.AssignedTo": "nmunger109@outlook.com",
        "Microsoft.VSTS.Scheduling.RemainingWork": 0.0,
        "Microsoft.VSTS.Common.Priority": 2.0,
        "System.BoardLane": null,
        "System.Tags": "Doctor; Mobile; Notification; Patient",
        "Microsoft.VSTS.TCM.Steps": null,
        "Microsoft.VSTS.TCM.Parameters": null,
        "Microsoft.VSTS.TCM.LocalDataSource": null,
        "Microsoft.VSTS.TCM.AutomationStatus": null,
        "System.History": null
      },
      "relations": [
        {
          "rel": "Microsoft.VSTS.Common.TestedBy-Forward",
          "url": "https://dev.azure.com/TestDemoGenerate/_apis/wit/workItems/571",
          "attributes": {
            "isLocked": "false",
            "comment": "Making a new link for the dependency",
            "name": "Tested By"
          }
        },
        {
          "rel": "Microsoft.VSTS.Common.TestedBy-Forward",
          "url": "https://dev.azure.com/TestDemoGenerate/_apis/wit/workItems/572",
          "attributes": {
            "isLocked": "false",
            "comment": "Making a new link for the dependency",
            "name": "Tested By"
          }
        },
        {
          "rel": "Microsoft.VSTS.Common.TestedBy-Forward",
          "url": "https://dev.azure.com/TestDemoGenerate/_apis/wit/workItems/573",
          "attributes": {
            "isLocked": "false",
            "comment": "Making a new link for the dependency",
            "name": "Tested By"
          }
        }
      ],
      "url": "https://dev.azure.com/TestDemoGenerate/_apis/wit/workItems/487"
    },
    {
      "id": 486,
      "rev": 1,
      "fields": {
        "System.AreaPath": "MyHealthClinic2",
        "System.TeamProject": "MyHealthClinic2",
        "System.IterationPath": "MyHealthClinic2",
        "System.WorkItemType": "Product Backlog Item",
        "System.State": "New",
        "System.Reason": "New backlog item",
        "System.CreatedDate": "2019-06-13T13:42:44.357Z",
        "System.CreatedBy": "Manjunatha N <manjunatha.n@ecanarys.com>",
        "System.ChangedDate": "2019-06-13T13:42:44.357Z",
        "System.ChangedBy": "Manjunatha N <manjunatha.n@ecanarys.com>",
        "System.Title": "Backend Services",
        "Microsoft.VSTS.Scheduling.Effort": 0.0,
        "System.Description": "Backend Services",
        "System.AssignedTo": "lsteel109@outlook.com",
        "Microsoft.VSTS.Scheduling.RemainingWork": 10.0,
        "Microsoft.VSTS.Common.Priority": 2.0,
        "System.BoardLane": null,
        "System.Tags": null,
        "Microsoft.VSTS.TCM.Steps": null,
        "Microsoft.VSTS.TCM.Parameters": null,
        "Microsoft.VSTS.TCM.LocalDataSource": null,
        "Microsoft.VSTS.TCM.AutomationStatus": null,
        "System.History": null
      },
      "relations": null,
      "url": "https://dev.azure.com/TestDemoGenerate/_apis/wit/workItems/486"
    },
    {
      "id": 485,
      "rev": 1,
      "fields": {
        "System.AreaPath": "MyHealthClinic2",
        "System.TeamProject": "MyHealthClinic2",
        "System.IterationPath": "MyHealthClinic2",
        "System.WorkItemType": "Product Backlog Item",
        "System.State": "New",
        "System.Reason": "Moved to the backlog",
        "System.CreatedDate": "2019-06-13T13:42:43.91Z",
        "System.CreatedBy": "Manjunatha N <manjunatha.n@ecanarys.com>",
        "System.ChangedDate": "2019-06-13T13:42:43.91Z",
        "System.ChangedBy": "Manjunatha N <manjunatha.n@ecanarys.com>",
        "System.Title": "Send e-prescription to patients",
        "Microsoft.VSTS.Scheduling.Effort": 4.0,
        "System.Description": "Need description.",
        "System.AssignedTo": "lsteel109@outlook.com",
        "Microsoft.VSTS.Scheduling.RemainingWork": 17.0,
        "Microsoft.VSTS.Common.Priority": 2.0,
        "System.BoardLane": null,
        "System.Tags": "Admin; Doctor",
        "Microsoft.VSTS.TCM.Steps": null,
        "Microsoft.VSTS.TCM.Parameters": null,
        "Microsoft.VSTS.TCM.LocalDataSource": null,
        "Microsoft.VSTS.TCM.AutomationStatus": null,
        "System.History": null
      },
      "relations": [
        {
          "rel": "Microsoft.VSTS.Common.TestedBy-Forward",
          "url": "https://dev.azure.com/TestDemoGenerate/_apis/wit/workItems/564",
          "attributes": {
            "isLocked": "false",
            "comment": "Making a new link for the dependency",
            "name": "Tested By"
          }
        }
      ],
      "url": "https://dev.azure.com/TestDemoGenerate/_apis/wit/workItems/485"
    },
    {
      "id": 484,
      "rev": 1,
      "fields": {
        "System.AreaPath": "MyHealthClinic2",
        "System.TeamProject": "MyHealthClinic2",
        "System.IterationPath": "MyHealthClinic2",
        "System.WorkItemType": "Product Backlog Item",
        "System.State": "New",
        "System.Reason": "New backlog item",
        "System.CreatedDate": "2019-06-13T13:42:43.447Z",
        "System.CreatedBy": "Manjunatha N <manjunatha.n@ecanarys.com>",
        "System.ChangedDate": "2019-06-13T13:42:43.447Z",
        "System.ChangedBy": "Manjunatha N <manjunatha.n@ecanarys.com>",
        "System.Title": "Payment Reminders",
        "Microsoft.VSTS.Scheduling.Effort": 0.0,
        "System.Description": "Payment Reminders",
        "System.AssignedTo": "craig109@outlook.com",
        "Microsoft.VSTS.Scheduling.RemainingWork": 0.0,
        "Microsoft.VSTS.Common.Priority": 2.0,
        "System.BoardLane": null,
        "System.Tags": "Admin; Finance",
        "Microsoft.VSTS.TCM.Steps": null,
        "Microsoft.VSTS.TCM.Parameters": null,
        "Microsoft.VSTS.TCM.LocalDataSource": null,
        "Microsoft.VSTS.TCM.AutomationStatus": null,
        "System.History": null
      },
      "relations": [
        {
          "rel": "Microsoft.VSTS.Common.TestedBy-Forward",
          "url": "https://dev.azure.com/TestDemoGenerate/_apis/wit/workItems/570",
          "attributes": {
            "isLocked": "false",
            "comment": "Making a new link for the dependency",
            "name": "Tested By"
          }
        },
        {
          "rel": "Microsoft.VSTS.Common.TestedBy-Forward",
          "url": "https://dev.azure.com/TestDemoGenerate/_apis/wit/workItems/568",
          "attributes": {
            "isLocked": "false",
            "comment": "Making a new link for the dependency",
            "name": "Tested By"
          }
        },
        {
          "rel": "Microsoft.VSTS.Common.TestedBy-Forward",
          "url": "https://dev.azure.com/TestDemoGenerate/_apis/wit/workItems/569",
          "attributes": {
            "isLocked": "false",
            "comment": "Making a new link for the dependency",
            "name": "Tested By"
          }
        }
      ],
      "url": "https://dev.azure.com/TestDemoGenerate/_apis/wit/workItems/484"
    },
    {
      "id": 483,
      "rev": 1,
      "fields": {
        "System.AreaPath": "MyHealthClinic2",
        "System.TeamProject": "MyHealthClinic2",
        "System.IterationPath": "MyHealthClinic2",
        "System.WorkItemType": "Product Backlog Item",
        "System.State": "New",
        "System.Reason": "Moved to the backlog",
        "System.CreatedDate": "2019-06-13T13:42:42.963Z",
        "System.CreatedBy": "Manjunatha N <manjunatha.n@ecanarys.com>",
        "System.ChangedDate": "2019-06-13T13:42:42.963Z",
        "System.ChangedBy": "Manjunatha N <manjunatha.n@ecanarys.com>",
        "System.Title": "Map with the position of the next patient",
        "Microsoft.VSTS.Scheduling.Effort": 2.0,
        "System.Description": "Need description.",
        "System.AssignedTo": "ckelly109@outlook.com",
        "Microsoft.VSTS.Scheduling.RemainingWork": 0.0,
        "Microsoft.VSTS.Common.Priority": 2.0,
        "System.BoardLane": null,
        "System.Tags": "Mobile; Patient",
        "Microsoft.VSTS.TCM.Steps": null,
        "Microsoft.VSTS.TCM.Parameters": null,
        "Microsoft.VSTS.TCM.LocalDataSource": null,
        "Microsoft.VSTS.TCM.AutomationStatus": null,
        "System.History": null
      },
      "relations": null,
      "url": "https://dev.azure.com/TestDemoGenerate/_apis/wit/workItems/483"
    },
    {
      "id": 482,
      "rev": 1,
      "fields": {
        "System.AreaPath": "MyHealthClinic2",
        "System.TeamProject": "MyHealthClinic2",
        "System.IterationPath": "MyHealthClinic2\\Sprint 2",
        "System.WorkItemType": "Product Backlog Item",
        "System.State": "New",
        "System.Reason": "Moved to the backlog",
        "System.CreatedDate": "2019-06-13T13:42:42.47Z",
        "System.CreatedBy": "Manjunatha N <manjunatha.n@ecanarys.com>",
        "System.ChangedDate": "2019-06-13T13:42:42.47Z",
        "System.ChangedBy": "Manjunatha N <manjunatha.n@ecanarys.com>",
        "System.Title": "Sign-in with O365",
        "Microsoft.VSTS.Scheduling.Effort": 35.0,
        "System.Description": "Need description.",
        "System.AssignedTo": "ckelly109@outlook.com",
        "Microsoft.VSTS.Scheduling.RemainingWork": 0.0,
        "Microsoft.VSTS.Common.Priority": 2.0,
        "System.BoardLane": null,
        "System.Tags": "Admin; Doctor",
        "Microsoft.VSTS.TCM.Steps": null,
        "Microsoft.VSTS.TCM.Parameters": null,
        "Microsoft.VSTS.TCM.LocalDataSource": null,
        "Microsoft.VSTS.TCM.AutomationStatus": null,
        "System.History": null
      },
      "relations": null,
      "url": "https://dev.azure.com/TestDemoGenerate/_apis/wit/workItems/482"
    },
    {
      "id": 481,
      "rev": 1,
      "fields": {
        "System.AreaPath": "MyHealthClinic2",
        "System.TeamProject": "MyHealthClinic2",
        "System.IterationPath": "MyHealthClinic2\\Sprint 2",
        "System.WorkItemType": "Product Backlog Item",
        "System.State": "New",
        "System.Reason": "Moved to the backlog",
        "System.CreatedDate": "2019-06-13T13:42:42.01Z",
        "System.CreatedBy": "Manjunatha N <manjunatha.n@ecanarys.com>",
        "System.ChangedDate": "2019-06-13T13:42:42.01Z",
        "System.ChangedBy": "Manjunatha N <manjunatha.n@ecanarys.com>",
        "System.Title": "Show patient visit history over time periods - month & year",
        "Microsoft.VSTS.Scheduling.Effort": 15.0,
        "System.Description": "Need description.",
        "System.AssignedTo": null,
        "Microsoft.VSTS.Scheduling.RemainingWork": 0.0,
        "Microsoft.VSTS.Common.Priority": 2.0,
        "System.BoardLane": null,
        "System.Tags": "Admin; Doctor; Patient",
        "Microsoft.VSTS.TCM.Steps": null,
        "Microsoft.VSTS.TCM.Parameters": null,
        "Microsoft.VSTS.TCM.LocalDataSource": null,
        "Microsoft.VSTS.TCM.AutomationStatus": null,
        "System.History": null
      },
      "relations": [
        {
          "rel": "Microsoft.VSTS.Common.TestedBy-Forward",
          "url": "https://dev.azure.com/TestDemoGenerate/_apis/wit/workItems/567",
          "attributes": {
            "isLocked": "false",
            "comment": "Making a new link for the dependency",
            "name": "Tested By"
          }
        },
        {
          "rel": "Microsoft.VSTS.Common.TestedBy-Forward",
          "url": "https://dev.azure.com/TestDemoGenerate/_apis/wit/workItems/566",
          "attributes": {
            "isLocked": "false",
            "comment": "Making a new link for the dependency",
            "name": "Tested By"
          }
        },
        {
          "rel": "Microsoft.VSTS.Common.TestedBy-Forward",
          "url": "https://dev.azure.com/TestDemoGenerate/_apis/wit/workItems/565",
          "attributes": {
            "isLocked": "false",
            "comment": "Making a new link for the dependency",
            "name": "Tested By"
          }
        }
      ],
      "url": "https://dev.azure.com/TestDemoGenerate/_apis/wit/workItems/481"
    },
    {
      "id": 480,
      "rev": 1,
      "fields": {
        "System.AreaPath": "MyHealthClinic2",
        "System.TeamProject": "MyHealthClinic2",
        "System.IterationPath": "MyHealthClinic2",
        "System.WorkItemType": "Product Backlog Item",
        "System.State": "New",
        "System.Reason": "New backlog item",
        "System.CreatedDate": "2019-06-13T13:42:41.54Z",
        "System.CreatedBy": "Manjunatha N <manjunatha.n@ecanarys.com>",
        "System.ChangedDate": "2019-06-13T13:42:41.54Z",
        "System.ChangedBy": "Manjunatha N <manjunatha.n@ecanarys.com>",
        "System.Title": "Print Prescription",
        "Microsoft.VSTS.Scheduling.Effort": 0.0,
        "System.Description": "Print Prescription",
        "System.AssignedTo": "craig109@outlook.com",
        "Microsoft.VSTS.Scheduling.RemainingWork": 0.0,
        "Microsoft.VSTS.Common.Priority": 2.0,
        "System.BoardLane": null,
        "System.Tags": "Admin; Doctor",
        "Microsoft.VSTS.TCM.Steps": null,
        "Microsoft.VSTS.TCM.Parameters": null,
        "Microsoft.VSTS.TCM.LocalDataSource": null,
        "Microsoft.VSTS.TCM.AutomationStatus": null,
        "System.History": null
      },
      "relations": [
        {
          "rel": "Microsoft.VSTS.Common.TestedBy-Forward",
          "url": "https://dev.azure.com/TestDemoGenerate/_apis/wit/workItems/563",
          "attributes": {
            "isLocked": "false",
            "comment": "Making a new link for the dependency",
            "name": "Tested By"
          }
        },
        {
          "rel": "Microsoft.VSTS.Common.TestedBy-Forward",
          "url": "https://dev.azure.com/TestDemoGenerate/_apis/wit/workItems/562",
          "attributes": {
            "isLocked": "false",
            "comment": "Making a new link for the dependency",
            "name": "Tested By"
          }
        }
      ],
      "url": "https://dev.azure.com/TestDemoGenerate/_apis/wit/workItems/480"
    },
    {
      "id": 479,
      "rev": 1,
      "fields": {
        "System.AreaPath": "MyHealthClinic2",
        "System.TeamProject": "MyHealthClinic2",
        "System.IterationPath": "MyHealthClinic2",
        "System.WorkItemType": "Product Backlog Item",
        "System.State": "New",
        "System.Reason": "New backlog item",
        "System.CreatedDate": "2019-06-13T13:42:41.067Z",
        "System.CreatedBy": "Manjunatha N <manjunatha.n@ecanarys.com>",
        "System.ChangedDate": "2019-06-13T13:42:41.067Z",
        "System.ChangedBy": "Manjunatha N <manjunatha.n@ecanarys.com>",
        "System.Title": "Print Patient Invoice",
        "Microsoft.VSTS.Scheduling.Effort": 0.0,
        "System.Description": "Print Patient Invoice",
        "System.AssignedTo": "ckelly109@outlook.com",
        "Microsoft.VSTS.Scheduling.RemainingWork": 0.0,
        "Microsoft.VSTS.Common.Priority": 2.0,
        "System.BoardLane": null,
        "System.Tags": "Admin; Compliance; Finance",
        "Microsoft.VSTS.TCM.Steps": null,
        "Microsoft.VSTS.TCM.Parameters": null,
        "Microsoft.VSTS.TCM.LocalDataSource": null,
        "Microsoft.VSTS.TCM.AutomationStatus": null,
        "System.History": null
      },
      "relations": [
        {
          "rel": "Microsoft.VSTS.Common.TestedBy-Forward",
          "url": "https://dev.azure.com/TestDemoGenerate/_apis/wit/workItems/560",
          "attributes": {
            "isLocked": "false",
            "comment": "Making a new link for the dependency",
            "name": "Tested By"
          }
        },
        {
          "rel": "Microsoft.VSTS.Common.TestedBy-Forward",
          "url": "https://dev.azure.com/TestDemoGenerate/_apis/wit/workItems/559",
          "attributes": {
            "isLocked": "false",
            "comment": "Making a new link for the dependency",
            "name": "Tested By"
          }
        },
        {
          "rel": "Microsoft.VSTS.Common.TestedBy-Forward",
          "url": "https://dev.azure.com/TestDemoGenerate/_apis/wit/workItems/561",
          "attributes": {
            "isLocked": "false",
            "comment": "Making a new link for the dependency",
            "name": "Tested By"
          }
        }
      ],
      "url": "https://dev.azure.com/TestDemoGenerate/_apis/wit/workItems/479"
    },
    {
      "id": 478,
      "rev": 1,
      "fields": {
        "System.AreaPath": "MyHealthClinic2",
        "System.TeamProject": "MyHealthClinic2",
        "System.IterationPath": "MyHealthClinic2",
        "System.WorkItemType": "Product Backlog Item",
        "System.State": "New",
        "System.Reason": "Moved to the backlog",
        "System.CreatedDate": "2019-06-13T13:42:40.587Z",
        "System.CreatedBy": "Manjunatha N <manjunatha.n@ecanarys.com>",
        "System.ChangedDate": "2019-06-13T13:42:40.587Z",
        "System.ChangedBy": "Manjunatha N <manjunatha.n@ecanarys.com>",
        "System.Title": "Settings",
        "Microsoft.VSTS.Scheduling.Effort": 2.0,
        "System.Description": "Need description.",
        "System.AssignedTo": "ckelly109@outlook.com",
        "Microsoft.VSTS.Scheduling.RemainingWork": 0.0,
        "Microsoft.VSTS.Common.Priority": 2.0,
        "System.BoardLane": null,
        "System.Tags": null,
        "Microsoft.VSTS.TCM.Steps": null,
        "Microsoft.VSTS.TCM.Parameters": null,
        "Microsoft.VSTS.TCM.LocalDataSource": null,
        "Microsoft.VSTS.TCM.AutomationStatus": null,
        "System.History": null
      },
      "relations": null,
      "url": "https://dev.azure.com/TestDemoGenerate/_apis/wit/workItems/478"
    }
  ],
  "HttpStatusCode": 0,
  "Message": null
}