{
  "count": 41,
  "value": [
    {
      "id": 537,
      "rev": 1,
      "fields": {
        "System.AreaPath": "MyHealthClinic2",
        "System.TeamProject": "MyHealthClinic2",
        "System.IterationPath": "MyHealthClinic2\\Sprint 1",
        "System.WorkItemType": "Task",
        "System.State": "Done",
        "System.Reason": "Work finished",
        "System.CreatedDate": "2019-06-13T13:43:07.63Z",
        "System.CreatedBy": "Manjunatha N <manjunatha.n@ecanarys.com>",
        "System.ChangedDate": "2019-06-13T13:43:07.63Z",
        "System.ChangedBy": "Manjunatha N <manjunatha.n@ecanarys.com>",
        "System.Title": "Navigation menu update",
        "Microsoft.VSTS.Scheduling.Effort": 0.0,
        "System.Description": "Navigation menu update",
        "System.AssignedTo": "craig109@outlook.com",
        "Microsoft.VSTS.Scheduling.RemainingWork": 0.0,
        "Microsoft.VSTS.Common.Priority": 2.0,
        "System.BoardLane": null,
        "System.Tags": null,
        "Microsoft.VSTS.TCM.Steps": null,
        "Microsoft.VSTS.TCM.Parameters": null,
        "Microsoft.VSTS.TCM.LocalDataSource": null,
        "Microsoft.VSTS.TCM.AutomationStatus": null,
        "System.History": null
      },
      "relations": null,
      "url": "https://dev.azure.com/TestDemoGenerate/_apis/wit/workItems/537"
    },
    {
      "id": 536,
      "rev": 1,
      "fields": {
        "System.AreaPath": "MyHealthClinic2",
        "System.TeamProject": "MyHealthClinic2",
        "System.IterationPath": "MyHealthClinic2\\Sprint 1",
        "System.WorkItemType": "Task",
        "System.State": "Done",
        "System.Reason": "Work finished",
        "System.CreatedDate": "2019-06-13T13:43:07.19Z",
        "System.CreatedBy": "Manjunatha N <manjunatha.n@ecanarys.com>",
        "System.ChangedDate": "2019-06-13T13:43:07.19Z",
        "System.ChangedBy": "Manjunatha N <manjunatha.n@ecanarys.com>",
        "System.Title": "Add recurring option in new appointment",
        "Microsoft.VSTS.Scheduling.Effort": 0.0,
        "System.Description": "Form - New Appointment",
        "System.AssignedTo": null,
        "Microsoft.VSTS.Scheduling.RemainingWork": 0.0,
        "Microsoft.VSTS.Common.Priority": 2.0,
        "System.BoardLane": null,
        "System.Tags": null,
        "Microsoft.VSTS.TCM.Steps": null,
        "Microsoft.VSTS.TCM.Parameters": null,
        "Microsoft.VSTS.TCM.LocalDataSource": null,
        "Microsoft.VSTS.TCM.AutomationStatus": null,
        "System.History": null
      },
      "relations": null,
      "url": "https://dev.azure.com/TestDemoGenerate/_apis/wit/workItems/536"
    },
    {
      "id": 535,
      "rev": 1,
      "fields": {
        "System.AreaPath": "MyHealthClinic2",
        "System.TeamProject": "MyHealthClinic2",
        "System.IterationPath": "MyHealthClinic2\\Sprint 1",
        "System.WorkItemType": "Task",
        "System.State": "Done",
        "System.Reason": "Work finished",
        "System.CreatedDate": "2019-06-13T13:43:06.73Z",
        "System.CreatedBy": "Manjunatha N <manjunatha.n@ecanarys.com>",
        "System.ChangedDate": "2019-06-13T13:43:06.73Z",
        "System.ChangedBy": "Manjunatha N <manjunatha.n@ecanarys.com>",
        "System.Title": "Update patient details",
        "Microsoft.VSTS.Scheduling.Effort": 0.0,
        "System.Description": "Update patient details",
        "System.AssignedTo": "ckelly109@outlook.com",
        "Microsoft.VSTS.Scheduling.RemainingWork": 0.0,
        "Microsoft.VSTS.Common.Priority": 2.0,
        "System.BoardLane": null,
        "System.Tags": null,
        "Microsoft.VSTS.TCM.Steps": null,
        "Microsoft.VSTS.TCM.Parameters": null,
        "Microsoft.VSTS.TCM.LocalDataSource": null,
        "Microsoft.VSTS.TCM.AutomationStatus": null,
        "System.History": null
      },
      "relations": null,
      "url": "https://dev.azure.com/TestDemoGenerate/_apis/wit/workItems/535"
    },
    {
      "id": 534,
      "rev": 1,
      "fields": {
        "System.AreaPath": "MyHealthClinic2",
        "System.TeamProject": "MyHealthClinic2",
        "System.IterationPath": "MyHealthClinic2\\Sprint 1",
        "System.WorkItemType": "Task",
        "System.State": "Done",
        "System.Reason": "Work finished",
        "System.CreatedDate": "2019-06-13T13:43:06.273Z",
        "System.CreatedBy": "Manjunatha N <manjunatha.n@ecanarys.com>",
        "System.ChangedDate": "2019-06-13T13:43:06.273Z",
        "System.ChangedBy": "Manjunatha N <manjunatha.n@ecanarys.com>",
        "System.Title": "Update insurance provider details",
        "Microsoft.VSTS.Scheduling.Effort": 0.0,
        "System.Description": "Update insurance provider details",
        "System.AssignedTo": "ckelly109@outlook.com",
        "Microsoft.VSTS.Scheduling.RemainingWork": 0.0,
        "Microsoft.VSTS.Common.Priority": 2.0,
        "System.BoardLane": null,
        "System.Tags": null,
        "Microsoft.VSTS.TCM.Steps": null,
        "Microsoft.VSTS.TCM.Parameters": null,
        "Microsoft.VSTS.TCM.LocalDataSource": null,
        "Microsoft.VSTS.TCM.AutomationStatus": null,
        "System.History": null
      },
      "relations": null,
      "url": "https://dev.azure.com/TestDemoGenerate/_apis/wit/workItems/534"
    },
    {
      "id": 533,
      "rev": 1,
      "fields": {
        "System.AreaPath": "MyHealthClinic2",
        "System.TeamProject": "MyHealthClinic2",
        "System.IterationPath": "MyHealthClinic2\\Sprint 1",
        "System.WorkItemType": "Task",
        "System.State": "Done",
        "System.Reason": "Work finished",
        "System.CreatedDate": "2019-06-13T13:43:05.82Z",
        "System.CreatedBy": "Manjunatha N <manjunatha.n@ecanarys.com>",
        "System.ChangedDate": "2019-06-13T13:43:05.82Z",
        "System.ChangedBy": "Manjunatha N <manjunatha.n@ecanarys.com>",
        "System.Title": "Cancel Appointment",
        "Microsoft.VSTS.Scheduling.Effort": 0.0,
        "System.Description": "Cancel Appointment",
        "System.AssignedTo": null,
        "Microsoft.VSTS.Scheduling.RemainingWork": 0.0,
        "Microsoft.VSTS.Common.Priority": 2.0,
        "System.BoardLane": null,
        "System.Tags": null,
        "Microsoft.VSTS.TCM.Steps": null,
        "Microsoft.VSTS.TCM.Parameters": null,
        "Microsoft.VSTS.TCM.LocalDataSource": null,
        "Microsoft.VSTS.TCM.AutomationStatus": null,
        "System.History": null
      },
      "relations": null,
      "url": "https://dev.azure.com/TestDemoGenerate/_apis/wit/workItems/533"
    },
    {
      "id": 532,
      "rev": 1,
      "fields": {
        "System.AreaPath": "MyHealthClinic2",
        "System.TeamProject": "MyHealthClinic2",
        "System.IterationPath": "MyHealthClinic2\\Sprint 1",
        "System.WorkItemType": "Task",
        "System.State": "Done",
        "System.Reason": "Work finished",
        "System.CreatedDate": "2019-06-13T13:43:05.3Z",
        "System.CreatedBy": "Manjunatha N <manjunatha.n@ecanarys.com>",
        "System.ChangedDate": "2019-06-13T13:43:05.3Z",
        "System.ChangedBy": "Manjunatha N <manjunatha.n@ecanarys.com>",
        "System.Title": "Design screen layout",
        "Microsoft.VSTS.Scheduling.Effort": 0.0,
        "System.Description": "Design screen layout",
        "System.AssignedTo": "craig109@outlook.com",
        "Microsoft.VSTS.Scheduling.RemainingWork": 0.0,
        "Microsoft.VSTS.Common.Priority": 2.0,
        "System.BoardLane": null,
        "System.Tags": null,
        "Microsoft.VSTS.TCM.Steps": null,
        "Microsoft.VSTS.TCM.Parameters": null,
        "Microsoft.VSTS.TCM.LocalDataSource": null,
        "Microsoft.VSTS.TCM.AutomationStatus": null,
        "System.History": null
      },
      "relations": null,
      "url": "https://dev.azure.com/TestDemoGenerate/_apis/wit/workItems/532"
    },
    {
      "id": 531,
      "rev": 1,
      "fields": {
        "System.AreaPath": "MyHealthClinic2",
        "System.TeamProject": "MyHealthClinic2",
        "System.IterationPath": "MyHealthClinic2\\Sprint 1",
        "System.WorkItemType": "Task",
        "System.State": "Done",
        "System.Reason": "Work finished",
        "System.CreatedDate": "2019-06-13T13:43:04.853Z",
        "System.CreatedBy": "Manjunatha N <manjunatha.n@ecanarys.com>",
        "System.ChangedDate": "2019-06-13T13:43:04.853Z",
        "System.ChangedBy": "Manjunatha N <manjunatha.n@ecanarys.com>",
        "System.Title": "Display upcoming appointments",
        "Microsoft.VSTS.Scheduling.Effort": 0.0,
        "System.Description": "Display upcoming appointments",
        "System.AssignedTo": "lsteel109@outlook.com",
        "Microsoft.VSTS.Scheduling.RemainingWork": 0.0,
        "Microsoft.VSTS.Common.Priority": 2.0,
        "System.BoardLane": null,
        "System.Tags": null,
        "Microsoft.VSTS.TCM.Steps": null,
        "Microsoft.VSTS.TCM.Parameters": null,
        "Microsoft.VSTS.TCM.LocalDataSource": null,
        "Microsoft.VSTS.TCM.AutomationStatus": null,
        "System.History": null
      },
      "relations": null,
      "url": "https://dev.azure.com/TestDemoGenerate/_apis/wit/workItems/531"
    },
    {
      "id": 530,
      "rev": 1,
      "fields": {
        "System.AreaPath": "MyHealthClinic2",
        "System.TeamProject": "MyHealthClinic2",
        "System.IterationPath": "MyHealthClinic2",
        "System.WorkItemType": "Task",
        "System.State": "Done",
        "System.Reason": "Work finished",
        "System.CreatedDate": "2019-06-13T13:43:04.397Z",
        "System.CreatedBy": "Manjunatha N <manjunatha.n@ecanarys.com>",
        "System.ChangedDate": "2019-06-13T13:43:04.397Z",
        "System.ChangedBy": "Manjunatha N <manjunatha.n@ecanarys.com>",
        "System.Title": "Update settings for reminders",
        "Microsoft.VSTS.Scheduling.Effort": 0.0,
        "System.Description": "Update settings for reminders",
        "System.AssignedTo": "nmunger109@outlook.com",
        "Microsoft.VSTS.Scheduling.RemainingWork": 0.0,
        "Microsoft.VSTS.Common.Priority": 2.0,
        "System.BoardLane": null,
        "System.Tags": null,
        "Microsoft.VSTS.TCM.Steps": null,
        "Microsoft.VSTS.TCM.Parameters": null,
        "Microsoft.VSTS.TCM.LocalDataSource": null,
        "Microsoft.VSTS.TCM.AutomationStatus": null,
        "System.History": null
      },
      "relations": null,
      "url": "https://dev.azure.com/TestDemoGenerate/_apis/wit/workItems/530"
    },
    {
      "id": 529,
      "rev": 1,
      "fields": {
        "System.AreaPath": "MyHealthClinic2",
        "System.TeamProject": "MyHealthClinic2",
        "System.IterationPath": "MyHealthClinic2",
        "System.WorkItemType": "Task",
        "System.State": "To Do",
        "System.Reason": "New task",
        "System.CreatedDate": "2019-06-13T13:43:03.94Z",
        "System.CreatedBy": "Manjunatha N <manjunatha.n@ecanarys.com>",
        "System.ChangedDate": "2019-06-13T13:43:03.94Z",
        "System.ChangedBy": "Manjunatha N <manjunatha.n@ecanarys.com>",
        "System.Title": "Display name of the pill and countdown timer on the main page",
        "Microsoft.VSTS.Scheduling.Effort": 0.0,
        "System.Description": "Display name of the pill and countdown timer on the main page",
        "System.AssignedTo": "ckelly109@outlook.com",
        "Microsoft.VSTS.Scheduling.RemainingWork": 4.0,
        "Microsoft.VSTS.Common.Priority": 3.0,
        "System.BoardLane": null,
        "System.Tags": null,
        "Microsoft.VSTS.TCM.Steps": null,
        "Microsoft.VSTS.TCM.Parameters": null,
        "Microsoft.VSTS.TCM.LocalDataSource": null,
        "Microsoft.VSTS.TCM.AutomationStatus": null,
        "System.History": null
      },
      "relations": null,
      "url": "https://dev.azure.com/TestDemoGenerate/_apis/wit/workItems/529"
    },
    {
      "id": 528,
      "rev": 1,
      "fields": {
        "System.AreaPath": "MyHealthClinic2",
        "System.TeamProject": "MyHealthClinic2",
        "System.IterationPath": "MyHealthClinic2",
        "System.WorkItemType": "Task",
        "System.State": "To Do",
        "System.Reason": "New task",
        "System.CreatedDate": "2019-06-13T13:43:03.503Z",
        "System.CreatedBy": "Manjunatha N <manjunatha.n@ecanarys.com>",
        "System.ChangedDate": "2019-06-13T13:43:03.503Z",
        "System.ChangedBy": "Manjunatha N <manjunatha.n@ecanarys.com>",
        "System.Title": "Design new settings page",
        "Microsoft.VSTS.Scheduling.Effort": 0.0,
        "System.Description": "Design new settings page",
        "System.AssignedTo": "nmunger109@outlook.com",
        "Microsoft.VSTS.Scheduling.RemainingWork": 10.0,
        "Microsoft.VSTS.Common.Priority": 2.0,
        "System.BoardLane": null,
        "System.Tags": null,
        "Microsoft.VSTS.TCM.Steps": null,
        "Microsoft.VSTS.TCM.Parameters": null,
        "Microsoft.VSTS.TCM.LocalDataSource": null,
        "Microsoft.VSTS.TCM.AutomationStatus": null,
        "System.History": null
      },
      "relations": null,
      "url": "https://dev.azure.com/TestDemoGenerate/_apis/wit/workItems/528"
    },
    {
      "id": 527,
      "rev": 1,
      "fields": {
        "System.AreaPath": "MyHealthClinic2",
        "System.TeamProject": "MyHealthClinic2",
        "System.IterationPath": "MyHealthClinic2",
        "System.WorkItemType": "Task",
        "System.State": "To Do",
        "System.Reason": "New task",
        "System.CreatedDate": "2019-06-13T13:43:03.047Z",
        "System.CreatedBy": "Manjunatha N <manjunatha.n@ecanarys.com>",
        "System.ChangedDate": "2019-06-13T13:43:03.047Z",
        "System.ChangedBy": "Manjunatha N <manjunatha.n@ecanarys.com>",
        "System.Title": "Filter by speciality and clinic",
        "Microsoft.VSTS.Scheduling.Effort": 0.0,
        "System.Description": "Filter by speciality and clinic",
        "System.AssignedTo": "nmunger109@outlook.com",
        "Microsoft.VSTS.Scheduling.RemainingWork": 5.0,
        "Microsoft.VSTS.Common.Priority": 4.0,
        "System.BoardLane": null,
        "System.Tags": null,
        "Microsoft.VSTS.TCM.Steps": null,
        "Microsoft.VSTS.TCM.Parameters": null,
        "Microsoft.VSTS.TCM.LocalDataSource": null,
        "Microsoft.VSTS.TCM.AutomationStatus": null,
        "System.History": null
      },
      "relations": null,
      "url": "https://dev.azure.com/TestDemoGenerate/_apis/wit/workItems/527"
    },
    {
      "id": 526,
      "rev": 1,
      "fields": {
        "System.AreaPath": "MyHealthClinic2",
        "System.TeamProject": "MyHealthClinic2",
        "System.IterationPath": "MyHealthClinic2",
        "System.WorkItemType": "Task",
        "System.State": "To Do",
        "System.Reason": "New task",
        "System.CreatedDate": "2019-06-13T13:43:02.583Z",
        "System.CreatedBy": "Manjunatha N <manjunatha.n@ecanarys.com>",
        "System.ChangedDate": "2019-06-13T13:43:02.583Z",
        "System.ChangedBy": "Manjunatha N <manjunatha.n@ecanarys.com>",
        "System.Title": "Show Doctor list ",
        "Microsoft.VSTS.Scheduling.Effort": 0.0,
        "System.Description": "Show Doctor list ",
        "System.AssignedTo": null,
        "Microsoft.VSTS.Scheduling.RemainingWork": 7.0,
        "Microsoft.VSTS.Common.Priority": 2.0,
        "System.BoardLane": null,
        "System.Tags": null,
        "Microsoft.VSTS.TCM.Steps": null,
        "Microsoft.VSTS.TCM.Parameters": null,
        "Microsoft.VSTS.TCM.LocalDataSource": null,
        "Microsoft.VSTS.TCM.AutomationStatus": null,
        "System.History": null
      },
      "relations": null,
      "url": "https://dev.azure.com/TestDemoGenerate/_apis/wit/workItems/526"
    },
    {
      "id": 525,
      "rev": 1,
      "fields": {
        "System.AreaPath": "MyHealthClinic2",
        "System.TeamProject": "MyHealthClinic2",
        "System.IterationPath": "MyHealthClinic2",
        "System.WorkItemType": "Task",
        "System.State": "To Do",
        "System.Reason": "New task",
        "System.CreatedDate": "2019-06-13T13:43:02.123Z",
        "System.CreatedBy": "Manjunatha N <manjunatha.n@ecanarys.com>",
        "System.ChangedDate": "2019-06-13T13:43:02.123Z",
        "System.ChangedBy": "Manjunatha N <manjunatha.n@ecanarys.com>",
        "System.Title": "Filter medical history by date range",
        "Microsoft.VSTS.Scheduling.Effort": 0.0,
        "System.Description": "Filter medical history by date range upcaxdxrdxxx drx",
        "System.AssignedTo": "ckelly109@outlook.com",
        "Microsoft.VSTS.Scheduling.RemainingWork": 5.0,
        "Microsoft.VSTS.Common.Priority": 2.0,
        "System.BoardLane": null,
        "System.Tags": null,
        "Microsoft.VSTS.TCM.Steps": null,
        "Microsoft.VSTS.TCM.Parameters": null,
        "Microsoft.VSTS.TCM.LocalDataSource": null,
        "Microsoft.VSTS.TCM.AutomationStatus": null,
        "System.History": null
      },
      "relations": null,
      "url": "https://dev.azure.com/TestDemoGenerate/_apis/wit/workItems/525"
    },
    {
      "id": 524,
      "rev": 1,
      "fields": {
        "System.AreaPath": "MyHealthClinic2",
        "System.TeamProject": "MyHealthClinic2",
        "System.IterationPath": "MyHealthClinic2",
        "System.WorkItemType": "Task",
        "System.State": "To Do",
        "System.Reason": "New task",
        "System.CreatedDate": "2019-06-13T13:43:01.68Z",
        "System.CreatedBy": "Manjunatha N <manjunatha.n@ecanarys.com>",
        "System.ChangedDate": "2019-06-13T13:43:01.68Z",
        "System.ChangedBy": "Manjunatha N <manjunatha.n@ecanarys.com>",
        "System.Title": "Disable dates of doctors non-availaibilty",
        "Microsoft.VSTS.Scheduling.Effort": 0.0,
        "System.Description": "Disable dates of doctors non-availaibilty",
        "System.AssignedTo": "craig109@outlook.com",
        "Microsoft.VSTS.Scheduling.RemainingWork": 3.0,
        "Microsoft.VSTS.Common.Priority": 2.0,
        "System.BoardLane": null,
        "System.Tags": null,
        "Microsoft.VSTS.TCM.Steps": null,
        "Microsoft.VSTS.TCM.Parameters": null,
        "Microsoft.VSTS.TCM.LocalDataSource": null,
        "Microsoft.VSTS.TCM.AutomationStatus": null,
        "System.History": null
      },
      "relations": null,
      "url": "https://dev.azure.com/TestDemoGenerate/_apis/wit/workItems/524"
    },
    {
      "id": 523,
      "rev": 1,
      "fields": {
        "System.AreaPath": "MyHealthClinic2",
        "System.TeamProject": "MyHealthClinic2",
        "System.IterationPath": "MyHealthClinic2",
        "System.WorkItemType": "Task",
        "System.State": "To Do",
        "System.Reason": "New task",
        "System.CreatedDate": "2019-06-13T13:43:01.24Z",
        "System.CreatedBy": "Manjunatha N <manjunatha.n@ecanarys.com>",
        "System.ChangedDate": "2019-06-13T13:43:01.24Z",
        "System.ChangedBy": "Manjunatha N <manjunatha.n@ecanarys.com>",
        "System.Title": "Add Reminders to settings page",
        "Microsoft.VSTS.Scheduling.Effort": 0.0,
        "System.Description": "Add Reminders to settings page",
        "System.AssignedTo": "ckelly109@outlook.com",
        "Microsoft.VSTS.Scheduling.RemainingWork": 45.0,
        "Microsoft.VSTS.Common.Priority": 2.0,
        "System.BoardLane": null,
        "System.Tags": null,
        "Microsoft.VSTS.TCM.Steps": null,
        "Microsoft.VSTS.TCM.Parameters": null,
        "Microsoft.VSTS.TCM.LocalDataSource": null,
        "Microsoft.VSTS.TCM.AutomationStatus": null,
        "System.History": null
      },
      "relations": null,
      "url": "https://dev.azure.com/TestDemoGenerate/_apis/wit/workItems/523"
    },
    {
      "id": 522,
      "rev": 1,
      "fields": {
        "System.AreaPath": "MyHealthClinic2",
        "System.TeamProject": "MyHealthClinic2",
        "System.IterationPath": "MyHealthClinic2",
        "System.WorkItemType": "Task",
        "System.State": "To Do",
        "System.Reason": "Additional work found",
        "System.CreatedDate": "2019-06-13T13:43:00.803Z",
        "System.CreatedBy": "Manjunatha N <manjunatha.n@ecanarys.com>",
        "System.ChangedDate": "2019-06-13T13:43:00.803Z",
        "System.ChangedBy": "Manjunatha N <manjunatha.n@ecanarys.com>",
        "System.Title": "Backed Query",
        "Microsoft.VSTS.Scheduling.Effort": 0.0,
        "System.Description": "Backed Query",
        "System.AssignedTo": "craig109@outlook.com",
        "Microsoft.VSTS.Scheduling.RemainingWork": 12.0,
        "Microsoft.VSTS.Common.Priority": 2.0,
        "System.BoardLane": null,
        "System.Tags": null,
        "Microsoft.VSTS.TCM.Steps": null,
        "Microsoft.VSTS.TCM.Parameters": null,
        "Microsoft.VSTS.TCM.LocalDataSource": null,
        "Microsoft.VSTS.TCM.AutomationStatus": null,
        "System.History": null
      },
      "relations": null,
      "url": "https://dev.azure.com/TestDemoGenerate/_apis/wit/workItems/522"
    },
    {
      "id": 521,
      "rev": 1,
      "fields": {
        "System.AreaPath": "MyHealthClinic2",
        "System.TeamProject": "MyHealthClinic2",
        "System.IterationPath": "MyHealthClinic2",
        "System.WorkItemType": "Task",
        "System.State": "To Do",
        "System.Reason": "Additional work found",
        "System.CreatedDate": "2019-06-13T13:43:00.35Z",
        "System.CreatedBy": "Manjunatha N <manjunatha.n@ecanarys.com>",
        "System.ChangedDate": "2019-06-13T13:43:00.35Z",
        "System.ChangedBy": "Manjunatha N <manjunatha.n@ecanarys.com>",
        "System.Title": "Navigation menu update",
        "Microsoft.VSTS.Scheduling.Effort": 0.0,
        "System.Description": "Navigation menu update",
        "System.AssignedTo": "nmunger109@outlook.com",
        "Microsoft.VSTS.Scheduling.RemainingWork": 5.0,
        "Microsoft.VSTS.Common.Priority": 2.0,
        "System.BoardLane": null,
        "System.Tags": null,
        "Microsoft.VSTS.TCM.Steps": null,
        "Microsoft.VSTS.TCM.Parameters": null,
        "Microsoft.VSTS.TCM.LocalDataSource": null,
        "Microsoft.VSTS.TCM.AutomationStatus": null,
        "System.History": null
      },
      "relations": null,
      "url": "https://dev.azure.com/TestDemoGenerate/_apis/wit/workItems/521"
    },
    {
      "id": 520,
      "rev": 1,
      "fields": {
        "System.AreaPath": "MyHealthClinic2",
        "System.TeamProject": "MyHealthClinic2",
        "System.IterationPath": "MyHealthClinic2\\Sprint 3",
        "System.WorkItemType": "Task",
        "System.State": "To Do",
        "System.Reason": "New task",
        "System.CreatedDate": "2019-06-13T13:42:59.903Z",
        "System.CreatedBy": "Manjunatha N <manjunatha.n@ecanarys.com>",
        "System.ChangedDate": "2019-06-13T13:42:59.903Z",
        "System.ChangedBy": "Manjunatha N <manjunatha.n@ecanarys.com>",
        "System.Title": "Next pill -reminder",
        "Microsoft.VSTS.Scheduling.Effort": 0.0,
        "System.Description": "Next pill -reminder",
        "System.AssignedTo": "nmunger109@outlook.com",
        "Microsoft.VSTS.Scheduling.RemainingWork": 13.0,
        "Microsoft.VSTS.Common.Priority": 2.0,
        "System.BoardLane": null,
        "System.Tags": null,
        "Microsoft.VSTS.TCM.Steps": null,
        "Microsoft.VSTS.TCM.Parameters": null,
        "Microsoft.VSTS.TCM.LocalDataSource": null,
        "Microsoft.VSTS.TCM.AutomationStatus": null,
        "System.History": null
      },
      "relations": null,
      "url": "https://dev.azure.com/TestDemoGenerate/_apis/wit/workItems/520"
    },
    {
      "id": 519,
      "rev": 1,
      "fields": {
        "System.AreaPath": "MyHealthClinic2",
        "System.TeamProject": "MyHealthClinic2",
        "System.IterationPath": "MyHealthClinic2",
        "System.WorkItemType": "Task",
        "System.State": "To Do",
        "System.Reason": "Additional work found",
        "System.CreatedDate": "2019-06-13T13:42:59.45Z",
        "System.CreatedBy": "Manjunatha N <manjunatha.n@ecanarys.com>",
        "System.ChangedDate": "2019-06-13T13:42:59.45Z",
        "System.ChangedBy": "Manjunatha N <manjunatha.n@ecanarys.com>",
        "System.Title": "Visited patients",
        "Microsoft.VSTS.Scheduling.Effort": 0.0,
        "System.Description": "Need description",
        "System.AssignedTo": null,
        "Microsoft.VSTS.Scheduling.RemainingWork": 0.0,
        "Microsoft.VSTS.Common.Priority": 2.0,
        "System.BoardLane": null,
        "System.Tags": null,
        "Microsoft.VSTS.TCM.Steps": null,
        "Microsoft.VSTS.TCM.Parameters": null,
        "Microsoft.VSTS.TCM.LocalDataSource": null,
        "Microsoft.VSTS.TCM.AutomationStatus": null,
        "System.History": null
      },
      "relations": null,
      "url": "https://dev.azure.com/TestDemoGenerate/_apis/wit/workItems/519"
    },
    {
      "id": 518,
      "rev": 1,
      "fields": {
        "System.AreaPath": "MyHealthClinic2",
        "System.TeamProject": "MyHealthClinic2",
        "System.IterationPath": "MyHealthClinic2",
        "System.WorkItemType": "Task",
        "System.State": "To Do",
        "System.Reason": "Additional work found",
        "System.CreatedDate": "2019-06-13T13:42:58.997Z",
        "System.CreatedBy": "Manjunatha N <manjunatha.n@ecanarys.com>",
        "System.ChangedDate": "2019-06-13T13:42:58.997Z",
        "System.ChangedBy": "Manjunatha N <manjunatha.n@ecanarys.com>",
        "System.Title": "Form - New Appointment",
        "Microsoft.VSTS.Scheduling.Effort": 0.0,
        "System.Description": "Form - New Appointment",
        "System.AssignedTo": "nmunger109@outlook.com",
        "Microsoft.VSTS.Scheduling.RemainingWork": 0.0,
        "Microsoft.VSTS.Common.Priority": 2.0,
        "System.BoardLane": null,
        "System.Tags": null,
        "Microsoft.VSTS.TCM.Steps": null,
        "Microsoft.VSTS.TCM.Parameters": null,
        "Microsoft.VSTS.TCM.LocalDataSource": null,
        "Microsoft.VSTS.TCM.AutomationStatus": null,
        "System.History": null
      },
      "relations": null,
      "url": "https://dev.azure.com/TestDemoGenerate/_apis/wit/workItems/518"
    },
    {
      "id": 517,
      "rev": 1,
      "fields": {
        "System.AreaPath": "MyHealthClinic2",
        "System.TeamProject": "MyHealthClinic2",
        "System.IterationPath": "MyHealthClinic2",
        "System.WorkItemType": "Task",
        "System.State": "To Do",
        "System.Reason": "Additional work found",
        "System.CreatedDate": "2019-06-13T13:42:58.543Z",
        "System.CreatedBy": "Manjunatha N <manjunatha.n@ecanarys.com>",
        "System.ChangedDate": "2019-06-13T13:42:58.543Z",
        "System.ChangedBy": "Manjunatha N <manjunatha.n@ecanarys.com>",
        "System.Title": "Settings",
        "Microsoft.VSTS.Scheduling.Effort": 0.0,
        "System.Description": "Need description",
        "System.AssignedTo": "nmunger109@outlook.com",
        "Microsoft.VSTS.Scheduling.RemainingWork": 0.0,
        "Microsoft.VSTS.Common.Priority": 2.0,
        "System.BoardLane": null,
        "System.Tags": null,
        "Microsoft.VSTS.TCM.Steps": null,
        "Microsoft.VSTS.TCM.Parameters": null,
        "Microsoft.VSTS.TCM.LocalDataSource": null,
        "Microsoft.VSTS.TCM.AutomationStatus": null,
        "System.History": null
      },
      "relations": null,
      "url": "https://dev.azure.com/TestDemoGenerate/_apis/wit/workItems/517"
    },
    {
      "id": 516,
      "rev": 1,
      "fields": {
        "System.AreaPath": "MyHealthClinic2",
        "System.TeamProject": "MyHealthClinic2",
        "System.IterationPath": "MyHealthClinic2",
        "System.WorkItemType": "Task",
        "System.State": "To Do",
        "System.Reason": "Additional work found",
        "System.CreatedDate": "2019-06-13T13:42:58.08Z",
        "System.CreatedBy": "Manjunatha N <manjunatha.n@ecanarys.com>",
        "System.ChangedDate": "2019-06-13T13:42:58.08Z",
        "System.ChangedBy": "Manjunatha N <manjunatha.n@ecanarys.com>",
        "System.Title": "Position change query",
        "Microsoft.VSTS.Scheduling.Effort": 0.0,
        "System.Description": "Position change query",
        "System.AssignedTo": "nmunger109@outlook.com",
        "Microsoft.VSTS.Scheduling.RemainingWork": 0.0,
        "Microsoft.VSTS.Common.Priority": 2.0,
        "System.BoardLane": null,
        "System.Tags": null,
        "Microsoft.VSTS.TCM.Steps": null,
        "Microsoft.VSTS.TCM.Parameters": null,
        "Microsoft.VSTS.TCM.LocalDataSource": null,
        "Microsoft.VSTS.TCM.AutomationStatus": null,
        "System.History": null
      },
      "relations": null,
      "url": "https://dev.azure.com/TestDemoGenerate/_apis/wit/workItems/516"
    },
    {
      "id": 515,
      "rev": 1,
      "fields": {
        "System.AreaPath": "MyHealthClinic2",
        "System.TeamProject": "MyHealthClinic2",
        "System.IterationPath": "MyHealthClinic2",
        "System.WorkItemType": "Task",
        "System.State": "To Do",
        "System.Reason": "New task",
        "System.CreatedDate": "2019-06-13T13:42:57.607Z",
        "System.CreatedBy": "Manjunatha N <manjunatha.n@ecanarys.com>",
        "System.ChangedDate": "2019-06-13T13:42:57.607Z",
        "System.ChangedBy": "Manjunatha N <manjunatha.n@ecanarys.com>",
        "System.Title": "Allow reminder options in the settings page",
        "Microsoft.VSTS.Scheduling.Effort": 0.0,
        "System.Description": "Allow reminder options in the settings page",
        "System.AssignedTo": "ckelly109@outlook.com",
        "Microsoft.VSTS.Scheduling.RemainingWork": 0.0,
        "Microsoft.VSTS.Common.Priority": 2.0,
        "System.BoardLane": null,
        "System.Tags": null,
        "Microsoft.VSTS.TCM.Steps": null,
        "Microsoft.VSTS.TCM.Parameters": null,
        "Microsoft.VSTS.TCM.LocalDataSource": null,
        "Microsoft.VSTS.TCM.AutomationStatus": null,
        "System.History": null
      },
      "relations": null,
      "url": "https://dev.azure.com/TestDemoGenerate/_apis/wit/workItems/515"
    },
    {
      "id": 514,
      "rev": 1,
      "fields": {
        "System.AreaPath": "MyHealthClinic2",
        "System.TeamProject": "MyHealthClinic2",
        "System.IterationPath": "MyHealthClinic2",
        "System.WorkItemType": "Task",
        "System.State": "To Do",
        "System.Reason": "Additional work found",
        "System.CreatedDate": "2019-06-13T13:42:57.15Z",
        "System.CreatedBy": "Manjunatha N <manjunatha.n@ecanarys.com>",
        "System.ChangedDate": "2019-06-13T13:42:57.15Z",
        "System.ChangedBy": "Manjunatha N <manjunatha.n@ecanarys.com>",
        "System.Title": "Next pill -reminder",
        "Microsoft.VSTS.Scheduling.Effort": 0.0,
        "System.Description": "Next pill -reminder",
        "System.AssignedTo": null,
        "Microsoft.VSTS.Scheduling.RemainingWork": 0.0,
        "Microsoft.VSTS.Common.Priority": 2.0,
        "System.BoardLane": null,
        "System.Tags": null,
        "Microsoft.VSTS.TCM.Steps": null,
        "Microsoft.VSTS.TCM.Parameters": null,
        "Microsoft.VSTS.TCM.LocalDataSource": null,
        "Microsoft.VSTS.TCM.AutomationStatus": null,
        "System.History": null
      },
      "relations": null,
      "url": "https://dev.azure.com/TestDemoGenerate/_apis/wit/workItems/514"
    },
    {
      "id": 513,
      "rev": 1,
      "fields": {
        "System.AreaPath": "MyHealthClinic2",
        "System.TeamProject": "MyHealthClinic2",
        "System.IterationPath": "MyHealthClinic2\\Sprint 2",
        "System.WorkItemType": "Task",
        "System.State": "To Do",
        "System.Reason": "Additional work found",
        "System.CreatedDate": "2019-06-13T13:42:56.697Z",
        "System.CreatedBy": "Manjunatha N <manjunatha.n@ecanarys.com>",
        "System.ChangedDate": "2019-06-13T13:42:56.697Z",
        "System.ChangedBy": "Manjunatha N <manjunatha.n@ecanarys.com>",
        "System.Title": "SIgn-in with O365",
        "Microsoft.VSTS.Scheduling.Effort": 0.0,
        "System.Description": "Need description",
        "System.AssignedTo": "craig109@outlook.com",
        "Microsoft.VSTS.Scheduling.RemainingWork": 15.0,
        "Microsoft.VSTS.Common.Priority": 2.0,
        "System.BoardLane": null,
        "System.Tags": null,
        "Microsoft.VSTS.TCM.Steps": null,
        "Microsoft.VSTS.TCM.Parameters": null,
        "Microsoft.VSTS.TCM.LocalDataSource": null,
        "Microsoft.VSTS.TCM.AutomationStatus": null,
        "System.History": null
      },
      "relations": null,
      "url": "https://dev.azure.com/TestDemoGenerate/_apis/wit/workItems/513"
    },
    {
      "id": 512,
      "rev": 1,
      "fields": {
        "System.AreaPath": "MyHealthClinic2",
        "System.TeamProject": "MyHealthClinic2",
        "System.IterationPath": "MyHealthClinic2\\Sprint 2",
        "System.WorkItemType": "Task",
        "System.State": "To Do",
        "System.Reason": "Additional work found",
        "System.CreatedDate": "2019-06-13T13:42:56.233Z",
        "System.CreatedBy": "Manjunatha N <manjunatha.n@ecanarys.com>",
        "System.ChangedDate": "2019-06-13T13:42:56.233Z",
        "System.ChangedBy": "Manjunatha N <manjunatha.n@ecanarys.com>",
        "System.Title": "AD Integration",
        "Microsoft.VSTS.Scheduling.Effort": 0.0,
        "System.Description": "AD Integration",
        "System.AssignedTo": "nmunger109@outlook.com",
        "Microsoft.VSTS.Scheduling.RemainingWork": 20.0,
        "Microsoft.VSTS.Common.Priority": 2.0,
        "System.BoardLane": null,
        "System.Tags": null,
        "Microsoft.VSTS.TCM.Steps": null,
        "Microsoft.VSTS.TCM.Parameters": null,
        "Microsoft.VSTS.TCM.LocalDataSource": null,
        "Microsoft.VSTS.TCM.AutomationStatus": null,
        "System.History": null
      },
      "relations": null,
      "url": "https://dev.azure.com/TestDemoGenerate/_apis/wit/workItems/512"
    },
    {
      "id": 511,
      "rev": 1,
      "fields": {
        "System.AreaPath": "MyHealthClinic2",
        "System.TeamProject": "MyHealthClinic2",
        "System.IterationPath": "MyHealthClinic2\\Sprint 2",
        "System.WorkItemType": "Task",
        "System.State": "To Do",
        "System.Reason": "New task",
        "System.CreatedDate": "2019-06-13T13:42:55.783Z",
        "System.CreatedBy": "Manjunatha N <manjunatha.n@ecanarys.com>",
        "System.ChangedDate": "2019-06-13T13:42:55.783Z",
        "System.ChangedBy": "Manjunatha N <manjunatha.n@ecanarys.com>",
        "System.Title": "Redesign the calendar page",
        "Microsoft.VSTS.Scheduling.Effort": 0.0,
        "System.Description": "Redesign the calendar page",
        "System.AssignedTo": null,
        "Microsoft.VSTS.Scheduling.RemainingWork": 10.0,
        "Microsoft.VSTS.Common.Priority": 2.0,
        "System.BoardLane": null,
        "System.Tags": null,
        "Microsoft.VSTS.TCM.Steps": null,
        "Microsoft.VSTS.TCM.Parameters": null,
        "Microsoft.VSTS.TCM.LocalDataSource": null,
        "Microsoft.VSTS.TCM.AutomationStatus": null,
        "System.History": null
      },
      "relations": null,
      "url": "https://dev.azure.com/TestDemoGenerate/_apis/wit/workItems/511"
    },
    {
      "id": 510,
      "rev": 1,
      "fields": {
        "System.AreaPath": "MyHealthClinic2",
        "System.TeamProject": "MyHealthClinic2",
        "System.IterationPath": "MyHealthClinic2\\Sprint 2",
        "System.WorkItemType": "Task",
        "System.State": "To Do",
        "System.Reason": "New task",
        "System.CreatedDate": "2019-06-13T13:42:55.33Z",
        "System.CreatedBy": "Manjunatha N <manjunatha.n@ecanarys.com>",
        "System.ChangedDate": "2019-06-13T13:42:55.33Z",
        "System.ChangedBy": "Manjunatha N <manjunatha.n@ecanarys.com>",
        "System.Title": "Add New \"Visit History\" page",
        "Microsoft.VSTS.Scheduling.Effort": 0.0,
        "System.Description": "Add New &quot;Visit History&quot; page",
        "System.AssignedTo": "craig109@outlook.com",
        "Microsoft.VSTS.Scheduling.RemainingWork": 16.0,
        "Microsoft.VSTS.Common.Priority": 2.0,
        "System.BoardLane": null,
        "System.Tags": null,
        "Microsoft.VSTS.TCM.Steps": null,
        "Microsoft.VSTS.TCM.Parameters": null,
        "Microsoft.VSTS.TCM.LocalDataSource": null,
        "Microsoft.VSTS.TCM.AutomationStatus": null,
        "System.History": null
      },
      "relations": null,
      "url": "https://dev.azure.com/TestDemoGenerate/_apis/wit/workItems/510"
    },
    {
      "id": 509,
      "rev": 1,
      "fields": {
        "System.AreaPath": "MyHealthClinic2",
        "System.TeamProject": "MyHealthClinic2",
        "System.IterationPath": "MyHealthClinic2\\Sprint 2",
        "System.WorkItemType": "Task",
        "System.State": "To Do",
        "System.Reason": "New task",
        "System.CreatedDate": "2019-06-13T13:42:54.887Z",
        "System.CreatedBy": "Manjunatha N <manjunatha.n@ecanarys.com>",
        "System.ChangedDate": "2019-06-13T13:42:54.887Z",
        "System.ChangedBy": "Manjunatha N <manjunatha.n@ecanarys.com>",
        "System.Title": "Print patient visit history",
        "Microsoft.VSTS.Scheduling.Effort": 0.0,
        "System.Description": "Print patient visit history",
        "System.AssignedTo": "nmunger109@outlook.com",
        "Microsoft.VSTS.Scheduling.RemainingWork": 24.0,
        "Microsoft.VSTS.Common.Priority": 2.0,
        "System.BoardLane": null,
        "System.Tags": null,
        "Microsoft.VSTS.TCM.Steps": null,
        "Microsoft.VSTS.TCM.Parameters": null,
        "Microsoft.VSTS.TCM.LocalDataSource": null,
        "Microsoft.VSTS.TCM.AutomationStatus": null,
        "System.History": null
      },
      "relations": null,
      "url": "https://dev.azure.com/TestDemoGenerate/_apis/wit/workItems/509"
    },
    {
      "id": 508,
      "rev": 1,
      "fields": {
        "System.AreaPath": "MyHealthClinic2",
        "System.TeamProject": "MyHealthClinic2",
        "System.IterationPath": "MyHealthClinic2\\Sprint 2",
        "System.WorkItemType": "Task",
        "System.State": "To Do",
        "System.Reason": "Additional work found",
        "System.CreatedDate": "2019-06-13T13:42:54.433Z",
        "System.CreatedBy": "Manjunatha N <manjunatha.n@ecanarys.com>",
        "System.ChangedDate": "2019-06-13T13:42:54.433Z",
        "System.ChangedBy": "Manjunatha N <manjunatha.n@ecanarys.com>",
        "System.Title": "Allow filtering of dates",
        "Microsoft.VSTS.Scheduling.Effort": 0.0,
        "System.Description": "Visited patients",
        "System.AssignedTo": "nmunger109@outlook.com",
        "Microsoft.VSTS.Scheduling.RemainingWork": 12.0,
        "Microsoft.VSTS.Common.Priority": 2.0,
        "System.BoardLane": null,
        "System.Tags": null,
        "Microsoft.VSTS.TCM.Steps": null,
        "Microsoft.VSTS.TCM.Parameters": null,
        "Microsoft.VSTS.TCM.LocalDataSource": null,
        "Microsoft.VSTS.TCM.AutomationStatus": null,
        "System.History": null
      },
      "relations": null,
      "url": "https://dev.azure.com/TestDemoGenerate/_apis/wit/workItems/508"
    },
    {
      "id": 507,
      "rev": 1,
      "fields": {
        "System.AreaPath": "MyHealthClinic2",
        "System.TeamProject": "MyHealthClinic2",
        "System.IterationPath": "MyHealthClinic2\\Sprint 2",
        "System.WorkItemType": "Task",
        "System.State": "To Do",
        "System.Reason": "New task",
        "System.CreatedDate": "2019-06-13T13:42:53.97Z",
        "System.CreatedBy": "Manjunatha N <manjunatha.n@ecanarys.com>",
        "System.ChangedDate": "2019-06-13T13:42:53.97Z",
        "System.ChangedBy": "Manjunatha N <manjunatha.n@ecanarys.com>",
        "System.Title": "Test appointment views",
        "Microsoft.VSTS.Scheduling.Effort": 0.0,
        "System.Description": "Test appointment views",
        "System.AssignedTo": null,
        "Microsoft.VSTS.Scheduling.RemainingWork": 10.0,
        "Microsoft.VSTS.Common.Priority": 2.0,
        "System.BoardLane": null,
        "System.Tags": null,
        "Microsoft.VSTS.TCM.Steps": null,
        "Microsoft.VSTS.TCM.Parameters": null,
        "Microsoft.VSTS.TCM.LocalDataSource": null,
        "Microsoft.VSTS.TCM.AutomationStatus": null,
        "System.History": null
      },
      "relations": null,
      "url": "https://dev.azure.com/TestDemoGenerate/_apis/wit/workItems/507"
    },
    {
      "id": 506,
      "rev": 1,
      "fields": {
        "System.AreaPath": "MyHealthClinic2",
        "System.TeamProject": "MyHealthClinic2",
        "System.IterationPath": "MyHealthClinic2\\Sprint 2",
        "System.WorkItemType": "Task",
        "System.State": "To Do",
        "System.Reason": "Additional work found",
        "System.CreatedDate": "2019-06-13T13:42:53.513Z",
        "System.CreatedBy": "Manjunatha N <manjunatha.n@ecanarys.com>",
        "System.ChangedDate": "2019-06-13T13:42:53.513Z",
        "System.ChangedBy": "Manjunatha N <manjunatha.n@ecanarys.com>",
        "System.Title": "Show past appointments",
        "Microsoft.VSTS.Scheduling.Effort": 0.0,
        "System.Description": "Show past appointments",
        "System.AssignedTo": "ckelly109@outlook.com",
        "Microsoft.VSTS.Scheduling.RemainingWork": 16.0,
        "Microsoft.VSTS.Common.Priority": 2.0,
        "System.BoardLane": null,
        "System.Tags": null,
        "Microsoft.VSTS.TCM.Steps": null,
        "Microsoft.VSTS.TCM.Parameters": null,
        "Microsoft.VSTS.TCM.LocalDataSource": null,
        "Microsoft.VSTS.TCM.AutomationStatus": null,
        "System.History": null
      },
      "relations": null,
      "url": "https://dev.azure.com/TestDemoGenerate/_apis/wit/workItems/506"
    },
    {
      "id": 505,
      "rev": 1,
      "fields": {
        "System.AreaPath": "MyHealthClinic2",
        "System.TeamProject": "MyHealthClinic2",
        "System.IterationPath": "MyHealthClinic2",
        "System.WorkItemType": "Task",
        "System.State": "To Do",
        "System.Reason": "New task",
        "System.CreatedDate": "2019-06-13T13:42:53.07Z",
        "System.CreatedBy": "Manjunatha N <manjunatha.n@ecanarys.com>",
        "System.ChangedDate": "2019-06-13T13:42:53.07Z",
        "System.ChangedBy": "Manjunatha N <manjunatha.n@ecanarys.com>",
        "System.Title": "email prescription as an attachment",
        "Microsoft.VSTS.Scheduling.Effort": 0.0,
        "System.Description": "email prescription as an attachment",
        "System.AssignedTo": "lsteel109@outlook.com",
        "Microsoft.VSTS.Scheduling.RemainingWork": 0.0,
        "Microsoft.VSTS.Common.Priority": 2.0,
        "System.BoardLane": null,
        "System.Tags": null,
        "Microsoft.VSTS.TCM.Steps": null,
        "Microsoft.VSTS.TCM.Parameters": null,
        "Microsoft.VSTS.TCM.LocalDataSource": null,
        "Microsoft.VSTS.TCM.AutomationStatus": null,
        "System.History": null
      },
      "relations": null,
      "url": "https://dev.azure.com/TestDemoGenerate/_apis/wit/workItems/505"
    },
    {
      "id": 504,
      "rev": 1,
      "fields": {
        "System.AreaPath": "MyHealthClinic2",
        "System.TeamProject": "MyHealthClinic2",
        "System.IterationPath": "MyHealthClinic2",
        "System.WorkItemType": "Task",
        "System.State": "To Do",
        "System.Reason": "Additional work found",
        "System.CreatedDate": "2019-06-13T13:42:52.627Z",
        "System.CreatedBy": "Manjunatha N <manjunatha.n@ecanarys.com>",
        "System.ChangedDate": "2019-06-13T13:42:52.627Z",
        "System.ChangedBy": "Manjunatha N <manjunatha.n@ecanarys.com>",
        "System.Title": "Update settings for reminders",
        "Microsoft.VSTS.Scheduling.Effort": 0.0,
        "System.Description": "Update settings for reminders",
        "System.AssignedTo": "lsteel109@outlook.com",
        "Microsoft.VSTS.Scheduling.RemainingWork": 0.0,
        "Microsoft.VSTS.Common.Priority": 2.0,
        "System.BoardLane": null,
        "System.Tags": null,
        "Microsoft.VSTS.TCM.Steps": null,
        "Microsoft.VSTS.TCM.Parameters": null,
        "Microsoft.VSTS.TCM.LocalDataSource": null,
        "Microsoft.VSTS.TCM.AutomationStatus": null,
        "System.History": null
      },
      "relations": null,
      "url": "https://dev.azure.com/TestDemoGenerate/_apis/wit/workItems/504"
    },
    {
      "id": 503,
      "rev": 1,
      "fields": {
        "System.AreaPath": "MyHealthClinic2",
        "System.TeamProject": "MyHealthClinic2",
        "System.IterationPath": "MyHealthClinic2",
        "System.WorkItemType": "Task",
        "System.State": "To Do",
        "System.Reason": "New task",
        "System.CreatedDate": "2019-06-13T13:42:52.167Z",
        "System.CreatedBy": "Manjunatha N <manjunatha.n@ecanarys.com>",
        "System.ChangedDate": "2019-06-13T13:42:52.167Z",
        "System.ChangedBy": "Manjunatha N <manjunatha.n@ecanarys.com>",
        "System.Title": "Show outstanding payments by patient ID",
        "Microsoft.VSTS.Scheduling.Effort": 0.0,
        "System.Description": "Show outstanding payments by patient ID",
        "System.AssignedTo": "lsteel109@outlook.com",
        "Microsoft.VSTS.Scheduling.RemainingWork": 0.0,
        "Microsoft.VSTS.Common.Priority": 2.0,
        "System.BoardLane": null,
        "System.Tags": null,
        "Microsoft.VSTS.TCM.Steps": null,
        "Microsoft.VSTS.TCM.Parameters": null,
        "Microsoft.VSTS.TCM.LocalDataSource": null,
        "Microsoft.VSTS.TCM.AutomationStatus": null,
        "System.History": null
      },
      "relations": null,
      "url": "https://dev.azure.com/TestDemoGenerate/_apis/wit/workItems/503"
    },
    {
      "id": 502,
      "rev": 1,
      "fields": {
        "System.AreaPath": "MyHealthClinic2",
        "System.TeamProject": "MyHealthClinic2",
        "System.IterationPath": "MyHealthClinic2",
        "System.WorkItemType": "Task",
        "System.State": "To Do",
        "System.Reason": "New task",
        "System.CreatedDate": "2019-06-13T13:42:51.697Z",
        "System.CreatedBy": "Manjunatha N <manjunatha.n@ecanarys.com>",
        "System.ChangedDate": "2019-06-13T13:42:51.697Z",
        "System.ChangedBy": "Manjunatha N <manjunatha.n@ecanarys.com>",
        "System.Title": "Show outstanding payments by date range",
        "Microsoft.VSTS.Scheduling.Effort": 0.0,
        "System.Description": "Show outstanding payments by date range",
        "System.AssignedTo": "ckelly109@outlook.com",
        "Microsoft.VSTS.Scheduling.RemainingWork": 0.0,
        "Microsoft.VSTS.Common.Priority": 2.0,
        "System.BoardLane": null,
        "System.Tags": null,
        "Microsoft.VSTS.TCM.Steps": null,
        "Microsoft.VSTS.TCM.Parameters": null,
        "Microsoft.VSTS.TCM.LocalDataSource": null,
        "Microsoft.VSTS.TCM.AutomationStatus": null,
        "System.History": null
      },
      "relations": null,
      "url": "https://dev.azure.com/TestDemoGenerate/_apis/wit/workItems/502"
    },
    {
      "id": 501,
      "rev": 1,
      "fields": {
        "System.AreaPath": "MyHealthClinic2",
        "System.TeamProject": "MyHealthClinic2",
        "System.IterationPath": "MyHealthClinic2",
        "System.WorkItemType": "Task",
        "System.State": "To Do",
        "System.Reason": "New task",
        "System.CreatedDate": "2019-06-13T13:42:51.247Z",
        "System.CreatedBy": "Manjunatha N <manjunatha.n@ecanarys.com>",
        "System.ChangedDate": "2019-06-13T13:42:51.247Z",
        "System.ChangedBy": "Manjunatha N <manjunatha.n@ecanarys.com>",
        "System.Title": "Add send payment reminder option to the navigation menu",
        "Microsoft.VSTS.Scheduling.Effort": 0.0,
        "System.Description": "Add send payment reminder option to the navigation menu",
        "System.AssignedTo": "lsteel109@outlook.com",
        "Microsoft.VSTS.Scheduling.RemainingWork": 0.0,
        "Microsoft.VSTS.Common.Priority": 2.0,
        "System.BoardLane": null,
        "System.Tags": null,
        "Microsoft.VSTS.TCM.Steps": null,
        "Microsoft.VSTS.TCM.Parameters": null,
        "Microsoft.VSTS.TCM.LocalDataSource": null,
        "Microsoft.VSTS.TCM.AutomationStatus": null,
        "System.History": null
      },
      "relations": null,
      "url": "https://dev.azure.com/TestDemoGenerate/_apis/wit/workItems/501"
    },
    {
      "id": 500,
      "rev": 1,
      "fields": {
        "System.AreaPath": "MyHealthClinic2",
        "System.TeamProject": "MyHealthClinic2",
        "System.IterationPath": "MyHealthClinic2",
        "System.WorkItemType": "Task",
        "System.State": "To Do",
        "System.Reason": "New task",
        "System.CreatedDate": "2019-06-13T13:42:50.813Z",
        "System.CreatedBy": "Manjunatha N <manjunatha.n@ecanarys.com>",
        "System.ChangedDate": "2019-06-13T13:42:50.813Z",
        "System.ChangedBy": "Manjunatha N <manjunatha.n@ecanarys.com>",
        "System.Title": "Position change query",
        "Microsoft.VSTS.Scheduling.Effort": 0.0,
        "System.Description": "Position change query",
        "System.AssignedTo": "nmunger109@outlook.com",
        "Microsoft.VSTS.Scheduling.RemainingWork": 8.0,
        "Microsoft.VSTS.Common.Priority": 2.0,
        "System.BoardLane": null,
        "System.Tags": null,
        "Microsoft.VSTS.TCM.Steps": null,
        "Microsoft.VSTS.TCM.Parameters": null,
        "Microsoft.VSTS.TCM.LocalDataSource": null,
        "Microsoft.VSTS.TCM.AutomationStatus": null,
        "System.History": null
      },
      "relations": null,
      "url": "https://dev.azure.com/TestDemoGenerate/_apis/wit/workItems/500"
    },
    {
      "id": 499,
      "rev": 1,
      "fields": {
        "System.AreaPath": "MyHealthClinic2",
        "System.TeamProject": "MyHealthClinic2",
        "System.IterationPath": "MyHealthClinic2",
        "System.WorkItemType": "Task",
        "System.State": "To Do",
        "System.Reason": "Additional work found",
        "System.CreatedDate": "2019-06-13T13:42:50.33Z",
        "System.CreatedBy": "Manjunatha N <manjunatha.n@ecanarys.com>",
        "System.ChangedDate": "2019-06-13T13:42:50.33Z",
        "System.ChangedBy": "Manjunatha N <manjunatha.n@ecanarys.com>",
        "System.Title": "Send terms by email",
        "Microsoft.VSTS.Scheduling.Effort": 0.0,
        "System.Description": "Send terms by email",
        "System.AssignedTo": "ckelly109@outlook.com",
        "Microsoft.VSTS.Scheduling.RemainingWork": 0.0,
        "Microsoft.VSTS.Common.Priority": 2.0,
        "System.BoardLane": null,
        "System.Tags": null,
        "Microsoft.VSTS.TCM.Steps": null,
        "Microsoft.VSTS.TCM.Parameters": null,
        "Microsoft.VSTS.TCM.LocalDataSource": null,
        "Microsoft.VSTS.TCM.AutomationStatus": null,
        "System.History": null
      },
      "relations": null,
      "url": "https://dev.azure.com/TestDemoGenerate/_apis/wit/workItems/499"
    },
    {
      "id": 498,
      "rev": 1,
      "fields": {
        "System.AreaPath": "MyHealthClinic2",
        "System.TeamProject": "MyHealthClinic2",
        "System.IterationPath": "MyHealthClinic2",
        "System.WorkItemType": "Task",
        "System.State": "To Do",
        "System.Reason": "New task",
        "System.CreatedDate": "2019-06-13T13:42:49.89Z",
        "System.CreatedBy": "Manjunatha N <manjunatha.n@ecanarys.com>",
        "System.ChangedDate": "2019-06-13T13:42:49.89Z",
        "System.ChangedBy": "Manjunatha N <manjunatha.n@ecanarys.com>",
        "System.Title": "Auto update of visit status with doctors analysis",
        "Microsoft.VSTS.Scheduling.Effort": 0.0,
        "System.Description": "Auto update of visit status with doctors analysis",
        "System.AssignedTo": "ckelly109@outlook.com",
        "Microsoft.VSTS.Scheduling.RemainingWork": 0.0,
        "Microsoft.VSTS.Common.Priority": 2.0,
        "System.BoardLane": null,
        "System.Tags": null,
        "Microsoft.VSTS.TCM.Steps": null,
        "Microsoft.VSTS.TCM.Parameters": null,
        "Microsoft.VSTS.TCM.LocalDataSource": null,
        "Microsoft.VSTS.TCM.AutomationStatus": null,
        "System.History": null
      },
      "relations": null,
      "url": "https://dev.azure.com/TestDemoGenerate/_apis/wit/workItems/498"
    },
    {
      "id": 497,
      "rev": 1,
      "fields": {
        "System.AreaPath": "MyHealthClinic2",
        "System.TeamProject": "MyHealthClinic2",
        "System.IterationPath": "MyHealthClinic2",
        "System.WorkItemType": "Task",
        "System.State": "To Do",
        "System.Reason": "New task",
        "System.CreatedDate": "2019-06-13T13:42:49.427Z",
        "System.CreatedBy": "Manjunatha N <manjunatha.n@ecanarys.com>",
        "System.ChangedDate": "2019-06-13T13:42:49.427Z",
        "System.ChangedBy": "Manjunatha N <manjunatha.n@ecanarys.com>",
        "System.Title": "Update patient information page",
        "Microsoft.VSTS.Scheduling.Effort": 0.0,
        "System.Description": "Update patient information page",
        "System.AssignedTo": "lsteel109@outlook.com",
        "Microsoft.VSTS.Scheduling.RemainingWork": 0.0,
        "Microsoft.VSTS.Common.Priority": 2.0,
        "System.BoardLane": null,
        "System.Tags": null,
        "Microsoft.VSTS.TCM.Steps": null,
        "Microsoft.VSTS.TCM.Parameters": null,
        "Microsoft.VSTS.TCM.LocalDataSource": null,
        "Microsoft.VSTS.TCM.AutomationStatus": null,
        "System.History": null
      },
      "relations": null,
      "url": "https://dev.azure.com/TestDemoGenerate/_apis/wit/workItems/497"
    }
  ],
  "HttpStatusCode": 0,
  "Message": null
}