{
  "source": "userInterface",
  "revision": 1,
  "description": null,
  "createdBy": "{}",
  "createdOn": "",
  "modifiedBy": "{}",
  "modifiedOn": "",
  "isDeleted": false,
  "variables": {
    "HostingPlan": {
      "value": "mhce2e"
    },
    "ResourceGroupName": {
      "value": "dotnetcore"
    },
    "ServerName": {
      "value": "mhce2eb620ff8d"
    }
  },
  "variableGroups": [],
  "environments": [
    {
      "id": 1,
      "name": "Dev",
      "rank": 1,
      "owner": {
        "displayName": "$OwnerDisplayName$",
        "url": "",
        "_links": "{}",
        "id": "$OwnerId$",
        "uniqueName": "$OwnerUniqueName$",
        "imageUrl": "",
        "descriptor": ""
      },
      "variables": {
        "WebsiteName": {
          "value": "mhce2eb620ff8d"
        }
      },
      "variableGroups": [],
      "preDeployApprovals": {
        "approvals": [
          {
            "rank": 1,
            "isAutomated": true,
            "isNotificationOn": false,
            "id": 1
          }
        ]
      },
      "deployStep": {
        "id": 6
      },
      "postDeployApprovals": {
        "approvals": [
          {
            "rank": 1,
            "isAutomated": true,
            "isNotificationOn": false,
            "id": 7
          }
        ]
      },
      "deployPhases": [
        {
          "deploymentInput": {
            "parallelExecution": {
              "parallelExecutionType": "none"
            },
            "agentSpecification": null,
            "skipArtifactsDownload": false,
            "artifactsDownloadInput": {
              "downloadInputs": []
            },
            "queueId": "",
            "demands": [],
            "enableAccessToken": false,
            "timeoutInMinutes": 0,
            "jobCancelTimeoutInMinutes": 1,
            "condition": "succeeded()",
            "overrideInputs": {}
          },
          "rank": 1,
          "phaseType": "agentBasedDeployment",
          "name": "Run on agent",
          "refName": null,
          "workflowTasks": [
            {
              "environment": {},
              "taskId": "94a74903-f93f-4075-884f-dc11f34058b4",
              "version": "2.*",
              "name": "Azure Deployment",
              "refName": "AzureResourceGroupDeployment1",
              "enabled": true,
              "alwaysRun": false,
              "continueOnError": false,
              "timeoutInMinutes": 0,
              "definitionType": "task",
              "overrideInputs": {},
              "condition": "succeeded()",
              "inputs": {
                "ConnectedServiceName": "",
                "action": "Create Or Update Resource Group",
                "resourceGroupName": "$(ResourceGroupName)",
                "location": "Central US",
                "templateLocation": "Linked artifact",
                "csmFileLink": "",
                "csmParametersFileLink": "",
                "csmFile": "$(System.DefaultWorkingDirectory)/MyHealthClinicE2E/drop/ARM templates/azuredeploy.json",
                "csmParametersFile": "$(System.DefaultWorkingDirectory)/MyHealthClinicE2E/drop/ARM templates/azuredeploy.parameters.json",
                "overrideParameters": "-WebsiteName $(WebsiteName) -MHC_ServerName $(ServerName)  -MHC_HostingPlanName $(HostingPlan)",
                "deploymentMode": "Incremental",
                "enableDeploymentPrerequisites": "None",
                "deploymentGroupEndpoint": "",
                "project": "",
                "deploymentGroupName": "",
                "copyAzureVMTags": "true",
                "outputVariable": ""
              }
            },
            {
              "environment": {},
              "taskId": "497d490f-eea7-4f2b-ab94-48d9c1acdcb1",
              "version": "3.*",
              "name": "Deploy Azure App Service",
              "refName": "AzureRmWebAppDeployment_1",
              "enabled": true,
              "alwaysRun": false,
              "continueOnError": false,
              "timeoutInMinutes": 0,
              "definitionType": null,
              "overrideInputs": {},
              "condition": "succeeded()",
              "inputs": {
                "ConnectedServiceName": "",
                "WebAppName": "$(WebsiteName)",
                "WebAppKind": "app",
                "DeployToSlotFlag": "true",
                "ImageSource": "Registry",
                "ResourceGroupName": "$(ResourceGroupName)",
                "SlotName": "Dev",
                "AzureContainerRegistry": "",
                "AzureContainerRegistryLoginServer": "",
                "AzureContainerRegistryImage": "",
                "AzureContainerRegistryTag": "",
                "DockerRepositoryAccess": "public",
                "RegistryConnectedServiceName": "",
                "PrivateRegistryImage": "",
                "PrivateRegistryTag": "",
                "DockerNamespace": "",
                "DockerRepository": "",
                "DockerImageTag": "",
                "VirtualApplication": "",
                "Package": "$(System.DefaultWorkingDirectory)/MyHealthClinicE2E/drop/MyHealth.Web.zip",
                "BuiltinLinuxPackage": "$(System.DefaultWorkingDirectory)/**/*.zip",
                "RuntimeStack": "node|4.4",
                "StartupCommand": "",
                "WebAppUri": "",
                "ScriptType": "",
                "InlineScript": ":: You can provide your deployment commands here. One command per line.",
                "ScriptPath": "",
                "GenerateWebConfig": "false",
                "WebConfigParameters": "",
                "AppSettings": "",
                "TakeAppOfflineFlag": "false",
                "UseWebDeploy": "true",
                "SetParametersFile": "",
                "RemoveAdditionalFilesFlag": "false",
                "ExcludeFilesFromAppDataFlag": "false",
                "AdditionalArguments": "",
                "RenameFilesFlag": "true",
                "XmlTransformation": "false",
                "XmlVariableSubstitution": "false",
                "JSONFiles": "appsettings.json"
              }
            }
          ]
        }
      ],
      "environmentOptions": {
        "emailNotificationType": "OnlyOnFailure",
        "emailRecipients": "release.environment.owner;release.creator",
        "skipArtifactsDownload": false,
        "timeoutInMinutes": 0,
        "enableAccessToken": false,
        "publishDeploymentStatus": false,
        "badgeEnabled": false,
        "autoLinkWorkItems": false,
        "pullRequestDeploymentEnabled": false
      },
      "demands": [],
      "conditions": [
        {
          "name": "ReleaseStarted",
          "conditionType": "event",
          "value": ""
        }
      ],
      "executionPolicy": {
        "concurrencyCount": 0,
        "queueDepthCount": 0
      },
      "schedules": [],
      "currentRelease": {
        "id": 0,
        "url": "https://vsrm.dev.azure.com/TestDemoGenerate/3a111f9b-125c-40b5-aec1-a2e2c2d13c86/_apis/Release/releases/0",
        "_links": {}
      },
      "retentionPolicy": {
        "daysToKeep": 30,
        "releasesToKeep": 3,
        "retainBuild": true
      },
      "processParameters": {},
      "properties": {},
      "preDeploymentGates": {
        "id": 0,
        "gatesOptions": null,
        "gates": []
      },
      "postDeploymentGates": {
        "id": 0,
        "gatesOptions": null,
        "gates": []
      },
      "environmentTriggers": [],
      "badgeUrl": ""
    },
    {
      "id": 2,
      "name": "QA",
      "rank": 2,
      "owner": {
        "displayName": "$OwnerDisplayName$",
        "url": "",
        "_links": "{}",
        "id": "$OwnerId$",
        "uniqueName": "$OwnerUniqueName$",
        "imageUrl": "",
        "descriptor": ""
      },
      "variables": {
        "WebsiteName": {
          "value": "mhce2eb620ff8d"
        }
      },
      "variableGroups": [],
      "preDeployApprovals": {
        "approvals": [
          {
            "rank": 1,
            "isAutomated": true,
            "isNotificationOn": false,
            "id": 2
          }
        ]
      },
      "deployStep": {
        "id": 5
      },
      "postDeployApprovals": {
        "approvals": [
          {
            "rank": 1,
            "isAutomated": true,
            "isNotificationOn": false,
            "id": 8
          }
        ]
      },
      "deployPhases": [
        {
          "deploymentInput": {
            "parallelExecution": {
              "parallelExecutionType": "none"
            },
            "agentSpecification": null,
            "skipArtifactsDownload": false,
            "artifactsDownloadInput": {
              "downloadInputs": []
            },
            "queueId": "",
            "demands": [],
            "enableAccessToken": false,
            "timeoutInMinutes": 0,
            "jobCancelTimeoutInMinutes": 1,
            "condition": "succeeded()",
            "overrideInputs": {}
          },
          "rank": 1,
          "phaseType": "agentBasedDeployment",
          "name": "Run on agent",
          "refName": null,
          "workflowTasks": [
            {
              "environment": {},
              "taskId": "497d490f-eea7-4f2b-ab94-48d9c1acdcb1",
              "version": "3.*",
              "name": "Deploy Azure App Service",
              "refName": "AzureRmWebAppDeployment_1",
              "enabled": true,
              "alwaysRun": false,
              "continueOnError": false,
              "timeoutInMinutes": 0,
              "definitionType": null,
              "overrideInputs": {},
              "condition": "succeeded()",
              "inputs": {
                "ConnectedServiceName": "",
                "WebAppName": "$(WebsiteName)",
                "WebAppKind": "app",
                "DeployToSlotFlag": "true",
                "ImageSource": "Registry",
                "ResourceGroupName": "$(ResourceGroupName)",
                "SlotName": "Staging",
                "AzureContainerRegistry": "",
                "AzureContainerRegistryLoginServer": "",
                "AzureContainerRegistryImage": "",
                "AzureContainerRegistryTag": "",
                "DockerRepositoryAccess": "public",
                "RegistryConnectedServiceName": "",
                "PrivateRegistryImage": "",
                "PrivateRegistryTag": "",
                "DockerNamespace": "",
                "DockerRepository": "",
                "DockerImageTag": "",
                "VirtualApplication": "",
                "Package": "$(System.DefaultWorkingDirectory)/MyHealthClinicE2E/drop/MyHealth.Web.zip",
                "BuiltinLinuxPackage": "$(System.DefaultWorkingDirectory)/**/*.zip",
                "RuntimeStack": "node|4.4",
                "StartupCommand": "",
                "WebAppUri": "",
                "ScriptType": "",
                "InlineScript": ":: You can provide your deployment commands here. One command per line.",
                "ScriptPath": "",
                "GenerateWebConfig": "false",
                "WebConfigParameters": "",
                "AppSettings": "",
                "TakeAppOfflineFlag": "false",
                "UseWebDeploy": "true",
                "SetParametersFile": "",
                "RemoveAdditionalFilesFlag": "false",
                "ExcludeFilesFromAppDataFlag": "false",
                "AdditionalArguments": "",
                "RenameFilesFlag": "true",
                "XmlTransformation": "false",
                "XmlVariableSubstitution": "false",
                "JSONFiles": "appsettings.json"
              }
            }
          ]
        }
      ],
      "environmentOptions": {
        "emailNotificationType": "OnlyOnFailure",
        "emailRecipients": "release.environment.owner;release.creator",
        "skipArtifactsDownload": false,
        "timeoutInMinutes": 0,
        "enableAccessToken": false,
        "publishDeploymentStatus": false,
        "badgeEnabled": false,
        "autoLinkWorkItems": false,
        "pullRequestDeploymentEnabled": false
      },
      "demands": [],
      "conditions": [
        {
          "name": "Dev",
          "conditionType": "environmentState",
          "value": "4"
        }
      ],
      "executionPolicy": {
        "concurrencyCount": 0,
        "queueDepthCount": 0
      },
      "schedules": [],
      "currentRelease": {
        "id": 0,
        "url": "https://vsrm.dev.azure.com/TestDemoGenerate/3a111f9b-125c-40b5-aec1-a2e2c2d13c86/_apis/Release/releases/0",
        "_links": {}
      },
      "retentionPolicy": {
        "daysToKeep": 30,
        "releasesToKeep": 3,
        "retainBuild": true
      },
      "processParameters": {},
      "properties": {},
      "preDeploymentGates": {
        "id": 0,
        "gatesOptions": null,
        "gates": []
      },
      "postDeploymentGates": {
        "id": 0,
        "gatesOptions": null,
        "gates": []
      },
      "environmentTriggers": [],
      "badgeUrl": ""
    },
    {
      "id": 3,
      "name": "Production",
      "rank": 3,
      "owner": {
        "displayName": "$OwnerDisplayName$",
        "url": "",
        "_links": "{}",
        "id": "$OwnerId$",
        "uniqueName": "$OwnerUniqueName$",
        "imageUrl": "",
        "descriptor": ""
      },
      "variables": {
        "WebsiteName": {
          "value": "mhce2eb620ff8d"
        }
      },
      "variableGroups": [],
      "preDeployApprovals": {
        "approvals": [
          {
            "rank": 1,
            "isAutomated": true,
            "isNotificationOn": false,
            "id": 3
          }
        ]
      },
      "deployStep": {
        "id": 4
      },
      "postDeployApprovals": {
        "approvals": [
          {
            "rank": 1,
            "isAutomated": true,
            "isNotificationOn": false,
            "id": 9
          }
        ]
      },
      "deployPhases": [
        {
          "deploymentInput": {
            "parallelExecution": {
              "parallelExecutionType": "none"
            },
            "agentSpecification": null,
            "skipArtifactsDownload": false,
            "artifactsDownloadInput": {
              "downloadInputs": []
            },
            "queueId": "",
            "demands": [],
            "enableAccessToken": false,
            "timeoutInMinutes": 0,
            "jobCancelTimeoutInMinutes": 1,
            "condition": "succeeded()",
            "overrideInputs": {}
          },
          "rank": 1,
          "phaseType": "agentBasedDeployment",
          "name": "Run on agent",
          "refName": null,
          "workflowTasks": [
            {
              "environment": {},
              "taskId": "497d490f-eea7-4f2b-ab94-48d9c1acdcb1",
              "version": "3.*",
              "name": "Deploy Azure App Service",
              "refName": "AzureRmWebAppDeployment_1",
              "enabled": true,
              "alwaysRun": false,
              "continueOnError": false,
              "timeoutInMinutes": 0,
              "definitionType": null,
              "overrideInputs": {},
              "condition": "succeeded()",
              "inputs": {
                "ConnectedServiceName": "",
                "WebAppName": "$(WebsiteName)",
                "WebAppKind": "app",
                "DeployToSlotFlag": "false",
                "ImageSource": "Registry",
                "ResourceGroupName": "",
                "SlotName": "",
                "AzureContainerRegistry": "",
                "AzureContainerRegistryLoginServer": "",
                "AzureContainerRegistryImage": "",
                "AzureContainerRegistryTag": "",
                "DockerRepositoryAccess": "public",
                "RegistryConnectedServiceName": "",
                "PrivateRegistryImage": "",
                "PrivateRegistryTag": "",
                "DockerNamespace": "",
                "DockerRepository": "",
                "DockerImageTag": "",
                "VirtualApplication": "",
                "Package": "$(System.DefaultWorkingDirectory)/MyHealthClinicE2E/drop/MyHealth.Web.zip",
                "BuiltinLinuxPackage": "$(System.DefaultWorkingDirectory)/**/*.zip",
                "RuntimeStack": "node|4.4",
                "StartupCommand": "",
                "WebAppUri": "",
                "ScriptType": "",
                "InlineScript": ":: You can provide your deployment commands here. One command per line.",
                "ScriptPath": "",
                "GenerateWebConfig": "false",
                "WebConfigParameters": "",
                "AppSettings": "",
                "TakeAppOfflineFlag": "false",
                "UseWebDeploy": "true",
                "SetParametersFile": "",
                "RemoveAdditionalFilesFlag": "false",
                "ExcludeFilesFromAppDataFlag": "false",
                "AdditionalArguments": "",
                "RenameFilesFlag": "true",
                "XmlTransformation": "false",
                "XmlVariableSubstitution": "false",
                "JSONFiles": "appsettings.json"
              }
            }
          ]
        }
      ],
      "environmentOptions": {
        "emailNotificationType": "OnlyOnFailure",
        "emailRecipients": "release.environment.owner;release.creator",
        "skipArtifactsDownload": false,
        "timeoutInMinutes": 0,
        "enableAccessToken": false,
        "publishDeploymentStatus": false,
        "badgeEnabled": false,
        "autoLinkWorkItems": false,
        "pullRequestDeploymentEnabled": false
      },
      "demands": [],
      "conditions": [
        {
          "name": "QA",
          "conditionType": "environmentState",
          "value": "4"
        }
      ],
      "executionPolicy": {
        "concurrencyCount": 0,
        "queueDepthCount": 0
      },
      "schedules": [],
      "currentRelease": {
        "id": 0,
        "url": "https://vsrm.dev.azure.com/TestDemoGenerate/3a111f9b-125c-40b5-aec1-a2e2c2d13c86/_apis/Release/releases/0",
        "_links": {}
      },
      "retentionPolicy": {
        "daysToKeep": 30,
        "releasesToKeep": 3,
        "retainBuild": true
      },
      "processParameters": {},
      "properties": {},
      "preDeploymentGates": {
        "id": 0,
        "gatesOptions": null,
        "gates": []
      },
      "postDeploymentGates": {
        "id": 0,
        "gatesOptions": null,
        "gates": []
      },
      "environmentTriggers": [],
      "badgeUrl": ""
    }
  ],
  "artifacts": [
    {
      "sourceId": "$ProjectId$:$MyHealthClinicE2E-id$",
      "type": "Build",
      "alias": "MyHealthClinicE2E",
      "definitionReference": {
        "defaultVersionBranch": {
          "id": "",
          "name": ""
        },
        "defaultVersionSpecific": {
          "id": "",
          "name": ""
        },
        "defaultVersionTags": {
          "id": "",
          "name": ""
        },
        "defaultVersionType": {
          "id": "latestType",
          "name": "Latest"
        },
        "definition": {
          "id": "$MyHealthClinicE2E-id$",
          "name": "MyHealthClinicE2E"
        },
        "project": {
          "id": "$ProjectId$",
          "name": "$ProjectName$"
        },
        "artifactSourceDefinitionUrl": "{}"
      },
      "isPrimary": true,
      "isRetained": false
    }
  ],
  "triggers": [
    {
      "artifactAlias": "MyHealthClinicE2E",
      "triggerConditions": [
        {
          "sourceBranch": "master",
          "tags": [],
          "useBuildDefinitionBranch": false,
          "createReleaseOnBuildTagging": false
        }
      ],
      "triggerType": "artifactSource"
    }
  ],
  "releaseNameFormat": "Release-$(rev:r)",
  "tags": [],
  "pipelineProcess": {
    "type": "designer"
  },
  "properties": {
    "DefinitionCreationSource": {
      "$type": "System.String",
      "$value": "ReleaseClone"
    }
  },
  "id": "",
  "name": "MyHealthClinicE2E",
  "path": "\\",
  "projectReference": null,
  "url": "",
  "_links": "{}"
}