{
  "data": {
    "environment": "AzureCloud",
    "subscriptionId": "437ccd64-20a8-4266-bc9b-7511048a0d6f",
    "subscriptionName": "3S-DevTest",
    "scopeLevel": "Subscription"
  },
  "name": "3S-DevTest (437ccd64-20a8-4266-bc9b-7511048a0d6f)",
  "type": "azurerm",
  "url": "https://management.azure.com/",
  "authorization": {
    "parameters": {
      "tenantId": "3ea257bc-d960-43d5-8a47-53b5f163dfbe",
      "servicePrincipalId": "a42382eb-4629-4a36-8ebc-e8623bed0d38",
      "authenticationType": "spnKey",
      "servicePrincipalKey": "spnKey"
    },
    "scheme": "ServicePrincipal"
  },
  "isShared": false,
  "isReady": true,
  "owner": "Library"
}