{
  "options": [
    {
      "enabled": true,
      "definition": {
        "id": "5d58cc01-7c75-450c-be18-a388ddb129ec"
      },
      "inputs": {
        "branchFilters": "[\"+refs/heads/*\"]",
        "additionalFields": "{}"
      }
    },
    {
      "enabled": false,
      "definition": {
        "id": "a9db38f9-9fdc-478c-b0f9-464221e58316"
      },
      "inputs": {
        "workItemType": "Bug",
        "assignToRequestor": "true",
        "additionalFields": "{}"
      }
    }
  ],
  "variables": {
    "BuildConfiguration": {
      "value": "Release",
      "allowOverride": true
    },
    "BuildPlatform": {
      "value": "any cpu",
      "allowOverride": true
    },
    "system.debug": {
      "value": "false",
      "allowOverride": true
    }
  },
  "retentionRules": [
    {
      "branches": [
        "+refs/heads/*"
      ],
      "artifacts": [],
      "artifactTypesToDelete": [
        "FilePath",
        "SymbolStore"
      ],
      "daysToKeep": 10,
      "minimumToKeep": 1,
      "deleteBuildRecord": true,
      "deleteTestResults": true
    }
  ],
  "properties": {},
  "tags": [],
  "_links": "{}",
  "buildNumberFormat": "$(date:yyyyMMdd)$(rev:.r)",
  "jobAuthorizationScope": "projectCollection",
  "jobTimeoutInMinutes": 60,
  "jobCancelTimeoutInMinutes": 5,
  "process": {
    "phases": [
      {
        "steps": [
          {
            "environment": {},
            "enabled": true,
            "continueOnError": false,
            "alwaysRun": false,
            "displayName": "Use .NET Core sdk 2.1.403",
            "timeoutInMinutes": 0,
            "condition": "succeeded()",
            "task": {
              "id": "b0ce7256-7898-45d3-9cb5-176b752bfea6",
              "versionSpec": "",
              "definitionType": "task"
            },
            "inputs": {
              "packageType": "sdk",
              "version": "2.1.403",
              "includePreviewVersions": "false",
              "installationPath": "$(Agent.ToolsDirectory)/dotnet",
              "performMultiLevelLookup": "false"
            }
          },
          {
            "environment": {},
            "enabled": true,
            "continueOnError": false,
            "alwaysRun": false,
            "displayName": "Restore",
            "timeoutInMinutes": 0,
            "condition": "succeeded()",
            "task": {
              "id": "5541a522-603c-47ad-91fc-a4b1d163081b",
              "versionSpec": "",
              "definitionType": "task"
            },
            "inputs": {
              "command": "restore",
              "publishWebProjects": "true",
              "projects": "Source/SmartHotel360.Website/SmartHotel360.Website.csproj ",
              "custom": "",
              "arguments": "",
              "publishTestResults": "true",
              "testRunTitle": "",
              "zipAfterPublish": "true",
              "modifyOutputPath": "true",
              "selectOrConfig": "select",
              "feedRestore": "",
              "includeNuGetOrg": "true",
              "nugetConfigPath": "",
              "externalEndpoints": "",
              "noCache": "false",
              "packagesDirectory": "",
              "verbosityRestore": "Detailed",
              "searchPatternPush": "$(Build.ArtifactStagingDirectory)/*.nupkg",
              "nuGetFeedType": "internal",
              "feedPublish": "",
              "publishPackageMetadata": "true",
              "externalEndpoint": "",
              "searchPatternPack": "**/*.csproj",
              "configurationToPack": "$(BuildConfiguration)",
              "outputDir": "$(Build.ArtifactStagingDirectory)",
              "nobuild": "false",
              "versioningScheme": "off",
              "versionEnvVar": "",
              "requestedMajorVersion": "1",
              "requestedMinorVersion": "0",
              "requestedPatchVersion": "0",
              "buildProperties": "",
              "verbosityPack": "Detailed",
              "workingDirectory": ""
            }
          },
          {
            "environment": {},
            "enabled": true,
            "continueOnError": false,
            "alwaysRun": false,
            "displayName": "Build",
            "timeoutInMinutes": 0,
            "condition": "succeeded()",
            "task": {
              "id": "5541a522-603c-47ad-91fc-a4b1d163081b",
              "versionSpec": "",
              "definitionType": "task"
            },
            "inputs": {
              "command": "build",
              "publishWebProjects": "true",
              "projects": "Source/SmartHotel360.Website/SmartHotel360.Website.csproj ",
              "custom": "",
              "arguments": "--configuration $(BuildConfiguration)",
              "publishTestResults": "true",
              "testRunTitle": "",
              "zipAfterPublish": "true",
              "modifyOutputPath": "true",
              "selectOrConfig": "select",
              "feedRestore": "",
              "includeNuGetOrg": "true",
              "nugetConfigPath": "",
              "externalEndpoints": "",
              "noCache": "false",
              "packagesDirectory": "",
              "verbosityRestore": "Detailed",
              "searchPatternPush": "$(Build.ArtifactStagingDirectory)/*.nupkg",
              "nuGetFeedType": "internal",
              "feedPublish": "",
              "publishPackageMetadata": "true",
              "externalEndpoint": "",
              "searchPatternPack": "**/*.csproj",
              "configurationToPack": "$(BuildConfiguration)",
              "outputDir": "$(Build.ArtifactStagingDirectory)",
              "nobuild": "false",
              "versioningScheme": "off",
              "versionEnvVar": "",
              "requestedMajorVersion": "1",
              "requestedMinorVersion": "0",
              "requestedPatchVersion": "0",
              "buildProperties": "",
              "verbosityPack": "Detailed",
              "workingDirectory": ""
            }
          },
          {
            "environment": {},
            "enabled": true,
            "continueOnError": false,
            "alwaysRun": false,
            "displayName": "Publish",
            "timeoutInMinutes": 0,
            "condition": "succeeded()",
            "task": {
              "id": "5541a522-603c-47ad-91fc-a4b1d163081b",
              "versionSpec": "",
              "definitionType": "task"
            },
            "inputs": {
              "command": "publish",
              "publishWebProjects": "True",
              "projects": "Source/SmartHotel360.Website/SmartHotel360.Website.csproj ",
              "custom": "",
              "arguments": "--configuration $(BuildConfiguration) --output $(build.artifactstagingdirectory)",
              "publishTestResults": "true",
              "testRunTitle": "",
              "zipAfterPublish": "True",
              "modifyOutputPath": "true",
              "selectOrConfig": "select",
              "feedRestore": "",
              "includeNuGetOrg": "true",
              "nugetConfigPath": "",
              "externalEndpoints": "",
              "noCache": "false",
              "packagesDirectory": "",
              "verbosityRestore": "Detailed",
              "searchPatternPush": "$(Build.ArtifactStagingDirectory)/*.nupkg",
              "nuGetFeedType": "internal",
              "feedPublish": "",
              "publishPackageMetadata": "true",
              "externalEndpoint": "",
              "searchPatternPack": "**/*.csproj",
              "configurationToPack": "$(BuildConfiguration)",
              "outputDir": "$(Build.ArtifactStagingDirectory)",
              "nobuild": "false",
              "versioningScheme": "off",
              "versionEnvVar": "",
              "requestedMajorVersion": "1",
              "requestedMinorVersion": "0",
              "requestedPatchVersion": "0",
              "buildProperties": "",
              "verbosityPack": "Detailed",
              "workingDirectory": ""
            }
          },
          {
            "environment": {},
            "enabled": true,
            "continueOnError": false,
            "alwaysRun": false,
            "displayName": "Publish Artifact- Website package",
            "timeoutInMinutes": 0,
            "condition": "succeeded()",
            "task": {
              "id": "2ff763a7-ce83-4e1f-bc89-0ae63477cebe",
              "versionSpec": "1.*",
              "definitionType": "task"
            },
            "inputs": {
              "PathtoPublish": "$(build.artifactstagingdirectory)",
              "ArtifactName": "web",
              "ArtifactType": "Container",
              "TargetPath": "\\\\my\\share\\$(Build.DefinitionName)\\$(Build.BuildNumber)",
              "Parallel": "false",
              "ParallelCount": "8"
            }
          },
          {
            "environment": {},
            "enabled": true,
            "continueOnError": false,
            "alwaysRun": true,
            "displayName": "Publish Artifact- ARM Template",
            "timeoutInMinutes": 0,
            "condition": "succeededOrFailed()",
            "task": {
              "id": "2ff763a7-ce83-4e1f-bc89-0ae63477cebe",
              "versionSpec": "",
              "definitionType": "task"
            },
            "inputs": {
              "PathtoPublish": "$(Build.SourcesDirectory)/Deploy",
              "ArtifactName": "arm",
              "ArtifactType": "Container",
              "TargetPath": "\\\\my\\share\\$(Build.DefinitionName)\\$(Build.BuildNumber)",
              "Parallel": "false",
              "ParallelCount": "8"
            }
          }
        ],
        "name": "Build WebSite",
        "refName": "Phase_1",
        "condition": "succeeded()",
        "target": {
          "executionOptions": {
            "type": 0
          },
          "allowScriptsAuthAccessOption": false,
          "type": 1,
          "queue": "{}"
        },
        "jobAuthorizationScope": "projectCollection",
        "jobCancelTimeoutInMinutes": 1
      },
      {
        "steps": [
          {
            "environment": {},
            "enabled": true,
            "continueOnError": false,
            "alwaysRun": false,
            "displayName": "Use NuGet 4.4.1",
            "timeoutInMinutes": 0,
            "condition": "succeeded()",
            "task": {
              "id": "2c65196a-54fd-4a02-9be8-d9d1837b7c5d",
              "versionSpec": "",
              "definitionType": "task"
            },
            "inputs": {
              "versionSpec": "4.4.1",
              "checkLatest": "false"
            }
          },
          {
            "environment": {},
            "enabled": true,
            "continueOnError": false,
            "alwaysRun": false,
            "displayName": "NuGet restore",
            "timeoutInMinutes": 0,
            "condition": "succeeded()",
            "task": {
              "id": "333b11bd-d341-40d9-afcf-b32d5ce6f23b",
              "versionSpec": "",
              "definitionType": "task"
            },
            "inputs": {
              "command": "restore",
              "solution": "Source/SmartHotel360.WebsiteFunction/SmartHotel360.WebsiteFunction.csproj",
              "selectOrConfig": "select",
              "feedRestore": "",
              "includeNuGetOrg": "true",
              "nugetConfigPath": "",
              "externalEndpoints": "",
              "noCache": "false",
              "disableParallelProcessing": "false",
              "packagesDirectory": "",
              "verbosityRestore": "Detailed",
              "searchPatternPush": "$(Build.ArtifactStagingDirectory)/**/*.nupkg;!$(Build.ArtifactStagingDirectory)/**/*.symbols.nupkg",
              "nuGetFeedType": "internal",
              "feedPublish": "",
              "publishPackageMetadata": "true",
              "allowPackageConflicts": "false",
              "externalEndpoint": "",
              "verbosityPush": "Detailed",
              "searchPatternPack": "**/*.csproj",
              "configurationToPack": "$(BuildConfiguration)",
              "outputDir": "$(Build.ArtifactStagingDirectory)",
              "versioningScheme": "off",
              "includeReferencedProjects": "false",
              "versionEnvVar": "",
              "requestedMajorVersion": "1",
              "requestedMinorVersion": "0",
              "requestedPatchVersion": "0",
              "packTimezone": "utc",
              "includeSymbols": "false",
              "toolPackage": "false",
              "buildProperties": "",
              "basePath": "",
              "verbosityPack": "Detailed",
              "arguments": ""
            }
          },
          {
            "environment": {},
            "enabled": true,
            "continueOnError": false,
            "alwaysRun": false,
            "displayName": "Build solution Source/SmartHotel360.WebsiteFunction/SmartHotel360.WebsiteFunction.csproj",
            "timeoutInMinutes": 0,
            "condition": "succeeded()",
            "task": {
              "id": "71a9a2d3-a98a-4caa-96ab-affca411ecda",
              "versionSpec": "",
              "definitionType": "task"
            },
            "inputs": {
              "solution": "Source/SmartHotel360.WebsiteFunction/SmartHotel360.WebsiteFunction.csproj",
              "vsVersion": "latest",
              "msbuildArgs": "/p:DeployOnBuild=true /p:WebPublishMethod=Package /p:PackageAsSingleFile=true /p:SkipInvalidConfigurations=true /p:PackageLocation=\"$(build.artifactstagingdirectory)\\\\\"",
              "platform": "$(BuildPlatform)",
              "configuration": "$(BuildConfiguration)",
              "clean": "false",
              "maximumCpuCount": "false",
              "restoreNugetPackages": "false",
              "msbuildArchitecture": "x86",
              "logProjectEvents": "true",
              "createLogFile": "false",
              "logFileVerbosity": "normal"
            }
          },
          {
            "environment": {},
            "enabled": true,
            "continueOnError": false,
            "alwaysRun": false,
            "displayName": "Publish Artifact: Function-app",
            "timeoutInMinutes": 0,
            "condition": "succeeded()",
            "task": {
              "id": "2ff763a7-ce83-4e1f-bc89-0ae63477cebe",
              "versionSpec": "1.*",
              "definitionType": "task"
            },
            "inputs": {
              "PathtoPublish": "$(Build.ArtifactStagingDirectory)",
              "ArtifactName": "Function-app",
              "ArtifactType": "Container",
              "TargetPath": "",
              "Parallel": "false",
              "ParallelCount": "8"
            }
          }
        ],
        "name": "Build Pet Checker Functions App",
        "refName": "Phase_2",
        "condition": "succeeded()",
        "target": {
          "executionOptions": {
            "type": 0
          },
          "allowScriptsAuthAccessOption": false,
          "type": 1,
          "queue": "{}"
        },
        "jobAuthorizationScope": "projectCollection",
        "jobCancelTimeoutInMinutes": 1
      }
    ],
    "type": 1
  },
  "repository": {
    "properties": {
      "cloneUrl": "https://github.com/Microsoft/SmartHotel360-Website.git",
      "fullName": "Microsoft/SmartHotel360-Website",
      "defaultBranch": "master",
      "connectedServiceId": "$GitHub_20e18bf4$",
      "isPrivate": "False",
      "isFork": "False",
      "safeRepository": "Microsoft/SmartHotel360-Website",
      "ownerIsAUser": "False",
      "checkoutNestedSubmodules": "false",
      "cleanOptions": "0",
      "fetchDepth": "0",
      "gitLfsSupport": "false",
      "reportBuildStatus": "true",
      "skipSyncSource": "false",
      "labelSourcesFormat": "$(build.buildNumber)",
      "labelSources": "0"
    },
    "id": "https://github.com/Microsoft/SmartHotel360-Website.git",
    "type": "git",
    "name": "Microsoft/SmartHotel360-Website",
    "url": "https://github.com/Microsoft/SmartHotel360-Website.git",
    "defaultBranch": "master",
    "clean": "false",
    "checkoutSubmodules": false
  },
  "processParameters": {},
  "quality": "definition",
  "authoredBy": "{}",
  "drafts": [],
  "queue": {
    "_links": "{}",
    "id": "",
    "name": "Hosted VS2017",
    "url": "",
    "pool": {
      "id": "",
      "name": "Hosted VS2017",
      "isHosted": true
    }
  },
  "id": "",
  "name": "SmartHotel_Petchecker-Web",
  "url": "",
  "uri": "",
  "path": "\\",
  "type": "build",
  "queueStatus": "enabled",
  "revision": 1,
  "createdDate": "",
  "project": "{}"
}