{
  "options": [
    {
      "enabled": false,
      "definition": {
        "id": "5d58cc01-7c75-450c-be18-a388ddb129ec"
      },
      "inputs": {
        "branchFilters": "[\"+refs/heads/*\"]",
        "additionalFields": "{}"
      }
    },
    {
      "enabled": false,
      "definition": {
        "id": "a9db38f9-9fdc-478c-b0f9-464221e58316"
      },
      "inputs": {
        "workItemType": "Task",
        "assignToRequestor": "true",
        "additionalFields": "{}"
      }
    }
  ],
  "variables": {
    "imageName": {
      "value": "website"
    },
    "location": {
      "value": "westus"
    },
    "resourcegroup": {
      "value": "TailwindTraderWeb"
    },
    "system.debug": {
      "value": "false",
      "allowOverride": true
    }
  },
  "retentionRules": [
    {
      "branches": [
        "+refs/heads/*"
      ],
      "artifacts": [],
      "artifactTypesToDelete": [
        "FilePath",
        "SymbolStore"
      ],
      "daysToKeep": 10,
      "minimumToKeep": 1,
      "deleteBuildRecord": true,
      "deleteTestResults": true
    }
  ],
  "properties": {},
  "tags": [],
  "_links": "{}",
  "jobAuthorizationScope": "projectCollection",
  "jobTimeoutInMinutes": 60,
  "jobCancelTimeoutInMinutes": 5,
  "process": {
    "phases": [
      {
        "steps": [
          {
            "environment": {},
            "enabled": true,
            "continueOnError": false,
            "alwaysRun": false,
            "displayName": "Azure Deployment:Create Or Update Resource Group action on $(resourcegroup)",
            "timeoutInMinutes": 0,
            "condition": "succeeded()",
            "task": {
              "id": "94a74903-f93f-4075-884f-dc11f34058b4",
              "versionSpec": "2.*",
              "definitionType": "task"
            },
            "inputs": {
              "ConnectedServiceName": "",
              "action": "Create Or Update Resource Group",
              "resourceGroupName": "$(resourcegroup)",
              "location": "$(location)",
              "templateLocation": "Linked artifact",
              "csmFileLink": "",
              "csmParametersFileLink": "",
              "csmFile": "Deploy/deployment.json",
              "csmParametersFile": "",
              "overrideParameters": "",
              "deploymentMode": "Incremental",
              "enableDeploymentPrerequisites": "None",
              "deploymentGroupEndpoint": "",
              "project": "",
              "deploymentGroupName": "",
              "copyAzureVMTags": "true",
              "runAgentServiceAsUser": "false",
              "userName": "",
              "password": "",
              "outputVariable": "",
              "deploymentName": "",
              "deploymentOutputs": "",
              "addSpnToEnvironment": "false"
            }
          },
          {
            "environment": {},
            "enabled": true,
            "continueOnError": false,
            "alwaysRun": false,
            "displayName": "ARM Outputs",
            "timeoutInMinutes": 0,
            "condition": "succeeded()",
            "task": {
              "id": "584bcff2-3353-4f11-872b-6ba01267a972",
              "versionSpec": "5.*",
              "definitionType": "task"
            },
            "inputs": {
              "ConnectedServiceNameSelector": "ConnectedServiceNameARM",
              "ConnectedServiceNameARM": "",
              "resourceGroupName": "$(resourcegroup)",
              "prefix": "",
              "outputNames": "",
              "whenLastDeploymentIsFailed": "fail",
              "deploymentNameFilter": ""
            }
          },
          {
            "environment": {},
            "enabled": true,
            "continueOnError": false,
            "alwaysRun": false,
            "displayName": "build an image",
            "timeoutInMinutes": 0,
            "condition": "succeeded()",
            "task": {
              "id": "e28912f1-0114-4464-802a-a3a35437fd16",
              "versionSpec": "1.*",
              "definitionType": "task"
            },
            "inputs": {
              "containerregistrytype": "Azure Container Registry",
              "dockerRegistryEndpoint": "",
              "azureSubscriptionEndpoint": "",
              "azureContainerRegistry": "",
              "command": "build",
              "dockerFile": "**/Dockerfile",
              "arguments": "",
              "pushMultipleImages": "false",
              "tagMultipleImages": "false",
              "imageName": "$(imageName)",
              "imageNamesPath": "",
              "qualifyImageName": "true",
              "includeSourceTags": "false",
              "includeLatestTag": "false",
              "addDefaultLabels": "true",
              "useDefaultContext": "true",
              "buildContext": "**",
              "imageDigestFile": "",
              "containerName": "",
              "ports": "",
              "volumes": "",
              "envVars": "",
              "workingDirectory": "",
              "entrypointOverride": "",
              "containerCommand": "",
              "runInBackground": "true",
              "restartPolicy": "no",
              "maxRestartRetries": "",
              "dockerHostEndpoint": "",
              "enforceDockerNamingConvention": "true",
              "memoryLimit": ""
            }
          },
          {
            "environment": {},
            "enabled": true,
            "continueOnError": false,
            "alwaysRun": false,
            "displayName": "push an image",
            "timeoutInMinutes": 0,
            "condition": "succeeded()",
            "task": {
              "id": "e28912f1-0114-4464-802a-a3a35437fd16",
              "versionSpec": "1.*",
              "definitionType": "task"
            },
            "inputs": {
              "containerregistrytype": "Azure Container Registry",
              "dockerRegistryEndpoint": "",
              "azureSubscriptionEndpoint": "",
              "azureContainerRegistry": "",
              "command": "push",
              "dockerFile": "**/Dockerfile",
              "arguments": "",
              "pushMultipleImages": "false",
              "tagMultipleImages": "false",
              "imageName": "$(imageName)",
              "imageNamesPath": "",
              "qualifyImageName": "true",
              "includeSourceTags": "false",
              "includeLatestTag": "false",
              "addDefaultLabels": "true",
              "useDefaultContext": "true",
              "buildContext": "**",
              "imageDigestFile": "",
              "containerName": "",
              "ports": "",
              "volumes": "",
              "envVars": "",
              "workingDirectory": "",
              "entrypointOverride": "",
              "containerCommand": "",
              "runInBackground": "true",
              "restartPolicy": "no",
              "maxRestartRetries": "",
              "dockerHostEndpoint": "",
              "enforceDockerNamingConvention": "true",
              "memoryLimit": ""
            }
          }
        ],
        "name": "Agent job 1",
        "refName": "Job_1",
        "condition": "succeeded()",
        "target": {
          "executionOptions": {
            "type": 0
          },
          "allowScriptsAuthAccessOption": false,
          "type": 1,
          "queue": "{}"
        },
        "jobAuthorizationScope": "projectCollection"
      }
    ],
    "type": 1
  },
  "repository": {
    "properties": {
      "apiUrl": "https://api.github.com/repos/MeganB-TW/TT-website",
      "branchesUrl": "https://api.github.com/repos/MeganB-TW/TT-website/branches",
      "cloneUrl": "https://github.com/MeganB-TW/TT-website.git",
      "connectedServiceId": "$GitHub_fca745c2$",
      "defaultBranch": "master",
      "fullName": "repository",
      "hasAdminPermissions": "False",
      "isFork": "False",
      "isPrivate": "True",
      "lastUpdated": "05/31/2019 00:22:03",
      "manageUrl": "https://github.com/MeganB-TW/TT-website",
      "nodeId": "MDEwOlJlcG9zaXRvcnkxODc3NTg1Mjc=",
      "ownerId": "50852277",
      "orgName": "MeganB-TW",
      "refsUrl": "https://api.github.com/repos/MeganB-TW/TT-website/git/refs",
      "safeRepository": "MeganB-TW/TT-website",
      "shortName": "TT-website",
      "ownerAvatarUrl": "https://avatars3.githubusercontent.com/u/50852277?v=4",
      "archived": "False",
      "externalId": "187758527",
      "ownerIsAUser": "True",
      "checkoutNestedSubmodules": "false",
      "cleanOptions": "0",
      "fetchDepth": "0",
      "gitLfsSupport": "false",
      "reportBuildStatus": "true",
      "skipSyncSource": "false",
      "labelSourcesFormat": "$(build.buildNumber)",
      "labelSources": "0"
    },
    "id": "MeganB-TW/TT-website",
    "type": "Git",
    "name": "repository",
    "url": "https://github.com/MeganB-TW/TT-website.git",
    "defaultBranch": "master",
    "clean": "false",
    "checkoutSubmodules": false
  },
  "processParameters": {},
  "quality": "definition",
  "authoredBy": "{}",
  "drafts": [],
  "queue": {
    "_links": "{}",
    "id": "",
    "name": "Hosted Ubuntu 1604",
    "url": "",
    "pool": {
      "id": "",
      "name": "Hosted Ubuntu 1604",
      "isHosted": true
    }
  },
  "id": "",
  "name": "Tailwind Traders Project-CI",
  "url": "",
  "uri": "",
  "path": "\\",
  "type": "build",
  "queueStatus": "enabled",
  "revision": 4,
  "createdDate": "",
  "project": "{}"
}