{
  "count": 7,
  "value": [
    {
      "id": 135,
      "rev": 6,
      "fields": {
        "System.AreaPath": "Tailwind Traders Project",
        "System.TeamProject": "Tailwind Traders Project",
        "System.IterationPath": "Tailwind Traders Project\\Sprint 3",
        "System.WorkItemType": "Bug",
        "System.State": "Approved",
        "System.Reason": "Approved by the Product Owner",
        "System.CreatedDate": "2019-06-12T21:58:37.127Z",
        "System.CreatedBy": "Megan Bowen <MeganB@azureapps.OnMicrosoft.com>",
        "System.ChangedDate": "2019-06-12T22:00:21.1Z",
        "System.ChangedBy": "Megan Bowen <MeganB@azureapps.OnMicrosoft.com>",
        "System.Title": "Misspelling found ",
        "Microsoft.VSTS.Scheduling.Effort": 0.0,
        "System.Description": null,
        "System.AssignedTo": "Megan Bowen <MeganB@azureapps.OnMicrosoft.com>",
        "Microsoft.VSTS.Scheduling.RemainingWork": 0.0,
        "Microsoft.VSTS.Common.Priority": 2.0,
        "System.BoardLane": null,
        "System.Tags": null,
        "Microsoft.VSTS.TCM.Steps": null,
        "Microsoft.VSTS.TCM.Parameters": null,
        "Microsoft.VSTS.TCM.LocalDataSource": null,
        "Microsoft.VSTS.TCM.AutomationStatus": null,
        "System.History": null
      },
      "relations": [
        {
          "rel": "System.LinkTypes.Hierarchy-Forward",
          "url": "https://dev.azure.com/MeganB0296/_apis/wit/workItems/136",
          "attributes": {
            "isLocked": "false",
            "name": "Child"
          }
        }
      ],
      "url": "https://dev.azure.com/MeganB0296/_apis/wit/workItems/135"
    },
    {
      "id": 132,
      "rev": 2,
      "fields": {
        "System.AreaPath": "Tailwind Traders Project\\Mobile",
        "System.TeamProject": "Tailwind Traders Project",
        "System.IterationPath": "Tailwind Traders Project\\Sprint 2",
        "System.WorkItemType": "Bug",
        "System.State": "Committed",
        "System.Reason": "Commitment made by the team",
        "System.CreatedDate": "2019-05-21T01:23:24.043Z",
        "System.CreatedBy": "Megan Bowen <MeganB@azureapps.OnMicrosoft.com>",
        "System.ChangedDate": "2019-06-18T19:10:46.717Z",
        "System.ChangedBy": "Megan Bowen <MeganB@azureapps.OnMicrosoft.com>",
        "System.Title": "Search hotel works only for certain cities",
        "Microsoft.VSTS.Scheduling.Effort": 5.0,
        "System.Description": "Search hotel works only for certain cities",
        "System.AssignedTo": "lsteel109@outlook.com",
        "Microsoft.VSTS.Scheduling.RemainingWork": 3.0,
        "Microsoft.VSTS.Common.Priority": 2.0,
        "System.BoardLane": null,
        "System.Tags": "Search Hotel Bug",
        "Microsoft.VSTS.TCM.Steps": null,
        "Microsoft.VSTS.TCM.Parameters": null,
        "Microsoft.VSTS.TCM.LocalDataSource": null,
        "Microsoft.VSTS.TCM.AutomationStatus": null,
        "System.History": null
      },
      "relations": [
        {
          "rel": "System.LinkTypes.Hierarchy-Reverse",
          "url": "https://dev.azure.com/MeganB0296/_apis/wit/workItems/1",
          "attributes": {
            "isLocked": "false",
            "comment": "Making a new link for the dependency",
            "name": "Parent"
          }
        }
      ],
      "url": "https://dev.azure.com/MeganB0296/_apis/wit/workItems/132"
    },
    {
      "id": 131,
      "rev": 1,
      "fields": {
        "System.AreaPath": "Tailwind Traders Project",
        "System.TeamProject": "Tailwind Traders Project",
        "System.IterationPath": "Tailwind Traders Project",
        "System.WorkItemType": "Bug",
        "System.State": "New",
        "System.Reason": "New defect reported",
        "System.CreatedDate": "2019-05-21T01:23:23.92Z",
        "System.CreatedBy": "Megan Bowen <MeganB@azureapps.OnMicrosoft.com>",
        "System.ChangedDate": "2019-05-21T01:23:23.92Z",
        "System.ChangedBy": "Megan Bowen <MeganB@azureapps.OnMicrosoft.com>",
        "System.Title": "Room lights are not dimming within the app",
        "Microsoft.VSTS.Scheduling.Effort": 0.0,
        "System.Description": "Room lights are not dimming within the app",
        "System.AssignedTo": "ckelly109@outlook.com",
        "Microsoft.VSTS.Scheduling.RemainingWork": 0.0,
        "Microsoft.VSTS.Common.Priority": 2.0,
        "System.BoardLane": null,
        "System.Tags": null,
        "Microsoft.VSTS.TCM.Steps": null,
        "Microsoft.VSTS.TCM.Parameters": null,
        "Microsoft.VSTS.TCM.LocalDataSource": null,
        "Microsoft.VSTS.TCM.AutomationStatus": null,
        "System.History": null
      },
      "relations": [
        {
          "rel": "System.LinkTypes.Hierarchy-Reverse",
          "url": "https://dev.azure.com/MeganB0296/_apis/wit/workItems/30",
          "attributes": {
            "isLocked": "false",
            "comment": "Making a new link for the dependency",
            "name": "Parent"
          }
        }
      ],
      "url": "https://dev.azure.com/MeganB0296/_apis/wit/workItems/131"
    },
    {
      "id": 130,
      "rev": 1,
      "fields": {
        "System.AreaPath": "Tailwind Traders Project",
        "System.TeamProject": "Tailwind Traders Project",
        "System.IterationPath": "Tailwind Traders Project",
        "System.WorkItemType": "Bug",
        "System.State": "New",
        "System.Reason": "New defect reported",
        "System.CreatedDate": "2019-05-21T01:23:23.783Z",
        "System.CreatedBy": "Megan Bowen <MeganB@azureapps.OnMicrosoft.com>",
        "System.ChangedDate": "2019-05-21T01:23:23.783Z",
        "System.ChangedBy": "Megan Bowen <MeganB@azureapps.OnMicrosoft.com>",
        "System.Title": "Same face patterns are not recognized",
        "Microsoft.VSTS.Scheduling.Effort": 0.0,
        "System.Description": "Same face patterns are not recognized",
        "System.AssignedTo": "Megan Bowen <MeganB@azureapps.OnMicrosoft.com>",
        "Microsoft.VSTS.Scheduling.RemainingWork": 0.0,
        "Microsoft.VSTS.Common.Priority": 2.0,
        "System.BoardLane": null,
        "System.Tags": null,
        "Microsoft.VSTS.TCM.Steps": null,
        "Microsoft.VSTS.TCM.Parameters": null,
        "Microsoft.VSTS.TCM.LocalDataSource": null,
        "Microsoft.VSTS.TCM.AutomationStatus": null,
        "System.History": null
      },
      "relations": [
        {
          "rel": "System.LinkTypes.Hierarchy-Reverse",
          "url": "https://dev.azure.com/MeganB0296/_apis/wit/workItems/29",
          "attributes": {
            "isLocked": "false",
            "comment": "Making a new link for the dependency",
            "name": "Parent"
          }
        }
      ],
      "url": "https://dev.azure.com/MeganB0296/_apis/wit/workItems/130"
    },
    {
      "id": 129,
      "rev": 1,
      "fields": {
        "System.AreaPath": "Tailwind Traders Project",
        "System.TeamProject": "Tailwind Traders Project",
        "System.IterationPath": "Tailwind Traders Project",
        "System.WorkItemType": "Bug",
        "System.State": "New",
        "System.Reason": "New defect reported",
        "System.CreatedDate": "2019-05-21T01:23:23.62Z",
        "System.CreatedBy": "Megan Bowen <MeganB@azureapps.OnMicrosoft.com>",
        "System.ChangedDate": "2019-05-21T01:23:23.62Z",
        "System.ChangedBy": "Megan Bowen <MeganB@azureapps.OnMicrosoft.com>",
        "System.Title": "Services has a bug",
        "Microsoft.VSTS.Scheduling.Effort": 0.0,
        "System.Description": "Services has a bug",
        "System.AssignedTo": "craig109@outlook.com",
        "Microsoft.VSTS.Scheduling.RemainingWork": 0.0,
        "Microsoft.VSTS.Common.Priority": 2.0,
        "System.BoardLane": null,
        "System.Tags": null,
        "Microsoft.VSTS.TCM.Steps": null,
        "Microsoft.VSTS.TCM.Parameters": null,
        "Microsoft.VSTS.TCM.LocalDataSource": null,
        "Microsoft.VSTS.TCM.AutomationStatus": null,
        "System.History": null
      },
      "relations": [
        {
          "rel": "System.LinkTypes.Hierarchy-Reverse",
          "url": "https://dev.azure.com/MeganB0296/_apis/wit/workItems/20",
          "attributes": {
            "isLocked": "false",
            "comment": "Making a new link for the dependency",
            "name": "Parent"
          }
        }
      ],
      "url": "https://dev.azure.com/MeganB0296/_apis/wit/workItems/129"
    },
    {
      "id": 128,
      "rev": 1,
      "fields": {
        "System.AreaPath": "Tailwind Traders Project",
        "System.TeamProject": "Tailwind Traders Project",
        "System.IterationPath": "Tailwind Traders Project",
        "System.WorkItemType": "Bug",
        "System.State": "New",
        "System.Reason": "New defect reported",
        "System.CreatedDate": "2019-05-21T01:23:23.497Z",
        "System.CreatedBy": "Megan Bowen <MeganB@azureapps.OnMicrosoft.com>",
        "System.ChangedDate": "2019-05-21T01:23:23.497Z",
        "System.ChangedBy": "Megan Bowen <MeganB@azureapps.OnMicrosoft.com>",
        "System.Title": "Unable to connect through 3G network",
        "Microsoft.VSTS.Scheduling.Effort": 0.0,
        "System.Description": "Unable to connect through 3G network",
        "System.AssignedTo": "lsteel109@outlook.com",
        "Microsoft.VSTS.Scheduling.RemainingWork": 0.0,
        "Microsoft.VSTS.Common.Priority": 2.0,
        "System.BoardLane": null,
        "System.Tags": null,
        "Microsoft.VSTS.TCM.Steps": null,
        "Microsoft.VSTS.TCM.Parameters": null,
        "Microsoft.VSTS.TCM.LocalDataSource": null,
        "Microsoft.VSTS.TCM.AutomationStatus": null,
        "System.History": null
      },
      "relations": [
        {
          "rel": "System.LinkTypes.Hierarchy-Reverse",
          "url": "https://dev.azure.com/MeganB0296/_apis/wit/workItems/16",
          "attributes": {
            "isLocked": "false",
            "comment": "Making a new link for the dependency",
            "name": "Parent"
          }
        }
      ],
      "url": "https://dev.azure.com/MeganB0296/_apis/wit/workItems/128"
    },
    {
      "id": 127,
      "rev": 1,
      "fields": {
        "System.AreaPath": "Tailwind Traders Project",
        "System.TeamProject": "Tailwind Traders Project",
        "System.IterationPath": "Tailwind Traders Project\\Sprint 5",
        "System.WorkItemType": "Bug",
        "System.State": "New",
        "System.Reason": "New defect reported",
        "System.CreatedDate": "2019-05-21T01:23:23.327Z",
        "System.CreatedBy": "Megan Bowen <MeganB@azureapps.OnMicrosoft.com>",
        "System.ChangedDate": "2019-05-21T01:23:23.327Z",
        "System.ChangedBy": "Megan Bowen <MeganB@azureapps.OnMicrosoft.com>",
        "System.Title": "Lengthy usernames not accepted",
        "Microsoft.VSTS.Scheduling.Effort": 5.0,
        "System.Description": "Demo is long!",
        "System.AssignedTo": "craig109@outlook.com",
        "Microsoft.VSTS.Scheduling.RemainingWork": 0.0,
        "Microsoft.VSTS.Common.Priority": 2.0,
        "System.BoardLane": null,
        "System.Tags": "Bug; Guests",
        "Microsoft.VSTS.TCM.Steps": null,
        "Microsoft.VSTS.TCM.Parameters": null,
        "Microsoft.VSTS.TCM.LocalDataSource": null,
        "Microsoft.VSTS.TCM.AutomationStatus": null,
        "System.History": null
      },
      "relations": [
        {
          "rel": "System.LinkTypes.Hierarchy-Reverse",
          "url": "https://dev.azure.com/MeganB0296/_apis/wit/workItems/1",
          "attributes": {
            "isLocked": "false",
            "comment": "Making a new link for the dependency",
            "name": "Parent"
          }
        }
      ],
      "url": "https://dev.azure.com/MeganB0296/_apis/wit/workItems/127"
    }
  ],
  "HttpStatusCode": 0,
  "Message": null
}