{
  "count": 2,
  "value": [
    {
      "id": 134,
      "rev": 2,
      "fields": {
        "System.AreaPath": "Tailwind Traders Project",
        "System.TeamProject": "Tailwind Traders Project",
        "System.IterationPath": "Tailwind Traders Project",
        "System.WorkItemType": "Epic",
        "System.State": "New",
        "System.Reason": "New epic",
        "System.CreatedDate": "2019-05-21T01:23:24.283Z",
        "System.CreatedBy": "Megan Bowen <MeganB@azureapps.OnMicrosoft.com>",
        "System.ChangedDate": "2019-06-18T19:10:23.83Z",
        "System.ChangedBy": "Megan Bowen <MeganB@azureapps.OnMicrosoft.com>",
        "System.Title": "Web Experience",
        "Microsoft.VSTS.Scheduling.Effort": 0.0,
        "System.Description": "Web Experience",
        "System.AssignedTo": "ckelly109@outlook.com",
        "Microsoft.VSTS.Scheduling.RemainingWork": 0.0,
        "Microsoft.VSTS.Common.Priority": 2.0,
        "System.BoardLane": null,
        "System.Tags": null,
        "Microsoft.VSTS.TCM.Steps": null,
        "Microsoft.VSTS.TCM.Parameters": null,
        "Microsoft.VSTS.TCM.LocalDataSource": null,
        "Microsoft.VSTS.TCM.AutomationStatus": null,
        "System.History": null
      },
      "relations": [
        {
          "rel": "System.LinkTypes.Hierarchy-Forward",
          "url": "https://dev.azure.com/MeganB0296/_apis/wit/workItems/4",
          "attributes": {
            "isLocked": "false",
            "comment": "Making a new link for the dependency",
            "name": "Child"
          }
        },
        {
          "rel": "System.LinkTypes.Hierarchy-Forward",
          "url": "https://dev.azure.com/MeganB0296/_apis/wit/workItems/2",
          "attributes": {
            "isLocked": "false",
            "comment": "Making a new link for the dependency",
            "name": "Child"
          }
        },
        {
          "rel": "System.LinkTypes.Hierarchy-Forward",
          "url": "https://dev.azure.com/MeganB0296/_apis/wit/workItems/3",
          "attributes": {
            "isLocked": "false",
            "comment": "Making a new link for the dependency",
            "name": "Child"
          }
        }
      ],
      "url": "https://dev.azure.com/MeganB0296/_apis/wit/workItems/134"
    },
    {
      "id": 133,
      "rev": 2,
      "fields": {
        "System.AreaPath": "Tailwind Traders Project",
        "System.TeamProject": "Tailwind Traders Project",
        "System.IterationPath": "Tailwind Traders Project",
        "System.WorkItemType": "Epic",
        "System.State": "New",
        "System.Reason": "New epic",
        "System.CreatedDate": "2019-05-21T01:23:24.17Z",
        "System.CreatedBy": "Megan Bowen <MeganB@azureapps.OnMicrosoft.com>",
        "System.ChangedDate": "2019-06-18T19:10:23.83Z",
        "System.ChangedBy": "Megan Bowen <MeganB@azureapps.OnMicrosoft.com>",
        "System.Title": "Smartphone Experience",
        "Microsoft.VSTS.Scheduling.Effort": 0.0,
        "System.Description": "Smartphone Experience",
        "System.AssignedTo": "nmunger109@outlook.com",
        "Microsoft.VSTS.Scheduling.RemainingWork": 0.0,
        "Microsoft.VSTS.Common.Priority": 2.0,
        "System.BoardLane": null,
        "System.Tags": null,
        "Microsoft.VSTS.TCM.Steps": null,
        "Microsoft.VSTS.TCM.Parameters": null,
        "Microsoft.VSTS.TCM.LocalDataSource": null,
        "Microsoft.VSTS.TCM.AutomationStatus": null,
        "System.History": null
      },
      "relations": [
        {
          "rel": "System.LinkTypes.Hierarchy-Forward",
          "url": "https://dev.azure.com/MeganB0296/_apis/wit/workItems/1",
          "attributes": {
            "isLocked": "false",
            "comment": "Making a new link for the dependency",
            "name": "Child"
          }
        },
        {
          "rel": "System.LinkTypes.Hierarchy-Forward",
          "url": "https://dev.azure.com/MeganB0296/_apis/wit/workItems/5",
          "attributes": {
            "isLocked": "false",
            "comment": "Making a new link for the dependency",
            "name": "Child"
          }
        }
      ],
      "url": "https://dev.azure.com/MeganB0296/_apis/wit/workItems/133"
    }
  ],
  "HttpStatusCode": 0,
  "Message": null
}