{
  "count": 5,
  "value": [
    {
      "id": 5,
      "rev": 2,
      "fields": {
        "System.AreaPath": "Tailwind Traders Project",
        "System.TeamProject": "Tailwind Traders Project",
        "System.IterationPath": "Tailwind Traders Project",
        "System.WorkItemType": "Feature",
        "System.State": "New",
        "System.Reason": "New feature",
        "System.CreatedDate": "2019-05-21T01:23:05.133Z",
        "System.CreatedBy": "Megan Bowen <MeganB@azureapps.OnMicrosoft.com>",
        "System.ChangedDate": "2019-06-18T19:10:28.673Z",
        "System.ChangedBy": "Megan Bowen <MeganB@azureapps.OnMicrosoft.com>",
        "System.Title": "Go green with smart sensors",
        "Microsoft.VSTS.Scheduling.Effort": 0.0,
        "System.Description": "Go green with smart sensors",
        "System.AssignedTo": "craig109@outlook.com",
        "Microsoft.VSTS.Scheduling.RemainingWork": 0.0,
        "Microsoft.VSTS.Common.Priority": 2.0,
        "System.BoardLane": null,
        "System.Tags": null,
        "Microsoft.VSTS.TCM.Steps": null,
        "Microsoft.VSTS.TCM.Parameters": null,
        "Microsoft.VSTS.TCM.LocalDataSource": null,
        "Microsoft.VSTS.TCM.AutomationStatus": null,
        "System.History": null
      },
      "relations": [
        {
          "rel": "System.LinkTypes.Hierarchy-Reverse",
          "url": "https://dev.azure.com/MeganB0296/_apis/wit/workItems/133",
          "attributes": {
            "isLocked": "false",
            "comment": "Making a new link for the dependency",
            "name": "Parent"
          }
        },
        {
          "rel": "System.LinkTypes.Hierarchy-Forward",
          "url": "https://dev.azure.com/MeganB0296/_apis/wit/workItems/28",
          "attributes": {
            "isLocked": "false",
            "comment": "Making a new link for the dependency",
            "name": "Child"
          }
        },
        {
          "rel": "System.LinkTypes.Hierarchy-Forward",
          "url": "https://dev.azure.com/MeganB0296/_apis/wit/workItems/27",
          "attributes": {
            "isLocked": "false",
            "comment": "Making a new link for the dependency",
            "name": "Child"
          }
        },
        {
          "rel": "System.LinkTypes.Hierarchy-Forward",
          "url": "https://dev.azure.com/MeganB0296/_apis/wit/workItems/31",
          "attributes": {
            "isLocked": "false",
            "comment": "Making a new link for the dependency",
            "name": "Child"
          }
        },
        {
          "rel": "System.LinkTypes.Hierarchy-Forward",
          "url": "https://dev.azure.com/MeganB0296/_apis/wit/workItems/30",
          "attributes": {
            "isLocked": "false",
            "comment": "Making a new link for the dependency",
            "name": "Child"
          }
        },
        {
          "rel": "System.LinkTypes.Hierarchy-Forward",
          "url": "https://dev.azure.com/MeganB0296/_apis/wit/workItems/15",
          "attributes": {
            "isLocked": "false",
            "comment": "Making a new link for the dependency",
            "name": "Child"
          }
        },
        {
          "rel": "System.LinkTypes.Hierarchy-Forward",
          "url": "https://dev.azure.com/MeganB0296/_apis/wit/workItems/29",
          "attributes": {
            "isLocked": "false",
            "comment": "Making a new link for the dependency",
            "name": "Child"
          }
        }
      ],
      "url": "https://dev.azure.com/MeganB0296/_apis/wit/workItems/5"
    },
    {
      "id": 4,
      "rev": 2,
      "fields": {
        "System.AreaPath": "Tailwind Traders Project",
        "System.TeamProject": "Tailwind Traders Project",
        "System.IterationPath": "Tailwind Traders Project",
        "System.WorkItemType": "Feature",
        "System.State": "New",
        "System.Reason": "New feature",
        "System.CreatedDate": "2019-05-21T01:23:05Z",
        "System.CreatedBy": "Megan Bowen <MeganB@azureapps.OnMicrosoft.com>",
        "System.ChangedDate": "2019-06-18T19:10:28.673Z",
        "System.ChangedBy": "Megan Bowen <MeganB@azureapps.OnMicrosoft.com>",
        "System.Title": "User Registration",
        "Microsoft.VSTS.Scheduling.Effort": 0.0,
        "System.Description": "User Registration",
        "System.AssignedTo": "nmunger109@outlook.com",
        "Microsoft.VSTS.Scheduling.RemainingWork": 0.0,
        "Microsoft.VSTS.Common.Priority": 2.0,
        "System.BoardLane": null,
        "System.Tags": null,
        "Microsoft.VSTS.TCM.Steps": null,
        "Microsoft.VSTS.TCM.Parameters": null,
        "Microsoft.VSTS.TCM.LocalDataSource": null,
        "Microsoft.VSTS.TCM.AutomationStatus": null,
        "System.History": null
      },
      "relations": [
        {
          "rel": "System.LinkTypes.Hierarchy-Reverse",
          "url": "https://dev.azure.com/MeganB0296/_apis/wit/workItems/134",
          "attributes": {
            "isLocked": "false",
            "comment": "Making a new link for the dependency",
            "name": "Parent"
          }
        },
        {
          "rel": "System.LinkTypes.Hierarchy-Forward",
          "url": "https://dev.azure.com/MeganB0296/_apis/wit/workItems/26",
          "attributes": {
            "isLocked": "false",
            "comment": "Making a new link for the dependency",
            "name": "Child"
          }
        },
        {
          "rel": "System.LinkTypes.Hierarchy-Forward",
          "url": "https://dev.azure.com/MeganB0296/_apis/wit/workItems/13",
          "attributes": {
            "isLocked": "false",
            "comment": "Making a new link for the dependency",
            "name": "Child"
          }
        },
        {
          "rel": "System.LinkTypes.Hierarchy-Forward",
          "url": "https://dev.azure.com/MeganB0296/_apis/wit/workItems/7",
          "attributes": {
            "isLocked": "false",
            "comment": "Making a new link for the dependency",
            "name": "Child"
          }
        }
      ],
      "url": "https://dev.azure.com/MeganB0296/_apis/wit/workItems/4"
    },
    {
      "id": 3,
      "rev": 2,
      "fields": {
        "System.AreaPath": "Tailwind Traders Project",
        "System.TeamProject": "Tailwind Traders Project",
        "System.IterationPath": "Tailwind Traders Project",
        "System.WorkItemType": "Feature",
        "System.State": "New",
        "System.Reason": "New feature",
        "System.CreatedDate": "2019-05-21T01:23:04.86Z",
        "System.CreatedBy": "Megan Bowen <MeganB@azureapps.OnMicrosoft.com>",
        "System.ChangedDate": "2019-06-18T19:10:28.673Z",
        "System.ChangedBy": "Megan Bowen <MeganB@azureapps.OnMicrosoft.com>",
        "System.Title": "Reservations",
        "Microsoft.VSTS.Scheduling.Effort": 0.0,
        "System.Description": "Reservations",
        "System.AssignedTo": "lsteel109@outlook.com",
        "Microsoft.VSTS.Scheduling.RemainingWork": 0.0,
        "Microsoft.VSTS.Common.Priority": 2.0,
        "System.BoardLane": null,
        "System.Tags": null,
        "Microsoft.VSTS.TCM.Steps": null,
        "Microsoft.VSTS.TCM.Parameters": null,
        "Microsoft.VSTS.TCM.LocalDataSource": null,
        "Microsoft.VSTS.TCM.AutomationStatus": null,
        "System.History": null
      },
      "relations": [
        {
          "rel": "System.LinkTypes.Hierarchy-Forward",
          "url": "https://dev.azure.com/MeganB0296/_apis/wit/workItems/10",
          "attributes": {
            "isLocked": "false",
            "comment": "Making a new link for the dependency",
            "name": "Child"
          }
        },
        {
          "rel": "System.LinkTypes.Hierarchy-Reverse",
          "url": "https://dev.azure.com/MeganB0296/_apis/wit/workItems/134",
          "attributes": {
            "isLocked": "false",
            "comment": "Making a new link for the dependency",
            "name": "Parent"
          }
        },
        {
          "rel": "System.LinkTypes.Hierarchy-Forward",
          "url": "https://dev.azure.com/MeganB0296/_apis/wit/workItems/12",
          "attributes": {
            "isLocked": "false",
            "comment": "Making a new link for the dependency",
            "name": "Child"
          }
        },
        {
          "rel": "System.LinkTypes.Hierarchy-Forward",
          "url": "https://dev.azure.com/MeganB0296/_apis/wit/workItems/9",
          "attributes": {
            "isLocked": "false",
            "comment": "Making a new link for the dependency",
            "name": "Child"
          }
        }
      ],
      "url": "https://dev.azure.com/MeganB0296/_apis/wit/workItems/3"
    },
    {
      "id": 2,
      "rev": 2,
      "fields": {
        "System.AreaPath": "Tailwind Traders Project",
        "System.TeamProject": "Tailwind Traders Project",
        "System.IterationPath": "Tailwind Traders Project",
        "System.WorkItemType": "Feature",
        "System.State": "New",
        "System.Reason": "New feature",
        "System.CreatedDate": "2019-05-21T01:23:04.73Z",
        "System.CreatedBy": "Megan Bowen <MeganB@azureapps.OnMicrosoft.com>",
        "System.ChangedDate": "2019-06-18T19:10:28.673Z",
        "System.ChangedBy": "Megan Bowen <MeganB@azureapps.OnMicrosoft.com>",
        "System.Title": "Conference Rooms",
        "Microsoft.VSTS.Scheduling.Effort": 0.0,
        "System.Description": "Conference Rooms",
        "System.AssignedTo": "nmunger109@outlook.com",
        "Microsoft.VSTS.Scheduling.RemainingWork": 0.0,
        "Microsoft.VSTS.Common.Priority": 2.0,
        "System.BoardLane": null,
        "System.Tags": null,
        "Microsoft.VSTS.TCM.Steps": null,
        "Microsoft.VSTS.TCM.Parameters": null,
        "Microsoft.VSTS.TCM.LocalDataSource": null,
        "Microsoft.VSTS.TCM.AutomationStatus": null,
        "System.History": null
      },
      "relations": [
        {
          "rel": "System.LinkTypes.Hierarchy-Forward",
          "url": "https://dev.azure.com/MeganB0296/_apis/wit/workItems/6",
          "attributes": {
            "isLocked": "false",
            "comment": "Making a new link for the dependency",
            "name": "Child"
          }
        },
        {
          "rel": "System.LinkTypes.Hierarchy-Reverse",
          "url": "https://dev.azure.com/MeganB0296/_apis/wit/workItems/134",
          "attributes": {
            "isLocked": "false",
            "comment": "Making a new link for the dependency",
            "name": "Parent"
          }
        },
        {
          "rel": "System.LinkTypes.Hierarchy-Forward",
          "url": "https://dev.azure.com/MeganB0296/_apis/wit/workItems/14",
          "attributes": {
            "isLocked": "false",
            "comment": "Making a new link for the dependency",
            "name": "Child"
          }
        },
        {
          "rel": "System.LinkTypes.Hierarchy-Forward",
          "url": "https://dev.azure.com/MeganB0296/_apis/wit/workItems/8",
          "attributes": {
            "isLocked": "false",
            "comment": "Making a new link for the dependency",
            "name": "Child"
          }
        }
      ],
      "url": "https://dev.azure.com/MeganB0296/_apis/wit/workItems/2"
    },
    {
      "id": 1,
      "rev": 2,
      "fields": {
        "System.AreaPath": "Tailwind Traders Project",
        "System.TeamProject": "Tailwind Traders Project",
        "System.IterationPath": "Tailwind Traders Project",
        "System.WorkItemType": "Feature",
        "System.State": "New",
        "System.Reason": "New feature",
        "System.CreatedDate": "2019-05-21T01:23:04.537Z",
        "System.CreatedBy": "Megan Bowen <MeganB@azureapps.OnMicrosoft.com>",
        "System.ChangedDate": "2019-06-18T19:10:28.673Z",
        "System.ChangedBy": "Megan Bowen <MeganB@azureapps.OnMicrosoft.com>",
        "System.Title": "Check-in from your phone",
        "Microsoft.VSTS.Scheduling.Effort": 0.0,
        "System.Description": "Check-in from your phone",
        "System.AssignedTo": "nmunger109@outlook.com",
        "Microsoft.VSTS.Scheduling.RemainingWork": 0.0,
        "Microsoft.VSTS.Common.Priority": 2.0,
        "System.BoardLane": null,
        "System.Tags": null,
        "Microsoft.VSTS.TCM.Steps": null,
        "Microsoft.VSTS.TCM.Parameters": null,
        "Microsoft.VSTS.TCM.LocalDataSource": null,
        "Microsoft.VSTS.TCM.AutomationStatus": null,
        "System.History": null
      },
      "relations": [
        {
          "rel": "System.LinkTypes.Hierarchy-Forward",
          "url": "https://dev.azure.com/MeganB0296/_apis/wit/workItems/132",
          "attributes": {
            "isLocked": "false",
            "comment": "Making a new link for the dependency",
            "name": "Child"
          }
        },
        {
          "rel": "System.LinkTypes.Hierarchy-Reverse",
          "url": "https://dev.azure.com/MeganB0296/_apis/wit/workItems/133",
          "attributes": {
            "isLocked": "false",
            "comment": "Making a new link for the dependency",
            "name": "Parent"
          }
        },
        {
          "rel": "System.LinkTypes.Hierarchy-Forward",
          "url": "https://dev.azure.com/MeganB0296/_apis/wit/workItems/16",
          "attributes": {
            "isLocked": "false",
            "comment": "Making a new link for the dependency",
            "name": "Child"
          }
        },
        {
          "rel": "System.LinkTypes.Hierarchy-Forward",
          "url": "https://dev.azure.com/MeganB0296/_apis/wit/workItems/127",
          "attributes": {
            "isLocked": "false",
            "comment": "Making a new link for the dependency",
            "name": "Child"
          }
        },
        {
          "rel": "System.LinkTypes.Hierarchy-Forward",
          "url": "https://dev.azure.com/MeganB0296/_apis/wit/workItems/17",
          "attributes": {
            "isLocked": "false",
            "comment": "Making a new link for the dependency",
            "name": "Child"
          }
        },
        {
          "rel": "System.LinkTypes.Hierarchy-Forward",
          "url": "https://dev.azure.com/MeganB0296/_apis/wit/workItems/23",
          "attributes": {
            "isLocked": "false",
            "comment": "Making a new link for the dependency",
            "name": "Child"
          }
        },
        {
          "rel": "System.LinkTypes.Hierarchy-Forward",
          "url": "https://dev.azure.com/MeganB0296/_apis/wit/workItems/22",
          "attributes": {
            "isLocked": "false",
            "comment": "Making a new link for the dependency",
            "name": "Child"
          }
        },
        {
          "rel": "System.LinkTypes.Hierarchy-Forward",
          "url": "https://dev.azure.com/MeganB0296/_apis/wit/workItems/11",
          "attributes": {
            "isLocked": "false",
            "comment": "Making a new link for the dependency",
            "name": "Child"
          }
        },
        {
          "rel": "System.LinkTypes.Hierarchy-Forward",
          "url": "https://dev.azure.com/MeganB0296/_apis/wit/workItems/19",
          "attributes": {
            "isLocked": "false",
            "comment": "Making a new link for the dependency",
            "name": "Child"
          }
        }
      ],
      "url": "https://dev.azure.com/MeganB0296/_apis/wit/workItems/1"
    }
  ],
  "HttpStatusCode": 0,
  "Message": null
}