{
  "count": 26,
  "value": [
    {
      "id": 26,
      "rev": 3,
      "fields": {
        "System.AreaPath": "Tailwind Traders Project\\Mobile",
        "System.TeamProject": "Tailwind Traders Project",
        "System.IterationPath": "Tailwind Traders Project\\Sprint 2",
        "System.WorkItemType": "Product Backlog Item",
        "System.State": "Committed",
        "System.Reason": "Commitment made by the team",
        "System.CreatedDate": "2019-05-21T01:23:08.193Z",
        "System.CreatedBy": "Megan Bowen <MeganB@azureapps.OnMicrosoft.com>",
        "System.ChangedDate": "2019-06-18T19:10:46.717Z",
        "System.ChangedBy": "Megan Bowen <MeganB@azureapps.OnMicrosoft.com>",
        "System.Title": "As a front-desk admin, I should be able to print breakfast coupons",
        "Microsoft.VSTS.Scheduling.Effort": 5.0,
        "System.Description": "As a front-desk admin, I should be able to print breakfast coupons such that:<div><br></div><div>1. Complementary breakfast coupons should be provided for each checked-in guest</div><div>2. Guest names should be printed so that it is non transferable</div><div>3. Coupons should have unique barcode</div><div><br></div>",
        "System.AssignedTo": "ckelly109@outlook.com",
        "Microsoft.VSTS.Scheduling.RemainingWork": 0.0,
        "Microsoft.VSTS.Common.Priority": 1.0,
        "System.BoardLane": null,
        "System.Tags": "Admin; Coupons",
        "Microsoft.VSTS.TCM.Steps": null,
        "Microsoft.VSTS.TCM.Parameters": null,
        "Microsoft.VSTS.TCM.LocalDataSource": null,
        "Microsoft.VSTS.TCM.AutomationStatus": null,
        "System.History": null
      },
      "relations": [
        {
          "rel": "System.LinkTypes.Hierarchy-Forward",
          "url": "https://dev.azure.com/MeganB0296/_apis/wit/workItems/73",
          "attributes": {
            "isLocked": "false",
            "comment": "Making a new link for the dependency",
            "name": "Child"
          }
        },
        {
          "rel": "System.LinkTypes.Hierarchy-Forward",
          "url": "https://dev.azure.com/MeganB0296/_apis/wit/workItems/84",
          "attributes": {
            "isLocked": "false",
            "comment": "Making a new link for the dependency",
            "name": "Child"
          }
        },
        {
          "rel": "System.LinkTypes.Hierarchy-Reverse",
          "url": "https://dev.azure.com/MeganB0296/_apis/wit/workItems/4",
          "attributes": {
            "isLocked": "false",
            "comment": "Making a new link for the dependency",
            "name": "Parent"
          }
        },
        {
          "rel": "System.LinkTypes.Hierarchy-Forward",
          "url": "https://dev.azure.com/MeganB0296/_apis/wit/workItems/38",
          "attributes": {
            "isLocked": "false",
            "comment": "Making a new link for the dependency",
            "name": "Child"
          }
        },
        {
          "rel": "ArtifactLink",
          "url": "vstfs:///Git/PullRequestId/cf20ba8d-265d-4e08-8eae-244dca8002c7%2F26b80411-f31b-488e-a08f-577077cdc4d5%2F12",
          "attributes": {
            "authorizedDate": "2019-05-21T01:23:34.247Z",
            "id": "262252",
            "resourceCreatedDate": "2019-05-21T01:23:34.247Z",
            "resourceModifiedDate": "2019-05-21T01:23:34.247Z",
            "revisedDate": "9999-01-01T00:00:00Z",
            "name": "Pull Request"
          }
        }
      ],
      "url": "https://dev.azure.com/MeganB0296/_apis/wit/workItems/26"
    },
    {
      "id": 14,
      "rev": 2,
      "fields": {
        "System.AreaPath": "Tailwind Traders Project\\Mobile",
        "System.TeamProject": "Tailwind Traders Project",
        "System.IterationPath": "Tailwind Traders Project\\Sprint 4",
        "System.WorkItemType": "Product Backlog Item",
        "System.State": "New",
        "System.Reason": "Moved to the backlog",
        "System.CreatedDate": "2019-05-21T01:23:06.47Z",
        "System.CreatedBy": "Megan Bowen <MeganB@azureapps.OnMicrosoft.com>",
        "System.ChangedDate": "2019-06-18T19:10:46.717Z",
        "System.ChangedBy": "Megan Bowen <MeganB@azureapps.OnMicrosoft.com>",
        "System.Title": "As a customer, I should be able to change reservation time",
        "Microsoft.VSTS.Scheduling.Effort": 10.0,
        "System.Description": "Change reservation time",
        "System.AssignedTo": "Megan Bowen <MeganB@azureapps.OnMicrosoft.com>",
        "Microsoft.VSTS.Scheduling.RemainingWork": 0.0,
        "Microsoft.VSTS.Common.Priority": 2.0,
        "System.BoardLane": null,
        "System.Tags": "Guests; Reservation",
        "Microsoft.VSTS.TCM.Steps": null,
        "Microsoft.VSTS.TCM.Parameters": null,
        "Microsoft.VSTS.TCM.LocalDataSource": null,
        "Microsoft.VSTS.TCM.AutomationStatus": null,
        "System.History": null
      },
      "relations": [
        {
          "rel": "System.LinkTypes.Hierarchy-Forward",
          "url": "https://dev.azure.com/MeganB0296/_apis/wit/workItems/47",
          "attributes": {
            "isLocked": "false",
            "comment": "Making a new link for the dependency",
            "name": "Child"
          }
        },
        {
          "rel": "System.LinkTypes.Hierarchy-Reverse",
          "url": "https://dev.azure.com/MeganB0296/_apis/wit/workItems/2",
          "attributes": {
            "isLocked": "false",
            "comment": "Making a new link for the dependency",
            "name": "Parent"
          }
        },
        {
          "rel": "Microsoft.VSTS.Common.TestedBy-Forward",
          "url": "https://dev.azure.com/MeganB0296/_apis/wit/workItems/119",
          "attributes": {
            "isLocked": "false",
            "comment": "Making a new link for the dependency",
            "name": "Tested By"
          }
        },
        {
          "rel": "Microsoft.VSTS.Common.TestedBy-Forward",
          "url": "https://dev.azure.com/MeganB0296/_apis/wit/workItems/114",
          "attributes": {
            "isLocked": "false",
            "comment": "Making a new link for the dependency",
            "name": "Tested By"
          }
        }
      ],
      "url": "https://dev.azure.com/MeganB0296/_apis/wit/workItems/14"
    },
    {
      "id": 12,
      "rev": 2,
      "fields": {
        "System.AreaPath": "Tailwind Traders Project\\Mobile",
        "System.TeamProject": "Tailwind Traders Project",
        "System.IterationPath": "Tailwind Traders Project\\Sprint 4",
        "System.WorkItemType": "Product Backlog Item",
        "System.State": "New",
        "System.Reason": "Moved to the backlog",
        "System.CreatedDate": "2019-05-21T01:23:06.203Z",
        "System.CreatedBy": "Megan Bowen <MeganB@azureapps.OnMicrosoft.com>",
        "System.ChangedDate": "2019-06-18T19:10:46.717Z",
        "System.ChangedBy": "Megan Bowen <MeganB@azureapps.OnMicrosoft.com>",
        "System.Title": "As a customer, I should be able to a reserve car",
        "Microsoft.VSTS.Scheduling.Effort": 15.0,
        "System.Description": "As a customer, I should be able to a reserve car such that:<div><br></div><div>1. Car can be reserved and paid through the hotel</div>",
        "System.AssignedTo": "nmunger109@outlook.com",
        "Microsoft.VSTS.Scheduling.RemainingWork": 0.0,
        "Microsoft.VSTS.Common.Priority": 2.0,
        "System.BoardLane": null,
        "System.Tags": "Reservation",
        "Microsoft.VSTS.TCM.Steps": null,
        "Microsoft.VSTS.TCM.Parameters": null,
        "Microsoft.VSTS.TCM.LocalDataSource": null,
        "Microsoft.VSTS.TCM.AutomationStatus": null,
        "System.History": null
      },
      "relations": [
        {
          "rel": "System.LinkTypes.Hierarchy-Reverse",
          "url": "https://dev.azure.com/MeganB0296/_apis/wit/workItems/3",
          "attributes": {
            "isLocked": "false",
            "comment": "Making a new link for the dependency",
            "name": "Parent"
          }
        },
        {
          "rel": "System.LinkTypes.Hierarchy-Forward",
          "url": "https://dev.azure.com/MeganB0296/_apis/wit/workItems/36",
          "attributes": {
            "isLocked": "false",
            "comment": "Making a new link for the dependency",
            "name": "Child"
          }
        }
      ],
      "url": "https://dev.azure.com/MeganB0296/_apis/wit/workItems/12"
    },
    {
      "id": 6,
      "rev": 2,
      "fields": {
        "System.AreaPath": "Tailwind Traders Project\\Mobile",
        "System.TeamProject": "Tailwind Traders Project",
        "System.IterationPath": "Tailwind Traders Project\\Sprint 3",
        "System.WorkItemType": "Product Backlog Item",
        "System.State": "New",
        "System.Reason": "Moved to the backlog",
        "System.CreatedDate": "2019-05-21T01:23:05.287Z",
        "System.CreatedBy": "Megan Bowen <MeganB@azureapps.OnMicrosoft.com>",
        "System.ChangedDate": "2019-06-18T19:10:46.717Z",
        "System.ChangedBy": "Megan Bowen <MeganB@azureapps.OnMicrosoft.com>",
        "System.Title": "As a customer, I should be able to update conference room reservation",
        "Microsoft.VSTS.Scheduling.Effort": 8.0,
        "System.Description": "As a customer, I should be able to update conference room reservation such that:<div><br></div><div>1. When a conference room is already reserved, an update option should be available<br><div><br></div><div><br></div></div>",
        "System.AssignedTo": "nmunger109@outlook.com",
        "Microsoft.VSTS.Scheduling.RemainingWork": 0.0,
        "Microsoft.VSTS.Common.Priority": 2.0,
        "System.BoardLane": null,
        "System.Tags": "Admin; Business Meetings; Reservation",
        "Microsoft.VSTS.TCM.Steps": null,
        "Microsoft.VSTS.TCM.Parameters": null,
        "Microsoft.VSTS.TCM.LocalDataSource": null,
        "Microsoft.VSTS.TCM.AutomationStatus": null,
        "System.History": null
      },
      "relations": [
        {
          "rel": "System.LinkTypes.Hierarchy-Forward",
          "url": "https://dev.azure.com/MeganB0296/_apis/wit/workItems/49",
          "attributes": {
            "isLocked": "false",
            "comment": "Making a new link for the dependency",
            "name": "Child"
          }
        },
        {
          "rel": "System.LinkTypes.Hierarchy-Forward",
          "url": "https://dev.azure.com/MeganB0296/_apis/wit/workItems/48",
          "attributes": {
            "isLocked": "false",
            "comment": "Making a new link for the dependency",
            "name": "Child"
          }
        },
        {
          "rel": "System.LinkTypes.Hierarchy-Reverse",
          "url": "https://dev.azure.com/MeganB0296/_apis/wit/workItems/2",
          "attributes": {
            "isLocked": "false",
            "comment": "Making a new link for the dependency",
            "name": "Parent"
          }
        }
      ],
      "url": "https://dev.azure.com/MeganB0296/_apis/wit/workItems/6"
    },
    {
      "id": 13,
      "rev": 2,
      "fields": {
        "System.AreaPath": "Tailwind Traders Project\\Web",
        "System.TeamProject": "Tailwind Traders Project",
        "System.IterationPath": "Tailwind Traders Project\\Sprint 3",
        "System.WorkItemType": "Product Backlog Item",
        "System.State": "New",
        "System.Reason": "Moved to the backlog",
        "System.CreatedDate": "2019-05-21T01:23:06.34Z",
        "System.CreatedBy": "Megan Bowen <MeganB@azureapps.OnMicrosoft.com>",
        "System.ChangedDate": "2019-06-18T19:10:19.01Z",
        "System.ChangedBy": "Megan Bowen <MeganB@azureapps.OnMicrosoft.com>",
        "System.Title": "As a hotel manager, I should be able to view current guest list",
        "Microsoft.VSTS.Scheduling.Effort": 10.0,
        "System.Description": "Show current guests list such that it includes:<div><br></div><div>1. Guest first and last name</div><div>2. Check-in and check-out date</div><div><br></div>",
        "System.AssignedTo": "craig109@outlook.com",
        "Microsoft.VSTS.Scheduling.RemainingWork": 0.0,
        "Microsoft.VSTS.Common.Priority": 2.0,
        "System.BoardLane": null,
        "System.Tags": "Admin; Privacy",
        "Microsoft.VSTS.TCM.Steps": null,
        "Microsoft.VSTS.TCM.Parameters": null,
        "Microsoft.VSTS.TCM.LocalDataSource": null,
        "Microsoft.VSTS.TCM.AutomationStatus": null,
        "System.History": null
      },
      "relations": [
        {
          "rel": "System.LinkTypes.Hierarchy-Forward",
          "url": "https://dev.azure.com/MeganB0296/_apis/wit/workItems/71",
          "attributes": {
            "isLocked": "false",
            "comment": "Making a new link for the dependency",
            "name": "Child"
          }
        },
        {
          "rel": "System.LinkTypes.Hierarchy-Forward",
          "url": "https://dev.azure.com/MeganB0296/_apis/wit/workItems/69",
          "attributes": {
            "isLocked": "false",
            "comment": "Making a new link for the dependency",
            "name": "Child"
          }
        },
        {
          "rel": "System.LinkTypes.Hierarchy-Forward",
          "url": "https://dev.azure.com/MeganB0296/_apis/wit/workItems/68",
          "attributes": {
            "isLocked": "false",
            "comment": "Making a new link for the dependency",
            "name": "Child"
          }
        },
        {
          "rel": "System.LinkTypes.Hierarchy-Reverse",
          "url": "https://dev.azure.com/MeganB0296/_apis/wit/workItems/4",
          "attributes": {
            "isLocked": "false",
            "comment": "Making a new link for the dependency",
            "name": "Parent"
          }
        }
      ],
      "url": "https://dev.azure.com/MeganB0296/_apis/wit/workItems/13"
    },
    {
      "id": 31,
      "rev": 1,
      "fields": {
        "System.AreaPath": "Tailwind Traders Project",
        "System.TeamProject": "Tailwind Traders Project",
        "System.IterationPath": "Tailwind Traders Project\\Sprint 2",
        "System.WorkItemType": "Product Backlog Item",
        "System.State": "Approved",
        "System.Reason": "Approved by the Product Owner",
        "System.CreatedDate": "2019-05-21T01:23:08.877Z",
        "System.CreatedBy": "Megan Bowen <MeganB@azureapps.OnMicrosoft.com>",
        "System.ChangedDate": "2019-05-21T01:23:08.877Z",
        "System.ChangedBy": "Megan Bowen <MeganB@azureapps.OnMicrosoft.com>",
        "System.Title": "As a customer, I should be able to have a keyless entry to my room via smartphone",
        "Microsoft.VSTS.Scheduling.Effort": 10.0,
        "System.Description": "The hotel should configure the room key to the guest's mobile phone. With a single download, guests should be able to check-in and gain access to their hotel room and hotel amenities.",
        "System.AssignedTo": "Megan Bowen <MeganB@azureapps.OnMicrosoft.com>",
        "Microsoft.VSTS.Scheduling.RemainingWork": 0.0,
        "Microsoft.VSTS.Common.Priority": 2.0,
        "System.BoardLane": null,
        "System.Tags": "Guests; keyless; smartphone",
        "Microsoft.VSTS.TCM.Steps": null,
        "Microsoft.VSTS.TCM.Parameters": null,
        "Microsoft.VSTS.TCM.LocalDataSource": null,
        "Microsoft.VSTS.TCM.AutomationStatus": null,
        "System.History": null
      },
      "relations": [
        {
          "rel": "System.LinkTypes.Hierarchy-Forward",
          "url": "https://dev.azure.com/MeganB0296/_apis/wit/workItems/62",
          "attributes": {
            "isLocked": "false",
            "comment": "Making a new link for the dependency",
            "name": "Child"
          }
        },
        {
          "rel": "System.LinkTypes.Hierarchy-Forward",
          "url": "https://dev.azure.com/MeganB0296/_apis/wit/workItems/101",
          "attributes": {
            "isLocked": "false",
            "comment": "Making a new link for the dependency",
            "name": "Child"
          }
        },
        {
          "rel": "System.LinkTypes.Hierarchy-Forward",
          "url": "https://dev.azure.com/MeganB0296/_apis/wit/workItems/81",
          "attributes": {
            "isLocked": "false",
            "comment": "Making a new link for the dependency",
            "name": "Child"
          }
        },
        {
          "rel": "System.LinkTypes.Hierarchy-Forward",
          "url": "https://dev.azure.com/MeganB0296/_apis/wit/workItems/63",
          "attributes": {
            "isLocked": "false",
            "comment": "Making a new link for the dependency",
            "name": "Child"
          }
        },
        {
          "rel": "System.LinkTypes.Hierarchy-Reverse",
          "url": "https://dev.azure.com/MeganB0296/_apis/wit/workItems/5",
          "attributes": {
            "isLocked": "false",
            "comment": "Making a new link for the dependency",
            "name": "Parent"
          }
        }
      ],
      "url": "https://dev.azure.com/MeganB0296/_apis/wit/workItems/31"
    },
    {
      "id": 30,
      "rev": 1,
      "fields": {
        "System.AreaPath": "Tailwind Traders Project",
        "System.TeamProject": "Tailwind Traders Project",
        "System.IterationPath": "Tailwind Traders Project\\Sprint 2",
        "System.WorkItemType": "Product Backlog Item",
        "System.State": "Approved",
        "System.Reason": "Approved by the Product Owner",
        "System.CreatedDate": "2019-05-21T01:23:08.733Z",
        "System.CreatedBy": "Megan Bowen <MeganB@azureapps.OnMicrosoft.com>",
        "System.ChangedDate": "2019-05-21T01:23:08.733Z",
        "System.ChangedBy": "Megan Bowen <MeganB@azureapps.OnMicrosoft.com>",
        "System.Title": "As a room guest, I should be able to control my room's lighting within the app",
        "Microsoft.VSTS.Scheduling.Effort": 15.0,
        "System.Description": "The guest should be able to control the room lighting and welcome light. When the room is empty, the lights should be out.&nbsp; When the guest enters the room, a welcome light should be on automatically. Sensor can be motion-based, daylight-sensing or a combination and placed in aisles, bathrooms, elevators, seating areas, conference rooms and more.&nbsp;",
        "System.AssignedTo": "craig109@outlook.com",
        "Microsoft.VSTS.Scheduling.RemainingWork": 0.0,
        "Microsoft.VSTS.Common.Priority": 2.0,
        "System.BoardLane": null,
        "System.Tags": "App; Guests; Lights; Rooms [List]",
        "Microsoft.VSTS.TCM.Steps": null,
        "Microsoft.VSTS.TCM.Parameters": null,
        "Microsoft.VSTS.TCM.LocalDataSource": null,
        "Microsoft.VSTS.TCM.AutomationStatus": null,
        "System.History": null
      },
      "relations": [
        {
          "rel": "System.LinkTypes.Hierarchy-Forward",
          "url": "https://dev.azure.com/MeganB0296/_apis/wit/workItems/131",
          "attributes": {
            "isLocked": "false",
            "comment": "Making a new link for the dependency",
            "name": "Child"
          }
        },
        {
          "rel": "System.LinkTypes.Hierarchy-Forward",
          "url": "https://dev.azure.com/MeganB0296/_apis/wit/workItems/66",
          "attributes": {
            "isLocked": "false",
            "comment": "Making a new link for the dependency",
            "name": "Child"
          }
        },
        {
          "rel": "System.LinkTypes.Hierarchy-Forward",
          "url": "https://dev.azure.com/MeganB0296/_apis/wit/workItems/99",
          "attributes": {
            "isLocked": "false",
            "comment": "Making a new link for the dependency",
            "name": "Child"
          }
        },
        {
          "rel": "System.LinkTypes.Hierarchy-Forward",
          "url": "https://dev.azure.com/MeganB0296/_apis/wit/workItems/80",
          "attributes": {
            "isLocked": "false",
            "comment": "Making a new link for the dependency",
            "name": "Child"
          }
        },
        {
          "rel": "System.LinkTypes.Hierarchy-Reverse",
          "url": "https://dev.azure.com/MeganB0296/_apis/wit/workItems/5",
          "attributes": {
            "isLocked": "false",
            "comment": "Making a new link for the dependency",
            "name": "Parent"
          }
        },
        {
          "rel": "System.LinkTypes.Hierarchy-Forward",
          "url": "https://dev.azure.com/MeganB0296/_apis/wit/workItems/56",
          "attributes": {
            "isLocked": "false",
            "comment": "Making a new link for the dependency",
            "name": "Child"
          }
        }
      ],
      "url": "https://dev.azure.com/MeganB0296/_apis/wit/workItems/30"
    },
    {
      "id": 29,
      "rev": 1,
      "fields": {
        "System.AreaPath": "Tailwind Traders Project",
        "System.TeamProject": "Tailwind Traders Project",
        "System.IterationPath": "Tailwind Traders Project\\Sprint 2",
        "System.WorkItemType": "Product Backlog Item",
        "System.State": "Approved",
        "System.Reason": "Approved by the Product Owner",
        "System.CreatedDate": "2019-05-21T01:23:08.59Z",
        "System.CreatedBy": "Megan Bowen <MeganB@azureapps.OnMicrosoft.com>",
        "System.ChangedDate": "2019-05-21T01:23:08.59Z",
        "System.ChangedBy": "Megan Bowen <MeganB@azureapps.OnMicrosoft.com>",
        "System.Title": "As a room guest, I should be able to enter the room with facial recognition",
        "Microsoft.VSTS.Scheduling.Effort": 30.0,
        "System.Description": "The guests should be able to check into their room with a quick scan of their face. To use the new feature, hotel guests must first scan their IDs, get their face scanned, and then add their contact details. Once the guest's booking information and identity have been confirmed, a room key will be presented.",
        "System.AssignedTo": "Megan Bowen <MeganB@azureapps.OnMicrosoft.com>",
        "Microsoft.VSTS.Scheduling.RemainingWork": 0.0,
        "Microsoft.VSTS.Common.Priority": 2.0,
        "System.BoardLane": null,
        "System.Tags": "Authorization; Facial Recognition; Guests",
        "Microsoft.VSTS.TCM.Steps": null,
        "Microsoft.VSTS.TCM.Parameters": null,
        "Microsoft.VSTS.TCM.LocalDataSource": null,
        "Microsoft.VSTS.TCM.AutomationStatus": null,
        "System.History": null
      },
      "relations": [
        {
          "rel": "System.LinkTypes.Hierarchy-Forward",
          "url": "https://dev.azure.com/MeganB0296/_apis/wit/workItems/77",
          "attributes": {
            "isLocked": "false",
            "comment": "Making a new link for the dependency",
            "name": "Child"
          }
        },
        {
          "rel": "System.LinkTypes.Hierarchy-Forward",
          "url": "https://dev.azure.com/MeganB0296/_apis/wit/workItems/130",
          "attributes": {
            "isLocked": "false",
            "comment": "Making a new link for the dependency",
            "name": "Child"
          }
        },
        {
          "rel": "System.LinkTypes.Hierarchy-Forward",
          "url": "https://dev.azure.com/MeganB0296/_apis/wit/workItems/61",
          "attributes": {
            "isLocked": "false",
            "comment": "Making a new link for the dependency",
            "name": "Child"
          }
        },
        {
          "rel": "System.LinkTypes.Hierarchy-Forward",
          "url": "https://dev.azure.com/MeganB0296/_apis/wit/workItems/55",
          "attributes": {
            "isLocked": "false",
            "comment": "Making a new link for the dependency",
            "name": "Child"
          }
        },
        {
          "rel": "System.LinkTypes.Hierarchy-Forward",
          "url": "https://dev.azure.com/MeganB0296/_apis/wit/workItems/78",
          "attributes": {
            "isLocked": "false",
            "comment": "Making a new link for the dependency",
            "name": "Child"
          }
        },
        {
          "rel": "System.LinkTypes.Hierarchy-Reverse",
          "url": "https://dev.azure.com/MeganB0296/_apis/wit/workItems/5",
          "attributes": {
            "isLocked": "false",
            "comment": "Making a new link for the dependency",
            "name": "Parent"
          }
        },
        {
          "rel": "System.LinkTypes.Hierarchy-Forward",
          "url": "https://dev.azure.com/MeganB0296/_apis/wit/workItems/79",
          "attributes": {
            "isLocked": "false",
            "comment": "Making a new link for the dependency",
            "name": "Child"
          }
        },
        {
          "rel": "System.LinkTypes.Hierarchy-Forward",
          "url": "https://dev.azure.com/MeganB0296/_apis/wit/workItems/54",
          "attributes": {
            "isLocked": "false",
            "comment": "Making a new link for the dependency",
            "name": "Child"
          }
        }
      ],
      "url": "https://dev.azure.com/MeganB0296/_apis/wit/workItems/29"
    },
    {
      "id": 28,
      "rev": 1,
      "fields": {
        "System.AreaPath": "Tailwind Traders Project",
        "System.TeamProject": "Tailwind Traders Project",
        "System.IterationPath": "Tailwind Traders Project\\Sprint 2",
        "System.WorkItemType": "Product Backlog Item",
        "System.State": "Approved",
        "System.Reason": "Approved by the Product Owner",
        "System.CreatedDate": "2019-05-21T01:23:08.46Z",
        "System.CreatedBy": "Megan Bowen <MeganB@azureapps.OnMicrosoft.com>",
        "System.ChangedDate": "2019-05-21T01:23:08.46Z",
        "System.ChangedBy": "Megan Bowen <MeganB@azureapps.OnMicrosoft.com>",
        "System.Title": "As a customer, I should be able to use Bluetooth-enabled IoT Beacon sensors for registration",
        "Microsoft.VSTS.Scheduling.Effort": 12.0,
        "System.Description": "As a user, I should be able to able to use Bluetooth-enabled IoT Beacon sensors for registration such that:<div><br></div><div>1. As soon as a guest enters the hotel lobby, he should be registered automatically</div>",
        "System.AssignedTo": "nmunger109@outlook.com",
        "Microsoft.VSTS.Scheduling.RemainingWork": 0.0,
        "Microsoft.VSTS.Common.Priority": 2.0,
        "System.BoardLane": null,
        "System.Tags": "Registration",
        "Microsoft.VSTS.TCM.Steps": null,
        "Microsoft.VSTS.TCM.Parameters": null,
        "Microsoft.VSTS.TCM.LocalDataSource": null,
        "Microsoft.VSTS.TCM.AutomationStatus": null,
        "System.History": null
      },
      "relations": [
        {
          "rel": "System.LinkTypes.Hierarchy-Forward",
          "url": "https://dev.azure.com/MeganB0296/_apis/wit/workItems/67",
          "attributes": {
            "isLocked": "false",
            "comment": "Making a new link for the dependency",
            "name": "Child"
          }
        },
        {
          "rel": "System.LinkTypes.Hierarchy-Forward",
          "url": "https://dev.azure.com/MeganB0296/_apis/wit/workItems/39",
          "attributes": {
            "isLocked": "false",
            "comment": "Making a new link for the dependency",
            "name": "Child"
          }
        },
        {
          "rel": "System.LinkTypes.Hierarchy-Forward",
          "url": "https://dev.azure.com/MeganB0296/_apis/wit/workItems/76",
          "attributes": {
            "isLocked": "false",
            "comment": "Making a new link for the dependency",
            "name": "Child"
          }
        },
        {
          "rel": "System.LinkTypes.Hierarchy-Forward",
          "url": "https://dev.azure.com/MeganB0296/_apis/wit/workItems/102",
          "attributes": {
            "isLocked": "false",
            "comment": "Making a new link for the dependency",
            "name": "Child"
          }
        },
        {
          "rel": "System.LinkTypes.Hierarchy-Reverse",
          "url": "https://dev.azure.com/MeganB0296/_apis/wit/workItems/5",
          "attributes": {
            "isLocked": "false",
            "comment": "Making a new link for the dependency",
            "name": "Parent"
          }
        },
        {
          "rel": "System.LinkTypes.Hierarchy-Forward",
          "url": "https://dev.azure.com/MeganB0296/_apis/wit/workItems/75",
          "attributes": {
            "isLocked": "false",
            "comment": "Making a new link for the dependency",
            "name": "Child"
          }
        }
      ],
      "url": "https://dev.azure.com/MeganB0296/_apis/wit/workItems/28"
    },
    {
      "id": 27,
      "rev": 1,
      "fields": {
        "System.AreaPath": "Tailwind Traders Project",
        "System.TeamProject": "Tailwind Traders Project",
        "System.IterationPath": "Tailwind Traders Project\\Sprint 2",
        "System.WorkItemType": "Product Backlog Item",
        "System.State": "Committed",
        "System.Reason": "Commitment made by the team",
        "System.CreatedDate": "2019-05-21T01:23:08.323Z",
        "System.CreatedBy": "Megan Bowen <MeganB@azureapps.OnMicrosoft.com>",
        "System.ChangedDate": "2019-05-21T01:23:08.323Z",
        "System.ChangedBy": "Megan Bowen <MeganB@azureapps.OnMicrosoft.com>",
        "System.Title": "As a hotel manager, I should be able to see guest list for a date",
        "Microsoft.VSTS.Scheduling.Effort": 20.0,
        "System.Description": "As a hotel manager, I should be able to see guest list for a particular date:<div><br></div><div>The guest list should include the following:</div><div><br></div><div>1. Guest first and last name</div><div>2. Check-in and check-out date</div><div>3. Advance amount paid</div><div>4. Balance amount to be paid</div><div>5. Booking mode</div>",
        "System.AssignedTo": "nmunger109@outlook.com",
        "Microsoft.VSTS.Scheduling.RemainingWork": 0.0,
        "Microsoft.VSTS.Common.Priority": 2.0,
        "System.BoardLane": null,
        "System.Tags": "Admin; Manager",
        "Microsoft.VSTS.TCM.Steps": null,
        "Microsoft.VSTS.TCM.Parameters": null,
        "Microsoft.VSTS.TCM.LocalDataSource": null,
        "Microsoft.VSTS.TCM.AutomationStatus": null,
        "System.History": null
      },
      "relations": [
        {
          "rel": "System.LinkTypes.Hierarchy-Forward",
          "url": "https://dev.azure.com/MeganB0296/_apis/wit/workItems/82",
          "attributes": {
            "isLocked": "false",
            "comment": "Making a new link for the dependency",
            "name": "Child"
          }
        },
        {
          "rel": "System.LinkTypes.Hierarchy-Forward",
          "url": "https://dev.azure.com/MeganB0296/_apis/wit/workItems/72",
          "attributes": {
            "isLocked": "false",
            "comment": "Making a new link for the dependency",
            "name": "Child"
          }
        },
        {
          "rel": "System.LinkTypes.Hierarchy-Reverse",
          "url": "https://dev.azure.com/MeganB0296/_apis/wit/workItems/5",
          "attributes": {
            "isLocked": "false",
            "comment": "Making a new link for the dependency",
            "name": "Parent"
          }
        },
        {
          "rel": "System.LinkTypes.Hierarchy-Forward",
          "url": "https://dev.azure.com/MeganB0296/_apis/wit/workItems/37",
          "attributes": {
            "isLocked": "false",
            "comment": "Making a new link for the dependency",
            "name": "Child"
          }
        },
        {
          "rel": "System.LinkTypes.Hierarchy-Forward",
          "url": "https://dev.azure.com/MeganB0296/_apis/wit/workItems/74",
          "attributes": {
            "isLocked": "false",
            "comment": "Making a new link for the dependency",
            "name": "Child"
          }
        },
        {
          "rel": "System.LinkTypes.Hierarchy-Forward",
          "url": "https://dev.azure.com/MeganB0296/_apis/wit/workItems/85",
          "attributes": {
            "isLocked": "false",
            "comment": "Making a new link for the dependency",
            "name": "Child"
          }
        }
      ],
      "url": "https://dev.azure.com/MeganB0296/_apis/wit/workItems/27"
    },
    {
      "id": 25,
      "rev": 1,
      "fields": {
        "System.AreaPath": "Tailwind Traders Project",
        "System.TeamProject": "Tailwind Traders Project",
        "System.IterationPath": "Tailwind Traders Project\\Sprint 1",
        "System.WorkItemType": "Product Backlog Item",
        "System.State": "Done",
        "System.Reason": "Work finished",
        "System.CreatedDate": "2019-05-21T01:23:08.06Z",
        "System.CreatedBy": "Megan Bowen <MeganB@azureapps.OnMicrosoft.com>",
        "System.ChangedDate": "2019-05-21T01:23:08.06Z",
        "System.ChangedBy": "Megan Bowen <MeganB@azureapps.OnMicrosoft.com>",
        "System.Title": "As a user, I should be able to cancel an existing booking of a conference room",
        "Microsoft.VSTS.Scheduling.Effort": 0.0,
        "System.Description": "Conference Room - Cancel an existing reservation",
        "System.AssignedTo": "craig109@outlook.com",
        "Microsoft.VSTS.Scheduling.RemainingWork": 0.0,
        "Microsoft.VSTS.Common.Priority": 2.0,
        "System.BoardLane": null,
        "System.Tags": "Conference Room; Reservation",
        "Microsoft.VSTS.TCM.Steps": null,
        "Microsoft.VSTS.TCM.Parameters": null,
        "Microsoft.VSTS.TCM.LocalDataSource": null,
        "Microsoft.VSTS.TCM.AutomationStatus": null,
        "System.History": null
      },
      "relations": [
        {
          "rel": "Microsoft.VSTS.Common.TestedBy-Forward",
          "url": "https://dev.azure.com/MeganB0296/_apis/wit/workItems/118",
          "attributes": {
            "isLocked": "false",
            "comment": "Making a new link for the dependency",
            "name": "Tested By"
          }
        },
        {
          "rel": "Microsoft.VSTS.Common.TestedBy-Forward",
          "url": "https://dev.azure.com/MeganB0296/_apis/wit/workItems/124",
          "attributes": {
            "isLocked": "false",
            "comment": "Making a new link for the dependency",
            "name": "Tested By"
          }
        }
      ],
      "url": "https://dev.azure.com/MeganB0296/_apis/wit/workItems/25"
    },
    {
      "id": 24,
      "rev": 1,
      "fields": {
        "System.AreaPath": "Tailwind Traders Project",
        "System.TeamProject": "Tailwind Traders Project",
        "System.IterationPath": "Tailwind Traders Project\\Sprint 1",
        "System.WorkItemType": "Product Backlog Item",
        "System.State": "Done",
        "System.Reason": "Work finished",
        "System.CreatedDate": "2019-05-21T01:23:07.93Z",
        "System.CreatedBy": "Megan Bowen <MeganB@azureapps.OnMicrosoft.com>",
        "System.ChangedDate": "2019-05-21T01:23:07.93Z",
        "System.ChangedBy": "Megan Bowen <MeganB@azureapps.OnMicrosoft.com>",
        "System.Title": "As a customer, I would like to make a new reservation",
        "Microsoft.VSTS.Scheduling.Effort": 0.0,
        "System.Description": "As a customer, I would like to make a new reservation",
        "System.AssignedTo": "ckelly109@outlook.com",
        "Microsoft.VSTS.Scheduling.RemainingWork": 0.0,
        "Microsoft.VSTS.Common.Priority": 2.0,
        "System.BoardLane": null,
        "System.Tags": "Guest; Reservation",
        "Microsoft.VSTS.TCM.Steps": null,
        "Microsoft.VSTS.TCM.Parameters": null,
        "Microsoft.VSTS.TCM.LocalDataSource": null,
        "Microsoft.VSTS.TCM.AutomationStatus": null,
        "System.History": null
      },
      "relations": null,
      "url": "https://dev.azure.com/MeganB0296/_apis/wit/workItems/24"
    },
    {
      "id": 23,
      "rev": 1,
      "fields": {
        "System.AreaPath": "Tailwind Traders Project",
        "System.TeamProject": "Tailwind Traders Project",
        "System.IterationPath": "Tailwind Traders Project\\Sprint 1",
        "System.WorkItemType": "Product Backlog Item",
        "System.State": "Done",
        "System.Reason": "Work finished",
        "System.CreatedDate": "2019-05-21T01:23:07.8Z",
        "System.CreatedBy": "Megan Bowen <MeganB@azureapps.OnMicrosoft.com>",
        "System.ChangedDate": "2019-05-21T01:23:07.8Z",
        "System.ChangedBy": "Megan Bowen <MeganB@azureapps.OnMicrosoft.com>",
        "System.Title": "As a customer, I would like to modify an existing reservation",
        "Microsoft.VSTS.Scheduling.Effort": 4.0,
        "System.Description": "The user should be able to modify his existing reservation if the reservation hasnt already ended.&nbsp;",
        "System.AssignedTo": "ckelly109@outlook.com",
        "Microsoft.VSTS.Scheduling.RemainingWork": 0.0,
        "Microsoft.VSTS.Common.Priority": 2.0,
        "System.BoardLane": null,
        "System.Tags": "Modification; Reservations; Web experience",
        "Microsoft.VSTS.TCM.Steps": null,
        "Microsoft.VSTS.TCM.Parameters": null,
        "Microsoft.VSTS.TCM.LocalDataSource": null,
        "Microsoft.VSTS.TCM.AutomationStatus": null,
        "System.History": null
      },
      "relations": [
        {
          "rel": "System.LinkTypes.Hierarchy-Forward",
          "url": "https://dev.azure.com/MeganB0296/_apis/wit/workItems/64",
          "attributes": {
            "isLocked": "false",
            "comment": "Making a new link for the dependency",
            "name": "Child"
          }
        },
        {
          "rel": "System.LinkTypes.Hierarchy-Reverse",
          "url": "https://dev.azure.com/MeganB0296/_apis/wit/workItems/1",
          "attributes": {
            "isLocked": "false",
            "comment": "Making a new link for the dependency",
            "name": "Parent"
          }
        },
        {
          "rel": "System.LinkTypes.Hierarchy-Forward",
          "url": "https://dev.azure.com/MeganB0296/_apis/wit/workItems/100",
          "attributes": {
            "isLocked": "false",
            "comment": "Making a new link for the dependency",
            "name": "Child"
          }
        }
      ],
      "url": "https://dev.azure.com/MeganB0296/_apis/wit/workItems/23"
    },
    {
      "id": 22,
      "rev": 1,
      "fields": {
        "System.AreaPath": "Tailwind Traders Project",
        "System.TeamProject": "Tailwind Traders Project",
        "System.IterationPath": "Tailwind Traders Project\\Sprint 1",
        "System.WorkItemType": "Product Backlog Item",
        "System.State": "Done",
        "System.Reason": "Work finished",
        "System.CreatedDate": "2019-05-21T01:23:07.65Z",
        "System.CreatedBy": "Megan Bowen <MeganB@azureapps.OnMicrosoft.com>",
        "System.ChangedDate": "2019-05-21T01:23:07.65Z",
        "System.ChangedBy": "Megan Bowen <MeganB@azureapps.OnMicrosoft.com>",
        "System.Title": "As a customer, I should be able to make a reservation",
        "Microsoft.VSTS.Scheduling.Effort": 5.0,
        "System.Description": "The user should be able to make a new reservation by clicking the &quot;Make a Reservation&quot; button in the site or in the app.",
        "System.AssignedTo": "Megan Bowen <MeganB@azureapps.OnMicrosoft.com>",
        "Microsoft.VSTS.Scheduling.RemainingWork": 0.0,
        "Microsoft.VSTS.Common.Priority": 2.0,
        "System.BoardLane": null,
        "System.Tags": "Guests; Reservation; Room",
        "Microsoft.VSTS.TCM.Steps": null,
        "Microsoft.VSTS.TCM.Parameters": null,
        "Microsoft.VSTS.TCM.LocalDataSource": null,
        "Microsoft.VSTS.TCM.AutomationStatus": null,
        "System.History": null
      },
      "relations": [
        {
          "rel": "System.LinkTypes.Hierarchy-Forward",
          "url": "https://dev.azure.com/MeganB0296/_apis/wit/workItems/83",
          "attributes": {
            "isLocked": "false",
            "comment": "Making a new link for the dependency",
            "name": "Child"
          }
        },
        {
          "rel": "System.LinkTypes.Hierarchy-Reverse",
          "url": "https://dev.azure.com/MeganB0296/_apis/wit/workItems/1",
          "attributes": {
            "isLocked": "false",
            "comment": "Making a new link for the dependency",
            "name": "Parent"
          }
        }
      ],
      "url": "https://dev.azure.com/MeganB0296/_apis/wit/workItems/22"
    },
    {
      "id": 21,
      "rev": 1,
      "fields": {
        "System.AreaPath": "Tailwind Traders Project",
        "System.TeamProject": "Tailwind Traders Project",
        "System.IterationPath": "Tailwind Traders Project\\Sprint 2",
        "System.WorkItemType": "Product Backlog Item",
        "System.State": "Done",
        "System.Reason": "Work finished",
        "System.CreatedDate": "2019-05-21T01:23:07.513Z",
        "System.CreatedBy": "Megan Bowen <MeganB@azureapps.OnMicrosoft.com>",
        "System.ChangedDate": "2019-05-21T01:23:07.513Z",
        "System.ChangedBy": "Megan Bowen <MeganB@azureapps.OnMicrosoft.com>",
        "System.Title": "As a customer, I should be able to access the app on all mobile platforms",
        "Microsoft.VSTS.Scheduling.Effort": 30.0,
        "System.Description": "The guest should be able to access the SMH360 app on platforms -&nbsp;<div><br></div><div>1. Google PlayStore</div><div>2. Apple Itunes</div><div>3. Windows Store</div>",
        "System.AssignedTo": "nmunger109@outlook.com",
        "Microsoft.VSTS.Scheduling.RemainingWork": 0.0,
        "Microsoft.VSTS.Common.Priority": 2.0,
        "System.BoardLane": null,
        "System.Tags": "Android; App; Gues; IO; Windows",
        "Microsoft.VSTS.TCM.Steps": null,
        "Microsoft.VSTS.TCM.Parameters": null,
        "Microsoft.VSTS.TCM.LocalDataSource": null,
        "Microsoft.VSTS.TCM.AutomationStatus": null,
        "System.History": null
      },
      "relations": [
        {
          "rel": "System.LinkTypes.Hierarchy-Forward",
          "url": "https://dev.azure.com/MeganB0296/_apis/wit/workItems/97",
          "attributes": {
            "isLocked": "false",
            "comment": "Making a new link for the dependency",
            "name": "Child"
          }
        },
        {
          "rel": "System.LinkTypes.Hierarchy-Forward",
          "url": "https://dev.azure.com/MeganB0296/_apis/wit/workItems/96",
          "attributes": {
            "isLocked": "false",
            "comment": "Making a new link for the dependency",
            "name": "Child"
          }
        },
        {
          "rel": "System.LinkTypes.Hierarchy-Forward",
          "url": "https://dev.azure.com/MeganB0296/_apis/wit/workItems/98",
          "attributes": {
            "isLocked": "false",
            "comment": "Making a new link for the dependency",
            "name": "Child"
          }
        }
      ],
      "url": "https://dev.azure.com/MeganB0296/_apis/wit/workItems/21"
    },
    {
      "id": 20,
      "rev": 1,
      "fields": {
        "System.AreaPath": "Tailwind Traders Project",
        "System.TeamProject": "Tailwind Traders Project",
        "System.IterationPath": "Tailwind Traders Project\\Sprint 1",
        "System.WorkItemType": "Product Backlog Item",
        "System.State": "Done",
        "System.Reason": "Work finished",
        "System.CreatedDate": "2019-05-21T01:23:07.363Z",
        "System.CreatedBy": "Megan Bowen <MeganB@azureapps.OnMicrosoft.com>",
        "System.ChangedDate": "2019-05-21T01:23:07.363Z",
        "System.ChangedBy": "Megan Bowen <MeganB@azureapps.OnMicrosoft.com>",
        "System.Title": "As a customer, I should be able to have a responsive search experience",
        "Microsoft.VSTS.Scheduling.Effort": 8.0,
        "System.Description": "The site should have responsive design for a better search experience, regardless of the device being used.&nbsp;The website adjusts automatically to the size of device’s screen and the user doesn’t have to browse through multiple pages to find what he is looking for, giving users a very smooth and optimized experience on the device.",
        "System.AssignedTo": "lsteel109@outlook.com",
        "Microsoft.VSTS.Scheduling.RemainingWork": 0.0,
        "Microsoft.VSTS.Common.Priority": 2.0,
        "System.BoardLane": null,
        "System.Tags": "Guests; responsive; Rooms [List]; search",
        "Microsoft.VSTS.TCM.Steps": null,
        "Microsoft.VSTS.TCM.Parameters": null,
        "Microsoft.VSTS.TCM.LocalDataSource": null,
        "Microsoft.VSTS.TCM.AutomationStatus": null,
        "System.History": null
      },
      "relations": [
        {
          "rel": "System.LinkTypes.Hierarchy-Forward",
          "url": "https://dev.azure.com/MeganB0296/_apis/wit/workItems/94",
          "attributes": {
            "isLocked": "false",
            "comment": "Making a new link for the dependency",
            "name": "Child"
          }
        },
        {
          "rel": "System.LinkTypes.Hierarchy-Forward",
          "url": "https://dev.azure.com/MeganB0296/_apis/wit/workItems/95",
          "attributes": {
            "isLocked": "false",
            "comment": "Making a new link for the dependency",
            "name": "Child"
          }
        },
        {
          "rel": "System.LinkTypes.Hierarchy-Forward",
          "url": "https://dev.azure.com/MeganB0296/_apis/wit/workItems/93",
          "attributes": {
            "isLocked": "false",
            "comment": "Making a new link for the dependency",
            "name": "Child"
          }
        },
        {
          "rel": "System.LinkTypes.Hierarchy-Forward",
          "url": "https://dev.azure.com/MeganB0296/_apis/wit/workItems/129",
          "attributes": {
            "isLocked": "false",
            "comment": "Making a new link for the dependency",
            "name": "Child"
          }
        },
        {
          "rel": "System.LinkTypes.Hierarchy-Forward",
          "url": "https://dev.azure.com/MeganB0296/_apis/wit/workItems/92",
          "attributes": {
            "isLocked": "false",
            "comment": "Making a new link for the dependency",
            "name": "Child"
          }
        }
      ],
      "url": "https://dev.azure.com/MeganB0296/_apis/wit/workItems/20"
    },
    {
      "id": 19,
      "rev": 1,
      "fields": {
        "System.AreaPath": "Tailwind Traders Project",
        "System.TeamProject": "Tailwind Traders Project",
        "System.IterationPath": "Tailwind Traders Project\\Sprint 1",
        "System.WorkItemType": "Product Backlog Item",
        "System.State": "Done",
        "System.Reason": "Work finished",
        "System.CreatedDate": "2019-05-21T01:23:07.233Z",
        "System.CreatedBy": "Megan Bowen <MeganB@azureapps.OnMicrosoft.com>",
        "System.ChangedDate": "2019-05-21T01:23:07.233Z",
        "System.ChangedBy": "Megan Bowen <MeganB@azureapps.OnMicrosoft.com>",
        "System.Title": "As a room guest, I should be able to personalize the app with themes",
        "Microsoft.VSTS.Scheduling.Effort": 3.0,
        "System.Description": "The user should be able to personalize the SMH360 app with themes available in the settings menu and also be able to personalize the app with customized themes on the Android and IOS app.",
        "System.AssignedTo": "craig109@outlook.com",
        "Microsoft.VSTS.Scheduling.RemainingWork": 0.0,
        "Microsoft.VSTS.Common.Priority": 2.0,
        "System.BoardLane": null,
        "System.Tags": "Android; IOS; Personalization; Themes; Xamarin",
        "Microsoft.VSTS.TCM.Steps": null,
        "Microsoft.VSTS.TCM.Parameters": null,
        "Microsoft.VSTS.TCM.LocalDataSource": null,
        "Microsoft.VSTS.TCM.AutomationStatus": null,
        "System.History": null
      },
      "relations": [
        {
          "rel": "System.LinkTypes.Hierarchy-Reverse",
          "url": "https://dev.azure.com/MeganB0296/_apis/wit/workItems/1",
          "attributes": {
            "isLocked": "false",
            "comment": "Making a new link for the dependency",
            "name": "Parent"
          }
        },
        {
          "rel": "System.LinkTypes.Hierarchy-Forward",
          "url": "https://dev.azure.com/MeganB0296/_apis/wit/workItems/91",
          "attributes": {
            "isLocked": "false",
            "comment": "Making a new link for the dependency",
            "name": "Child"
          }
        },
        {
          "rel": "System.LinkTypes.Hierarchy-Forward",
          "url": "https://dev.azure.com/MeganB0296/_apis/wit/workItems/86",
          "attributes": {
            "isLocked": "false",
            "comment": "Making a new link for the dependency",
            "name": "Child"
          }
        },
        {
          "rel": "System.LinkTypes.Hierarchy-Forward",
          "url": "https://dev.azure.com/MeganB0296/_apis/wit/workItems/87",
          "attributes": {
            "isLocked": "false",
            "comment": "Making a new link for the dependency",
            "name": "Child"
          }
        },
        {
          "rel": "System.LinkTypes.Hierarchy-Forward",
          "url": "https://dev.azure.com/MeganB0296/_apis/wit/workItems/90",
          "attributes": {
            "isLocked": "false",
            "comment": "Making a new link for the dependency",
            "name": "Child"
          }
        },
        {
          "rel": "System.LinkTypes.Hierarchy-Forward",
          "url": "https://dev.azure.com/MeganB0296/_apis/wit/workItems/89",
          "attributes": {
            "isLocked": "false",
            "comment": "Making a new link for the dependency",
            "name": "Child"
          }
        }
      ],
      "url": "https://dev.azure.com/MeganB0296/_apis/wit/workItems/19"
    },
    {
      "id": 18,
      "rev": 1,
      "fields": {
        "System.AreaPath": "Tailwind Traders Project",
        "System.TeamProject": "Tailwind Traders Project",
        "System.IterationPath": "Tailwind Traders Project\\Sprint 1",
        "System.WorkItemType": "Product Backlog Item",
        "System.State": "Done",
        "System.Reason": "Work finished",
        "System.CreatedDate": "2019-05-21T01:23:07.08Z",
        "System.CreatedBy": "Megan Bowen <MeganB@azureapps.OnMicrosoft.com>",
        "System.ChangedDate": "2019-05-21T01:23:07.08Z",
        "System.ChangedBy": "Megan Bowen <MeganB@azureapps.OnMicrosoft.com>",
        "System.Title": "As a reservation agent, I would like to send confirmations to guest",
        "Microsoft.VSTS.Scheduling.Effort": 12.0,
        "System.Description": "A written confirmation from the reservation agent stating the confirmation of name, arrival departure date, number of guest staying, room rate, type of room booked, number of rooms, pick up details, details of deposit made, package details etc. should be sent out.<div>Confirmation letter may also include the cancellation and no-show polices of the hotel. And also about the retention charges, hotel standard check-in and check-out time, early morning / early arrival charges and also about late departure charges.</div>",
        "System.AssignedTo": "ckelly109@outlook.com",
        "Microsoft.VSTS.Scheduling.RemainingWork": 0.0,
        "Microsoft.VSTS.Common.Priority": 2.0,
        "System.BoardLane": null,
        "System.Tags": "Confirmation; Guests; Reservation",
        "Microsoft.VSTS.TCM.Steps": null,
        "Microsoft.VSTS.TCM.Parameters": null,
        "Microsoft.VSTS.TCM.LocalDataSource": null,
        "Microsoft.VSTS.TCM.AutomationStatus": null,
        "System.History": null
      },
      "relations": [
        {
          "rel": "System.LinkTypes.Hierarchy-Forward",
          "url": "https://dev.azure.com/MeganB0296/_apis/wit/workItems/88",
          "attributes": {
            "isLocked": "false",
            "comment": "Making a new link for the dependency",
            "name": "Child"
          }
        },
        {
          "rel": "System.LinkTypes.Hierarchy-Forward",
          "url": "https://dev.azure.com/MeganB0296/_apis/wit/workItems/103",
          "attributes": {
            "isLocked": "false",
            "comment": "Making a new link for the dependency",
            "name": "Child"
          }
        }
      ],
      "url": "https://dev.azure.com/MeganB0296/_apis/wit/workItems/18"
    },
    {
      "id": 17,
      "rev": 1,
      "fields": {
        "System.AreaPath": "Tailwind Traders Project",
        "System.TeamProject": "Tailwind Traders Project",
        "System.IterationPath": "Tailwind Traders Project\\Sprint 4",
        "System.WorkItemType": "Product Backlog Item",
        "System.State": "New",
        "System.Reason": "New backlog item",
        "System.CreatedDate": "2019-05-21T01:23:06.923Z",
        "System.CreatedBy": "Megan Bowen <MeganB@azureapps.OnMicrosoft.com>",
        "System.ChangedDate": "2019-05-21T01:23:06.923Z",
        "System.ChangedBy": "Megan Bowen <MeganB@azureapps.OnMicrosoft.com>",
        "System.Title": "As a reservation agent, I would like to search for available rooms",
        "Microsoft.VSTS.Scheduling.Effort": 5.0,
        "System.Description": "The Reservation Agent should be able to assist customers with planning and booking reservations. This can mean booking a hotel room, a car rental, airplane tickets, a cruise package or tickets to a show. They may also help plan travel itineraries by suggesting local tourist attractions and places of interest. They then process payments and send the details and confirmation to the guest. When issues arise with reservations, the Reservation Agent is often contacted to sort out the issues.",
        "System.AssignedTo": "craig109@outlook.com",
        "Microsoft.VSTS.Scheduling.RemainingWork": 0.0,
        "Microsoft.VSTS.Common.Priority": 2.0,
        "System.BoardLane": null,
        "System.Tags": "Reservation; Rooms [List]",
        "Microsoft.VSTS.TCM.Steps": null,
        "Microsoft.VSTS.TCM.Parameters": null,
        "Microsoft.VSTS.TCM.LocalDataSource": null,
        "Microsoft.VSTS.TCM.AutomationStatus": null,
        "System.History": null
      },
      "relations": [
        {
          "rel": "System.LinkTypes.Hierarchy-Forward",
          "url": "https://dev.azure.com/MeganB0296/_apis/wit/workItems/46",
          "attributes": {
            "isLocked": "false",
            "comment": "Making a new link for the dependency",
            "name": "Child"
          }
        },
        {
          "rel": "System.LinkTypes.Hierarchy-Forward",
          "url": "https://dev.azure.com/MeganB0296/_apis/wit/workItems/45",
          "attributes": {
            "isLocked": "false",
            "comment": "Making a new link for the dependency",
            "name": "Child"
          }
        },
        {
          "rel": "System.LinkTypes.Hierarchy-Reverse",
          "url": "https://dev.azure.com/MeganB0296/_apis/wit/workItems/1",
          "attributes": {
            "isLocked": "false",
            "comment": "Making a new link for the dependency",
            "name": "Parent"
          }
        }
      ],
      "url": "https://dev.azure.com/MeganB0296/_apis/wit/workItems/17"
    },
    {
      "id": 16,
      "rev": 1,
      "fields": {
        "System.AreaPath": "Tailwind Traders Project",
        "System.TeamProject": "Tailwind Traders Project",
        "System.IterationPath": "Tailwind Traders Project\\Sprint 4",
        "System.WorkItemType": "Product Backlog Item",
        "System.State": "New",
        "System.Reason": "New backlog item",
        "System.CreatedDate": "2019-05-21T01:23:06.777Z",
        "System.CreatedBy": "Megan Bowen <MeganB@azureapps.OnMicrosoft.com>",
        "System.ChangedDate": "2019-05-21T01:23:06.777Z",
        "System.ChangedBy": "Megan Bowen <MeganB@azureapps.OnMicrosoft.com>",
        "System.Title": "As a room guest, I should be able to connect to the app with my own device",
        "Microsoft.VSTS.Scheduling.Effort": 5.0,
        "System.Description": "As a room guest, I should be able to connect to the app with my own device",
        "System.AssignedTo": "Megan Bowen <MeganB@azureapps.OnMicrosoft.com>",
        "Microsoft.VSTS.Scheduling.RemainingWork": 0.0,
        "Microsoft.VSTS.Common.Priority": 2.0,
        "System.BoardLane": null,
        "System.Tags": "Authorization",
        "Microsoft.VSTS.TCM.Steps": null,
        "Microsoft.VSTS.TCM.Parameters": null,
        "Microsoft.VSTS.TCM.LocalDataSource": null,
        "Microsoft.VSTS.TCM.AutomationStatus": null,
        "System.History": null
      },
      "relations": [
        {
          "rel": "System.LinkTypes.Hierarchy-Forward",
          "url": "https://dev.azure.com/MeganB0296/_apis/wit/workItems/44",
          "attributes": {
            "isLocked": "false",
            "comment": "Making a new link for the dependency",
            "name": "Child"
          }
        },
        {
          "rel": "System.LinkTypes.Hierarchy-Reverse",
          "url": "https://dev.azure.com/MeganB0296/_apis/wit/workItems/1",
          "attributes": {
            "isLocked": "false",
            "comment": "Making a new link for the dependency",
            "name": "Parent"
          }
        },
        {
          "rel": "System.LinkTypes.Hierarchy-Forward",
          "url": "https://dev.azure.com/MeganB0296/_apis/wit/workItems/40",
          "attributes": {
            "isLocked": "false",
            "comment": "Making a new link for the dependency",
            "name": "Child"
          }
        },
        {
          "rel": "System.LinkTypes.Hierarchy-Forward",
          "url": "https://dev.azure.com/MeganB0296/_apis/wit/workItems/43",
          "attributes": {
            "isLocked": "false",
            "comment": "Making a new link for the dependency",
            "name": "Child"
          }
        },
        {
          "rel": "Microsoft.VSTS.Common.TestedBy-Forward",
          "url": "https://dev.azure.com/MeganB0296/_apis/wit/workItems/104",
          "attributes": {
            "isLocked": "false",
            "comment": "Making a new link for the dependency",
            "name": "Tested By"
          }
        },
        {
          "rel": "System.LinkTypes.Hierarchy-Forward",
          "url": "https://dev.azure.com/MeganB0296/_apis/wit/workItems/42",
          "attributes": {
            "isLocked": "false",
            "comment": "Making a new link for the dependency",
            "name": "Child"
          }
        },
        {
          "rel": "Microsoft.VSTS.Common.TestedBy-Forward",
          "url": "https://dev.azure.com/MeganB0296/_apis/wit/workItems/110",
          "attributes": {
            "isLocked": "false",
            "comment": "Making a new link for the dependency",
            "name": "Tested By"
          }
        },
        {
          "rel": "Microsoft.VSTS.Common.TestedBy-Forward",
          "url": "https://dev.azure.com/MeganB0296/_apis/wit/workItems/125",
          "attributes": {
            "isLocked": "false",
            "comment": "Making a new link for the dependency",
            "name": "Tested By"
          }
        },
        {
          "rel": "Microsoft.VSTS.Common.TestedBy-Forward",
          "url": "https://dev.azure.com/MeganB0296/_apis/wit/workItems/105",
          "attributes": {
            "isLocked": "false",
            "comment": "Making a new link for the dependency",
            "name": "Tested By"
          }
        },
        {
          "rel": "System.LinkTypes.Hierarchy-Forward",
          "url": "https://dev.azure.com/MeganB0296/_apis/wit/workItems/128",
          "attributes": {
            "isLocked": "false",
            "comment": "Making a new link for the dependency",
            "name": "Child"
          }
        },
        {
          "rel": "System.LinkTypes.Hierarchy-Forward",
          "url": "https://dev.azure.com/MeganB0296/_apis/wit/workItems/41",
          "attributes": {
            "isLocked": "false",
            "comment": "Making a new link for the dependency",
            "name": "Child"
          }
        }
      ],
      "url": "https://dev.azure.com/MeganB0296/_apis/wit/workItems/16"
    },
    {
      "id": 15,
      "rev": 1,
      "fields": {
        "System.AreaPath": "Tailwind Traders Project",
        "System.TeamProject": "Tailwind Traders Project",
        "System.IterationPath": "Tailwind Traders Project\\Sprint 3",
        "System.WorkItemType": "Product Backlog Item",
        "System.State": "New",
        "System.Reason": "New backlog item",
        "System.CreatedDate": "2019-05-21T01:23:06.64Z",
        "System.CreatedBy": "Megan Bowen <MeganB@azureapps.OnMicrosoft.com>",
        "System.ChangedDate": "2019-05-21T01:23:06.64Z",
        "System.ChangedBy": "Megan Bowen <MeganB@azureapps.OnMicrosoft.com>",
        "System.Title": "As a room guest, I should be able to communicate with all smart devices from the app",
        "Microsoft.VSTS.Scheduling.Effort": 23.0,
        "System.Description": "<font color=\"#5e5e5e\" face=\"montserrat, sans-serif\"><span style=\"font-size:15px;\">The smartphone will be the room's remote control. Through the app, the guest will be able to seamlessly control the room’s lighting, HVAC [heating, ventilation, and air conditioning], and entertainment options, including pre-loaded and streaming content.&nbsp;</span></font>",
        "System.AssignedTo": "nmunger109@outlook.com",
        "Microsoft.VSTS.Scheduling.RemainingWork": 0.0,
        "Microsoft.VSTS.Common.Priority": 2.0,
        "System.BoardLane": null,
        "System.Tags": "App; Guest; IoT; smarthotel",
        "Microsoft.VSTS.TCM.Steps": null,
        "Microsoft.VSTS.TCM.Parameters": null,
        "Microsoft.VSTS.TCM.LocalDataSource": null,
        "Microsoft.VSTS.TCM.AutomationStatus": null,
        "System.History": null
      },
      "relations": [
        {
          "rel": "Microsoft.VSTS.Common.TestedBy-Forward",
          "url": "https://dev.azure.com/MeganB0296/_apis/wit/workItems/109",
          "attributes": {
            "isLocked": "false",
            "comment": "Making a new link for the dependency",
            "name": "Tested By"
          }
        },
        {
          "rel": "System.LinkTypes.Hierarchy-Reverse",
          "url": "https://dev.azure.com/MeganB0296/_apis/wit/workItems/5",
          "attributes": {
            "isLocked": "false",
            "comment": "Making a new link for the dependency",
            "name": "Parent"
          }
        },
        {
          "rel": "Microsoft.VSTS.Common.TestedBy-Forward",
          "url": "https://dev.azure.com/MeganB0296/_apis/wit/workItems/106",
          "attributes": {
            "isLocked": "false",
            "comment": "Making a new link for the dependency",
            "name": "Tested By"
          }
        },
        {
          "rel": "System.LinkTypes.Hierarchy-Forward",
          "url": "https://dev.azure.com/MeganB0296/_apis/wit/workItems/58",
          "attributes": {
            "isLocked": "false",
            "comment": "Making a new link for the dependency",
            "name": "Child"
          }
        },
        {
          "rel": "Microsoft.VSTS.Common.TestedBy-Forward",
          "url": "https://dev.azure.com/MeganB0296/_apis/wit/workItems/126",
          "attributes": {
            "isLocked": "false",
            "comment": "Making a new link for the dependency",
            "name": "Tested By"
          }
        },
        {
          "rel": "System.LinkTypes.Hierarchy-Forward",
          "url": "https://dev.azure.com/MeganB0296/_apis/wit/workItems/60",
          "attributes": {
            "isLocked": "false",
            "comment": "Making a new link for the dependency",
            "name": "Child"
          }
        },
        {
          "rel": "System.LinkTypes.Hierarchy-Forward",
          "url": "https://dev.azure.com/MeganB0296/_apis/wit/workItems/57",
          "attributes": {
            "isLocked": "false",
            "comment": "Making a new link for the dependency",
            "name": "Child"
          }
        },
        {
          "rel": "System.LinkTypes.Hierarchy-Forward",
          "url": "https://dev.azure.com/MeganB0296/_apis/wit/workItems/59",
          "attributes": {
            "isLocked": "false",
            "comment": "Making a new link for the dependency",
            "name": "Child"
          }
        }
      ],
      "url": "https://dev.azure.com/MeganB0296/_apis/wit/workItems/15"
    },
    {
      "id": 11,
      "rev": 1,
      "fields": {
        "System.AreaPath": "Tailwind Traders Project",
        "System.TeamProject": "Tailwind Traders Project",
        "System.IterationPath": "Tailwind Traders Project\\Sprint 4",
        "System.WorkItemType": "Product Backlog Item",
        "System.State": "New",
        "System.Reason": "New backlog item",
        "System.CreatedDate": "2019-05-21T01:23:06.067Z",
        "System.CreatedBy": "Megan Bowen <MeganB@azureapps.OnMicrosoft.com>",
        "System.ChangedDate": "2019-05-21T01:23:06.067Z",
        "System.ChangedBy": "Megan Bowen <MeganB@azureapps.OnMicrosoft.com>",
        "System.Title": "As a customer, I should be able to request hotel for late Check-out",
        "Microsoft.VSTS.Scheduling.Effort": 15.0,
        "System.Description": "<span style=\"font-family:&quot;Segoe UI&quot;, sans-serif;font-size:10.5pt;\">As a courtesy, grant an\nextra hour or two to leave&nbsp;the&nbsp;room, especially if it isn't booked\nfor&nbsp;the upcoming evening. But customer must&nbsp;call the&nbsp;front desk\nin advance and&nbsp;request&nbsp;a&nbsp;late checkout.</span><p class=MsoNormal><span style=\"font-size:10.5pt;line-height:107%;font-family:&quot;Segoe UI&quot;, sans-serif;background-image:initial;background-position:initial;background-size:initial;background-repeat:initial;background-attachment:initial;background-origin:initial;background-clip:initial;\"></span></p><p class=MsoNormal><span style=\"font-size:12.0pt;line-height:107%;\"></span></p><div><div><br></div><div>1. Late Check-in time should be displayed</div><div>2. Request should be sent to front-desk&nbsp;</div><div>3. Any extra charge should be displayed</div></div>",
        "System.AssignedTo": "nmunger109@outlook.com",
        "Microsoft.VSTS.Scheduling.RemainingWork": 0.0,
        "Microsoft.VSTS.Common.Priority": 2.0,
        "System.BoardLane": null,
        "System.Tags": "Front-desk; Members; Reservation",
        "Microsoft.VSTS.TCM.Steps": null,
        "Microsoft.VSTS.TCM.Parameters": null,
        "Microsoft.VSTS.TCM.LocalDataSource": null,
        "Microsoft.VSTS.TCM.AutomationStatus": null,
        "System.History": null
      },
      "relations": [
        {
          "rel": "System.LinkTypes.Hierarchy-Forward",
          "url": "https://dev.azure.com/MeganB0296/_apis/wit/workItems/33",
          "attributes": {
            "isLocked": "false",
            "comment": "Making a new link for the dependency",
            "name": "Child"
          }
        },
        {
          "rel": "Microsoft.VSTS.Common.TestedBy-Forward",
          "url": "https://dev.azure.com/MeganB0296/_apis/wit/workItems/123",
          "attributes": {
            "isLocked": "false",
            "comment": "Making a new link for the dependency",
            "name": "Tested By"
          }
        },
        {
          "rel": "Microsoft.VSTS.Common.TestedBy-Forward",
          "url": "https://dev.azure.com/MeganB0296/_apis/wit/workItems/115",
          "attributes": {
            "isLocked": "false",
            "comment": "Making a new link for the dependency",
            "name": "Tested By"
          }
        },
        {
          "rel": "System.LinkTypes.Hierarchy-Forward",
          "url": "https://dev.azure.com/MeganB0296/_apis/wit/workItems/34",
          "attributes": {
            "isLocked": "false",
            "comment": "Making a new link for the dependency",
            "name": "Child"
          }
        },
        {
          "rel": "System.LinkTypes.Hierarchy-Reverse",
          "url": "https://dev.azure.com/MeganB0296/_apis/wit/workItems/1",
          "attributes": {
            "isLocked": "false",
            "comment": "Making a new link for the dependency",
            "name": "Parent"
          }
        }
      ],
      "url": "https://dev.azure.com/MeganB0296/_apis/wit/workItems/11"
    },
    {
      "id": 10,
      "rev": 1,
      "fields": {
        "System.AreaPath": "Tailwind Traders Project",
        "System.TeamProject": "Tailwind Traders Project",
        "System.IterationPath": "Tailwind Traders Project\\Sprint 4",
        "System.WorkItemType": "Product Backlog Item",
        "System.State": "New",
        "System.Reason": "New backlog item",
        "System.CreatedDate": "2019-05-21T01:23:05.907Z",
        "System.CreatedBy": "Megan Bowen <MeganB@azureapps.OnMicrosoft.com>",
        "System.ChangedDate": "2019-05-21T01:23:05.907Z",
        "System.ChangedBy": "Megan Bowen <MeganB@azureapps.OnMicrosoft.com>",
        "System.Title": "As a customer, I should be able to remove a car reservation ",
        "Microsoft.VSTS.Scheduling.Effort": 6.0,
        "System.Description": "<div><p class=MsoNormal><span style=\"font-size:10.5pt;line-height:107%;font-family:&quot;Segoe UI&quot;, sans-serif;background-image:initial;background-position:initial;background-size:initial;background-repeat:initial;background-attachment:initial;background-origin:initial;background-clip:initial;\">If you have not picked up\nyour&nbsp;</span><span style=\"font-size:10.5pt;line-height:107%;font-family:&quot;Segoe UI&quot;, sans-serif;\">vehicle<span style=\"background-image:initial;background-position:initial;background-size:initial;background-repeat:initial;background-attachment:initial;background-origin:initial;background-clip:initial;\">&nbsp;you can remove or cancel your&nbsp;</span></span>reservation<span style=\"background-image:initial;background-position:initial;background-size:initial;background-repeat:initial;background-attachment:initial;background-origin:initial;background-clip:initial;\">&nbsp;by clicking here.</span></p><p class=MsoNormal><span style=\"background-image:initial;background-position:initial;background-size:initial;background-repeat:initial;background-attachment:initial;background-origin:initial;background-clip:initial;\"><br></span></p></div><div>1. Car reserved should have an option to cancel the request</div><div>2. Car driver should receive a notification about cancellation</div>",
        "System.AssignedTo": "nmunger109@outlook.com",
        "Microsoft.VSTS.Scheduling.RemainingWork": 0.0,
        "Microsoft.VSTS.Common.Priority": 2.0,
        "System.BoardLane": null,
        "System.Tags": "Reservation",
        "Microsoft.VSTS.TCM.Steps": null,
        "Microsoft.VSTS.TCM.Parameters": null,
        "Microsoft.VSTS.TCM.LocalDataSource": null,
        "Microsoft.VSTS.TCM.AutomationStatus": null,
        "System.History": null
      },
      "relations": [
        {
          "rel": "System.LinkTypes.Hierarchy-Forward",
          "url": "https://dev.azure.com/MeganB0296/_apis/wit/workItems/70",
          "attributes": {
            "isLocked": "false",
            "comment": "Making a new link for the dependency",
            "name": "Child"
          }
        },
        {
          "rel": "Microsoft.VSTS.Common.TestedBy-Forward",
          "url": "https://dev.azure.com/MeganB0296/_apis/wit/workItems/116",
          "attributes": {
            "isLocked": "false",
            "comment": "Making a new link for the dependency",
            "name": "Tested By"
          }
        },
        {
          "rel": "System.LinkTypes.Hierarchy-Forward",
          "url": "https://dev.azure.com/MeganB0296/_apis/wit/workItems/35",
          "attributes": {
            "isLocked": "false",
            "comment": "Making a new link for the dependency",
            "name": "Child"
          }
        },
        {
          "rel": "System.LinkTypes.Hierarchy-Reverse",
          "url": "https://dev.azure.com/MeganB0296/_apis/wit/workItems/3",
          "attributes": {
            "isLocked": "false",
            "comment": "Making a new link for the dependency",
            "name": "Parent"
          }
        }
      ],
      "url": "https://dev.azure.com/MeganB0296/_apis/wit/workItems/10"
    },
    {
      "id": 9,
      "rev": 1,
      "fields": {
        "System.AreaPath": "Tailwind Traders Project",
        "System.TeamProject": "Tailwind Traders Project",
        "System.IterationPath": "Tailwind Traders Project\\Sprint 3",
        "System.WorkItemType": "Product Backlog Item",
        "System.State": "New",
        "System.Reason": "New backlog item",
        "System.CreatedDate": "2019-05-21T01:23:05.727Z",
        "System.CreatedBy": "Megan Bowen <MeganB@azureapps.OnMicrosoft.com>",
        "System.ChangedDate": "2019-05-21T01:23:05.727Z",
        "System.ChangedBy": "Megan Bowen <MeganB@azureapps.OnMicrosoft.com>",
        "System.Title": "As a reservation agent, I would like to send confirmations to guest",
        "Microsoft.VSTS.Scheduling.Effort": 7.0,
        "System.Description": "<p class=MsoNormal><span style=\"font-size:10.5pt;line-height:107%;font-family:&quot;Segoe UI&quot;,sans-serif;color:#222222;background:white;\">Enter the&nbsp;</span><span style=\"font-size:10.5pt;line-height:107%;font-family:&quot;Segoe UI&quot;,sans-serif;color:#222222;\">guest's<span style=\"background:white;\">&nbsp;name to whom you&nbsp;</span></span>would\nlike to send<span style=\"background:white;\">&nbsp;a&nbsp;</span>confirmation,&nbsp;<span style=\"background:white;\">display the company, contact, source\nand&nbsp;</span>agent<span style=\"background:white;\">&nbsp;associated\nwith the&nbsp;</span>reservation<span style=\"background:white;\">.</span></p>",
        "System.AssignedTo": "Megan Bowen <MeganB@azureapps.OnMicrosoft.com>",
        "Microsoft.VSTS.Scheduling.RemainingWork": 0.0,
        "Microsoft.VSTS.Common.Priority": 2.0,
        "System.BoardLane": null,
        "System.Tags": "Notification",
        "Microsoft.VSTS.TCM.Steps": null,
        "Microsoft.VSTS.TCM.Parameters": null,
        "Microsoft.VSTS.TCM.LocalDataSource": null,
        "Microsoft.VSTS.TCM.AutomationStatus": null,
        "System.History": null
      },
      "relations": [
        {
          "rel": "Microsoft.VSTS.Common.TestedBy-Forward",
          "url": "https://dev.azure.com/MeganB0296/_apis/wit/workItems/108",
          "attributes": {
            "isLocked": "false",
            "comment": "Making a new link for the dependency",
            "name": "Tested By"
          }
        },
        {
          "rel": "System.LinkTypes.Hierarchy-Reverse",
          "url": "https://dev.azure.com/MeganB0296/_apis/wit/workItems/3",
          "attributes": {
            "isLocked": "false",
            "comment": "Making a new link for the dependency",
            "name": "Parent"
          }
        },
        {
          "rel": "Microsoft.VSTS.Common.TestedBy-Forward",
          "url": "https://dev.azure.com/MeganB0296/_apis/wit/workItems/120",
          "attributes": {
            "isLocked": "false",
            "comment": "Making a new link for the dependency",
            "name": "Tested By"
          }
        },
        {
          "rel": "System.LinkTypes.Hierarchy-Forward",
          "url": "https://dev.azure.com/MeganB0296/_apis/wit/workItems/32",
          "attributes": {
            "isLocked": "false",
            "comment": "Making a new link for the dependency",
            "name": "Child"
          }
        },
        {
          "rel": "System.LinkTypes.Hierarchy-Forward",
          "url": "https://dev.azure.com/MeganB0296/_apis/wit/workItems/53",
          "attributes": {
            "isLocked": "false",
            "comment": "Making a new link for the dependency",
            "name": "Child"
          }
        }
      ],
      "url": "https://dev.azure.com/MeganB0296/_apis/wit/workItems/9"
    },
    {
      "id": 8,
      "rev": 1,
      "fields": {
        "System.AreaPath": "Tailwind Traders Project",
        "System.TeamProject": "Tailwind Traders Project",
        "System.IterationPath": "Tailwind Traders Project\\Sprint 3",
        "System.WorkItemType": "Product Backlog Item",
        "System.State": "New",
        "System.Reason": "New backlog item",
        "System.CreatedDate": "2019-05-21T01:23:05.593Z",
        "System.CreatedBy": "Megan Bowen <MeganB@azureapps.OnMicrosoft.com>",
        "System.ChangedDate": "2019-05-21T01:23:05.593Z",
        "System.ChangedBy": "Megan Bowen <MeganB@azureapps.OnMicrosoft.com>",
        "System.Title": "As a customer, I would like to reserve a conference room",
        "Microsoft.VSTS.Scheduling.Effort": 20.0,
        "System.Description": "As a customer, I would like to reserve a conference room such that:<div><br></div><div>1. It should display available date and time slots</div><div>2. Give an option to reserve a conference room for X hours</div><div>3. One can reserve a conference room for max 4 hours per day</div>",
        "System.AssignedTo": "nmunger109@outlook.com",
        "Microsoft.VSTS.Scheduling.RemainingWork": 0.0,
        "Microsoft.VSTS.Common.Priority": 2.0,
        "System.BoardLane": null,
        "System.Tags": "Reservation",
        "Microsoft.VSTS.TCM.Steps": null,
        "Microsoft.VSTS.TCM.Parameters": null,
        "Microsoft.VSTS.TCM.LocalDataSource": null,
        "Microsoft.VSTS.TCM.AutomationStatus": null,
        "System.History": null
      },
      "relations": [
        {
          "rel": "Microsoft.VSTS.Common.TestedBy-Forward",
          "url": "https://dev.azure.com/MeganB0296/_apis/wit/workItems/121",
          "attributes": {
            "isLocked": "false",
            "comment": "Making a new link for the dependency",
            "name": "Tested By"
          }
        },
        {
          "rel": "Microsoft.VSTS.Common.TestedBy-Forward",
          "url": "https://dev.azure.com/MeganB0296/_apis/wit/workItems/117",
          "attributes": {
            "isLocked": "false",
            "comment": "Making a new link for the dependency",
            "name": "Tested By"
          }
        },
        {
          "rel": "System.LinkTypes.Hierarchy-Forward",
          "url": "https://dev.azure.com/MeganB0296/_apis/wit/workItems/51",
          "attributes": {
            "isLocked": "false",
            "comment": "Making a new link for the dependency",
            "name": "Child"
          }
        },
        {
          "rel": "System.LinkTypes.Hierarchy-Forward",
          "url": "https://dev.azure.com/MeganB0296/_apis/wit/workItems/52",
          "attributes": {
            "isLocked": "false",
            "comment": "Making a new link for the dependency",
            "name": "Child"
          }
        },
        {
          "rel": "System.LinkTypes.Hierarchy-Reverse",
          "url": "https://dev.azure.com/MeganB0296/_apis/wit/workItems/2",
          "attributes": {
            "isLocked": "false",
            "comment": "Making a new link for the dependency",
            "name": "Parent"
          }
        }
      ],
      "url": "https://dev.azure.com/MeganB0296/_apis/wit/workItems/8"
    },
    {
      "id": 7,
      "rev": 1,
      "fields": {
        "System.AreaPath": "Tailwind Traders Project",
        "System.TeamProject": "Tailwind Traders Project",
        "System.IterationPath": "Tailwind Traders Project\\Sprint 3",
        "System.WorkItemType": "Product Backlog Item",
        "System.State": "New",
        "System.Reason": "Moved to the backlog",
        "System.CreatedDate": "2019-05-21T01:23:05.42Z",
        "System.CreatedBy": "Megan Bowen <MeganB@azureapps.OnMicrosoft.com>",
        "System.ChangedDate": "2019-05-21T01:23:05.42Z",
        "System.ChangedBy": "Megan Bowen <MeganB@azureapps.OnMicrosoft.com>",
        "System.Title": "As a customer, I should be able to update my details",
        "Microsoft.VSTS.Scheduling.Effort": 12.0,
        "System.Description": "<p class=MsoNormal style=\"margin-bottom:0in;margin-bottom:.0001pt;line-height:19.5pt;background:white;\"><span style=\"font-size:10.5pt;font-family:&quot;Segoe UI&quot;,sans-serif;color:#222222;background:white;\">Sometimes customers need to change the card\ninfo that they have on record with your business, whether that’s just to swap\nin a preferred card, or because the card issuer sent a replacement.&nbsp;</span></p>",
        "System.AssignedTo": "ckelly109@outlook.com",
        "Microsoft.VSTS.Scheduling.RemainingWork": 0.0,
        "Microsoft.VSTS.Common.Priority": 2.0,
        "System.BoardLane": null,
        "System.Tags": "Modification",
        "Microsoft.VSTS.TCM.Steps": null,
        "Microsoft.VSTS.TCM.Parameters": null,
        "Microsoft.VSTS.TCM.LocalDataSource": null,
        "Microsoft.VSTS.TCM.AutomationStatus": null,
        "System.History": null
      },
      "relations": [
        {
          "rel": "System.LinkTypes.Hierarchy-Forward",
          "url": "https://dev.azure.com/MeganB0296/_apis/wit/workItems/50",
          "attributes": {
            "isLocked": "false",
            "comment": "Making a new link for the dependency",
            "name": "Child"
          }
        },
        {
          "rel": "System.LinkTypes.Hierarchy-Reverse",
          "url": "https://dev.azure.com/MeganB0296/_apis/wit/workItems/4",
          "attributes": {
            "isLocked": "false",
            "comment": "Making a new link for the dependency",
            "name": "Parent"
          }
        }
      ],
      "url": "https://dev.azure.com/MeganB0296/_apis/wit/workItems/7"
    }
  ],
  "HttpStatusCode": 0,
  "Message": null
}