{
  "count": 3,
  "value": [
    {
      "id": 585,
      "rev": 3,
      "fields": {
        "System.AreaPath": "MyHealthClinic2",
        "System.TeamProject": "MyHealthClinic2",
        "System.IterationPath": "MyHealthClinic2",
        "System.WorkItemType": "Bug",
        "System.State": "New",
        "System.Reason": "New defect reported",
        "System.CreatedDate": "2019-06-13T13:43:29.447Z",
        "System.CreatedBy": "Manjunatha N <manjunatha.n@ecanarys.com>",
        "System.ChangedDate": "2019-06-13T13:43:45.74Z",
        "System.ChangedBy": "Manjunatha N <manjunatha.n@ecanarys.com>",
        "System.Title": "Copyrights information on the home Page is not latest",
        "Microsoft.VSTS.Scheduling.Effort": 0.0,
        "System.Description": "Copyrights information on the home Page is not latest",
        "System.AssignedTo": "ckelly109@outlook.com",
        "Microsoft.VSTS.Scheduling.RemainingWork": 0.0,
        "Microsoft.VSTS.Common.Priority": 2.0,
        "System.BoardLane": null,
        "System.Tags": null,
        "Microsoft.VSTS.TCM.Steps": null,
        "Microsoft.VSTS.TCM.Parameters": null,
        "Microsoft.VSTS.TCM.LocalDataSource": null,
        "Microsoft.VSTS.TCM.AutomationStatus": null,
        "System.History": null
      },
      "relations": [
        {
          "rel": "ArtifactLink",
          "url": "vstfs:///Git/PullRequestId/3a111f9b-125c-40b5-aec1-a2e2c2d13c86%2F899b5efa-5a01-4995-bedc-799422ec9f27%2F$Copyright Information is updated to latest$",
          "attributes": {
            "authorizedDate": "2019-06-13T13:43:45.287Z",
            "id": "1833610",
            "resourceCreatedDate": "2019-06-13T13:43:45.287Z",
            "resourceModifiedDate": "2019-06-13T13:43:45.287Z",
            "revisedDate": "9999-01-01T00:00:00Z",
            "name": "Pull Request"
          }
        },
        {
          "rel": "ArtifactLink",
          "url": "vstfs:///Git/Commit/3a111f9b-125c-40b5-aec1-a2e2c2d13c86%2f899b5efa-5a01-4995-bedc-799422ec9f27%2f188fa9bce50fb83dcca5cff6f97eb30ffb19301e",
          "attributes": {
            "authorizedDate": "2019-06-13T13:43:45.74Z",
            "id": "1833611",
            "resourceCreatedDate": "2019-06-13T13:43:45.74Z",
            "resourceModifiedDate": "2019-06-13T13:43:45.74Z",
            "revisedDate": "9999-01-01T00:00:00Z",
            "name": "Fixed in Commit"
          }
        }
      ],
      "url": "https://dev.azure.com/TestDemoGenerate/_apis/wit/workItems/585"
    },
    {
      "id": 584,
      "rev": 1,
      "fields": {
        "System.AreaPath": "MyHealthClinic2",
        "System.TeamProject": "MyHealthClinic2",
        "System.IterationPath": "MyHealthClinic2",
        "System.WorkItemType": "Bug",
        "System.State": "New",
        "System.Reason": "New defect reported",
        "System.CreatedDate": "2019-06-13T13:43:28.997Z",
        "System.CreatedBy": "Manjunatha N <manjunatha.n@ecanarys.com>",
        "System.ChangedDate": "2019-06-13T13:43:28.997Z",
        "System.ChangedBy": "Manjunatha N <manjunatha.n@ecanarys.com>",
        "System.Title": "Unable to filter by dates on the calendar",
        "Microsoft.VSTS.Scheduling.Effort": 0.0,
        "System.Description": "Unable to filter by dates on the calendar",
        "System.AssignedTo": "ckelly109@outlook.com",
        "Microsoft.VSTS.Scheduling.RemainingWork": 0.0,
        "Microsoft.VSTS.Common.Priority": 2.0,
        "System.BoardLane": null,
        "System.Tags": null,
        "Microsoft.VSTS.TCM.Steps": null,
        "Microsoft.VSTS.TCM.Parameters": null,
        "Microsoft.VSTS.TCM.LocalDataSource": null,
        "Microsoft.VSTS.TCM.AutomationStatus": null,
        "System.History": null
      },
      "relations": null,
      "url": "https://dev.azure.com/TestDemoGenerate/_apis/wit/workItems/584"
    },
    {
      "id": 583,
      "rev": 1,
      "fields": {
        "System.AreaPath": "MyHealthClinic2",
        "System.TeamProject": "MyHealthClinic2",
        "System.IterationPath": "MyHealthClinic2",
        "System.WorkItemType": "Bug",
        "System.State": "New",
        "System.Reason": "New defect reported",
        "System.CreatedDate": "2019-06-13T13:43:28.56Z",
        "System.CreatedBy": "Manjunatha N <manjunatha.n@ecanarys.com>",
        "System.ChangedDate": "2019-06-13T13:43:28.56Z",
        "System.ChangedBy": "Manjunatha N <manjunatha.n@ecanarys.com>",
        "System.Title": "Unable to select the page layout for invoice printing",
        "Microsoft.VSTS.Scheduling.Effort": 0.0,
        "System.Description": "Unable to select the page layout for invoice printing",
        "System.AssignedTo": "nmunger109@outlook.com",
        "Microsoft.VSTS.Scheduling.RemainingWork": 0.0,
        "Microsoft.VSTS.Common.Priority": 2.0,
        "System.BoardLane": null,
        "System.Tags": null,
        "Microsoft.VSTS.TCM.Steps": null,
        "Microsoft.VSTS.TCM.Parameters": null,
        "Microsoft.VSTS.TCM.LocalDataSource": null,
        "Microsoft.VSTS.TCM.AutomationStatus": null,
        "System.History": null
      },
      "relations": null,
      "url": "https://dev.azure.com/TestDemoGenerate/_apis/wit/workItems/583"
    }
  ],
  "HttpStatusCode": 0,
  "Message": null
}