{
  "count": 5,
  "value": [
    {
      "id": 590,
      "rev": 2,
      "fields": {
        "System.AreaPath": "MyHealthClinic2",
        "System.TeamProject": "MyHealthClinic2",
        "System.IterationPath": "MyHealthClinic2",
        "System.WorkItemType": "Epic",
        "System.State": "New",
        "System.Reason": "New epic",
        "System.CreatedDate": "2019-06-13T13:43:31.74Z",
        "System.CreatedBy": "Manjunatha N <manjunatha.n@ecanarys.com>",
        "System.ChangedDate": "2019-06-16T14:50:48.537Z",
        "System.ChangedBy": "Manjunatha N <manjunatha.n@ecanarys.com>",
        "System.Title": "HIPAA Compliance",
        "Microsoft.VSTS.Scheduling.Effort": 0.0,
        "System.Description": "HIPAA Compliance",
        "System.AssignedTo": "lsteel109@outlook.com",
        "Microsoft.VSTS.Scheduling.RemainingWork": 0.0,
        "Microsoft.VSTS.Common.Priority": 2.0,
        "System.BoardLane": null,
        "System.Tags": null,
        "Microsoft.VSTS.TCM.Steps": null,
        "Microsoft.VSTS.TCM.Parameters": null,
        "Microsoft.VSTS.TCM.LocalDataSource": null,
        "Microsoft.VSTS.TCM.AutomationStatus": null,
        "System.History": null
      },
      "relations": [
        {
          "rel": "System.LinkTypes.Hierarchy-Forward",
          "url": "https://dev.azure.com/TestDemoGenerate/_apis/wit/workItems/475",
          "attributes": {
            "isLocked": "false",
            "comment": "Making a new link for the dependency",
            "name": "Child"
          }
        }
      ],
      "url": "https://dev.azure.com/TestDemoGenerate/_apis/wit/workItems/590"
    },
    {
      "id": 589,
      "rev": 2,
      "fields": {
        "System.AreaPath": "MyHealthClinic2",
        "System.TeamProject": "MyHealthClinic2",
        "System.IterationPath": "MyHealthClinic2",
        "System.WorkItemType": "Epic",
        "System.State": "New",
        "System.Reason": "New epic",
        "System.CreatedDate": "2019-06-13T13:43:31.293Z",
        "System.CreatedBy": "Manjunatha N <manjunatha.n@ecanarys.com>",
        "System.ChangedDate": "2019-06-16T14:50:48.537Z",
        "System.ChangedBy": "Manjunatha N <manjunatha.n@ecanarys.com>",
        "System.Title": "Web Portal for Doctors",
        "Microsoft.VSTS.Scheduling.Effort": 0.0,
        "System.Description": "Web Portal for Doctors",
        "System.AssignedTo": "craig109@outlook.com",
        "Microsoft.VSTS.Scheduling.RemainingWork": 0.0,
        "Microsoft.VSTS.Common.Priority": 2.0,
        "System.BoardLane": null,
        "System.Tags": null,
        "Microsoft.VSTS.TCM.Steps": null,
        "Microsoft.VSTS.TCM.Parameters": null,
        "Microsoft.VSTS.TCM.LocalDataSource": null,
        "Microsoft.VSTS.TCM.AutomationStatus": null,
        "System.History": null
      },
      "relations": [
        {
          "rel": "System.LinkTypes.Hierarchy-Forward",
          "url": "https://dev.azure.com/TestDemoGenerate/_apis/wit/workItems/477",
          "attributes": {
            "isLocked": "false",
            "comment": "Making a new link for the dependency",
            "name": "Child"
          }
        },
        {
          "rel": "System.LinkTypes.Hierarchy-Forward",
          "url": "https://dev.azure.com/TestDemoGenerate/_apis/wit/workItems/473",
          "attributes": {
            "isLocked": "false",
            "comment": "Making a new link for the dependency",
            "name": "Child"
          }
        }
      ],
      "url": "https://dev.azure.com/TestDemoGenerate/_apis/wit/workItems/589"
    },
    {
      "id": 588,
      "rev": 2,
      "fields": {
        "System.AreaPath": "MyHealthClinic2",
        "System.TeamProject": "MyHealthClinic2",
        "System.IterationPath": "MyHealthClinic2",
        "System.WorkItemType": "Epic",
        "System.State": "New",
        "System.Reason": "New epic",
        "System.CreatedDate": "2019-06-13T13:43:30.857Z",
        "System.CreatedBy": "Manjunatha N <manjunatha.n@ecanarys.com>",
        "System.ChangedDate": "2019-06-16T14:50:48.537Z",
        "System.ChangedBy": "Manjunatha N <manjunatha.n@ecanarys.com>",
        "System.Title": "Patient Mobile App",
        "Microsoft.VSTS.Scheduling.Effort": 0.0,
        "System.Description": "Patient Mobile App",
        "System.AssignedTo": "lsteel109@outlook.com",
        "Microsoft.VSTS.Scheduling.RemainingWork": 0.0,
        "Microsoft.VSTS.Common.Priority": 2.0,
        "System.BoardLane": null,
        "System.Tags": null,
        "Microsoft.VSTS.TCM.Steps": null,
        "Microsoft.VSTS.TCM.Parameters": null,
        "Microsoft.VSTS.TCM.LocalDataSource": null,
        "Microsoft.VSTS.TCM.AutomationStatus": null,
        "System.History": null
      },
      "relations": [
        {
          "rel": "System.LinkTypes.Hierarchy-Forward",
          "url": "https://dev.azure.com/TestDemoGenerate/_apis/wit/workItems/472",
          "attributes": {
            "isLocked": "false",
            "comment": "Making a new link for the dependency",
            "name": "Child"
          }
        },
        {
          "rel": "System.LinkTypes.Hierarchy-Forward",
          "url": "https://dev.azure.com/TestDemoGenerate/_apis/wit/workItems/471",
          "attributes": {
            "isLocked": "false",
            "comment": "Making a new link for the dependency",
            "name": "Child"
          }
        }
      ],
      "url": "https://dev.azure.com/TestDemoGenerate/_apis/wit/workItems/588"
    },
    {
      "id": 587,
      "rev": 2,
      "fields": {
        "System.AreaPath": "MyHealthClinic2",
        "System.TeamProject": "MyHealthClinic2",
        "System.IterationPath": "MyHealthClinic2",
        "System.WorkItemType": "Epic",
        "System.State": "New",
        "System.Reason": "New epic",
        "System.CreatedDate": "2019-06-13T13:43:30.38Z",
        "System.CreatedBy": "Manjunatha N <manjunatha.n@ecanarys.com>",
        "System.ChangedDate": "2019-06-16T14:50:48.537Z",
        "System.ChangedBy": "Manjunatha N <manjunatha.n@ecanarys.com>",
        "System.Title": "Fianance Management",
        "Microsoft.VSTS.Scheduling.Effort": 0.0,
        "System.Description": "Fianance Management",
        "System.AssignedTo": "lsteel109@outlook.com",
        "Microsoft.VSTS.Scheduling.RemainingWork": 0.0,
        "Microsoft.VSTS.Common.Priority": 2.0,
        "System.BoardLane": null,
        "System.Tags": null,
        "Microsoft.VSTS.TCM.Steps": null,
        "Microsoft.VSTS.TCM.Parameters": null,
        "Microsoft.VSTS.TCM.LocalDataSource": null,
        "Microsoft.VSTS.TCM.AutomationStatus": null,
        "System.History": null
      },
      "relations": [
        {
          "rel": "System.LinkTypes.Hierarchy-Forward",
          "url": "https://dev.azure.com/TestDemoGenerate/_apis/wit/workItems/476",
          "attributes": {
            "isLocked": "false",
            "comment": "Making a new link for the dependency",
            "name": "Child"
          }
        }
      ],
      "url": "https://dev.azure.com/TestDemoGenerate/_apis/wit/workItems/587"
    },
    {
      "id": 586,
      "rev": 2,
      "fields": {
        "System.AreaPath": "MyHealthClinic2",
        "System.TeamProject": "MyHealthClinic2",
        "System.IterationPath": "MyHealthClinic2",
        "System.WorkItemType": "Epic",
        "System.State": "New",
        "System.Reason": "New epic",
        "System.CreatedDate": "2019-06-13T13:43:29.913Z",
        "System.CreatedBy": "Manjunatha N <manjunatha.n@ecanarys.com>",
        "System.ChangedDate": "2019-06-16T14:50:48.537Z",
        "System.ChangedBy": "Manjunatha N <manjunatha.n@ecanarys.com>",
        "System.Title": "Patient Information",
        "Microsoft.VSTS.Scheduling.Effort": 0.0,
        "System.Description": "Patient Information",
        "System.AssignedTo": "lsteel109@outlook.com",
        "Microsoft.VSTS.Scheduling.RemainingWork": 0.0,
        "Microsoft.VSTS.Common.Priority": 2.0,
        "System.BoardLane": null,
        "System.Tags": null,
        "Microsoft.VSTS.TCM.Steps": null,
        "Microsoft.VSTS.TCM.Parameters": null,
        "Microsoft.VSTS.TCM.LocalDataSource": null,
        "Microsoft.VSTS.TCM.AutomationStatus": null,
        "System.History": null
      },
      "relations": [
        {
          "rel": "System.LinkTypes.Hierarchy-Forward",
          "url": "https://dev.azure.com/TestDemoGenerate/_apis/wit/workItems/474",
          "attributes": {
            "isLocked": "false",
            "comment": "Making a new link for the dependency",
            "name": "Child"
          }
        },
        {
          "rel": "System.LinkTypes.Hierarchy-Forward",
          "url": "https://dev.azure.com/TestDemoGenerate/_apis/wit/workItems/470",
          "attributes": {
            "isLocked": "false",
            "comment": "Making a new link for the dependency",
            "name": "Child"
          }
        }
      ],
      "url": "https://dev.azure.com/TestDemoGenerate/_apis/wit/workItems/586"
    }
  ],
  "HttpStatusCode": 0,
  "Message": null
}